[22-Sep-2026 21:16:38 UTC] PHP Notice:  Function wpdb::prepare was called <strong>incorrectly</strong>. The query argument of wpdb::prepare() must have a placeholder. Please see <a href="https://developer.wordpress.org/advanced-administration/debug/debug-wordpress/">Debugging in WordPress</a> for more information. (This message was added in version 3.9.0.) in C:\xampp\htdocs\malumere\wp-includes\functions.php on line 6260
[22-Sep-2026 21:16:59 UTC] PHP Notice:  Function wpdb::prepare was called <strong>incorrectly</strong>. The query argument of wpdb::prepare() must have a placeholder. Please see <a href="https://developer.wordpress.org/advanced-administration/debug/debug-wordpress/">Debugging in WordPress</a> for more information. (This message was added in version 3.9.0.) in C:\xampp\htdocs\malumere\wp-includes\functions.php on line 6260
[22-Sep-2026 21:27:50 UTC] ML Clinic: confirmation email not sent for appointment 1: Email sending is disabled for this environment.
[22-Sep-2026 21:27:50 UTC] PHP Warning:  Undefined array key "patient_email" in C:\Users\Jay\AppData\Local\Temp\opencode\smoke5.php on line 68
[22-Sep-2026 21:27:50 UTC] ML Clinic: reschedule email not sent for appointment 2: Email sending is disabled for this environment.
[22-Sep-2026 21:27:50 UTC] ML Clinic: confirmation email not sent for appointment 3: Email sending is disabled for this environment.
[22-Sep-2026 21:27:50 UTC] ML Clinic: cancellation email not sent for appointment 3: Email sending is disabled for this environment.
[22-Sep-2026 21:28:57 UTC] ML Clinic: confirmation email not sent for appointment 5: Email sending is disabled for this environment.
[22-Sep-2026 21:28:57 UTC] PHP Warning:  Undefined array key "patient_email" in C:\Users\Jay\AppData\Local\Temp\opencode\smoke5.php on line 71
[22-Sep-2026 21:28:57 UTC] ML Clinic: reschedule email not sent for appointment 6: Email sending is disabled for this environment.
[22-Sep-2026 21:29:03 UTC] ML Clinic: confirmation email not sent for appointment 8: Email sending is disabled for this environment.
[22-Sep-2026 21:29:03 UTC] PHP Warning:  Undefined array key "patient_email" in C:\Users\Jay\AppData\Local\Temp\opencode\smoke5.php on line 71
[22-Sep-2026 21:29:03 UTC] ML Clinic: reschedule email not sent for appointment 9: Email sending is disabled for this environment.
[22-Sep-2026 21:29:03 UTC] ML Clinic: confirmation email not sent for appointment 10: Email sending is disabled for this environment.
[22-Sep-2026 21:29:03 UTC] ML Clinic: cancellation email not sent for appointment 10: Email sending is disabled for this environment.
[22-Sep-2026 21:35:59 UTC] PHP Notice:  Function wpdb::prepare was called <strong>incorrectly</strong>. The query argument of wpdb::prepare() must have a placeholder. Please see <a href="https://developer.wordpress.org/advanced-administration/debug/debug-wordpress/">Debugging in WordPress</a> for more information. (This message was added in version 3.9.0.) in C:\xampp\htdocs\malumere\wp-includes\functions.php on line 6260
[22-Sep-2026 21:35:59 UTC] PHP Notice:  Function wpdb::prepare was called <strong>incorrectly</strong>. The query argument of wpdb::prepare() must have a placeholder. Please see <a href="https://developer.wordpress.org/advanced-administration/debug/debug-wordpress/">Debugging in WordPress</a> for more information. (This message was added in version 3.9.0.) in C:\xampp\htdocs\malumere\wp-includes\functions.php on line 6260
[22-Sep-2026 21:35:59 UTC] PHP Warning:  Undefined array key "doctor_name" in C:\xampp\htdocs\malumere\wp-content\plugins\ma-lumiere-clinic-manager\admin\views\_appointment-list.php on line 109
[22-Sep-2026 21:35:59 UTC] PHP Warning:  Undefined array key "doctor_name" in C:\xampp\htdocs\malumere\wp-content\plugins\ma-lumiere-clinic-manager\admin\views\_appointment-list.php on line 109
[22-Sep-2026 21:35:59 UTC] PHP Warning:  Undefined array key "doctor_name" in C:\xampp\htdocs\malumere\wp-content\plugins\ma-lumiere-clinic-manager\admin\views\_appointment-list.php on line 109
[22-Sep-2026 21:35:59 UTC] PHP Warning:  Undefined array key "doctor_name" in C:\xampp\htdocs\malumere\wp-content\plugins\ma-lumiere-clinic-manager\admin\views\_appointment-list.php on line 109
[22-Sep-2026 21:35:59 UTC] PHP Warning:  Undefined array key "doctor_name" in C:\xampp\htdocs\malumere\wp-content\plugins\ma-lumiere-clinic-manager\admin\views\_appointment-list.php on line 109
[22-Sep-2026 21:35:59 UTC] PHP Warning:  Undefined array key "doctor_name" in C:\xampp\htdocs\malumere\wp-content\plugins\ma-lumiere-clinic-manager\admin\views\_appointment-list.php on line 109
[22-Sep-2026 21:35:59 UTC] PHP Warning:  Undefined array key "doctor_name" in C:\xampp\htdocs\malumere\wp-content\plugins\ma-lumiere-clinic-manager\admin\views\_appointment-list.php on line 109
[22-Sep-2026 21:35:59 UTC] PHP Warning:  Undefined array key "doctor_name" in C:\xampp\htdocs\malumere\wp-content\plugins\ma-lumiere-clinic-manager\admin\views\_appointment-list.php on line 109
[22-Sep-2026 21:35:59 UTC] PHP Warning:  Undefined array key "doctor_name" in C:\xampp\htdocs\malumere\wp-content\plugins\ma-lumiere-clinic-manager\admin\views\_appointment-list.php on line 109
[22-Sep-2026 21:35:59 UTC] PHP Warning:  Undefined array key "doctor_name" in C:\xampp\htdocs\malumere\wp-content\plugins\ma-lumiere-clinic-manager\admin\views\_appointment-list.php on line 109
[22-Sep-2026 21:35:59 UTC] PHP Warning:  Undefined array key "doctor_name" in C:\xampp\htdocs\malumere\wp-content\plugins\ma-lumiere-clinic-manager\admin\views\_appointment-list.php on line 109
[22-Sep-2026 21:35:59 UTC] PHP Notice:  Function wpdb::prepare was called <strong>incorrectly</strong>. The query argument of wpdb::prepare() must have a placeholder. Please see <a href="https://developer.wordpress.org/advanced-administration/debug/debug-wordpress/">Debugging in WordPress</a> for more information. (This message was added in version 3.9.0.) in C:\xampp\htdocs\malumere\wp-includes\functions.php on line 6260
[22-Sep-2026 21:35:59 UTC] PHP Notice:  Function wpdb::prepare was called <strong>incorrectly</strong>. The query argument of wpdb::prepare() must have a placeholder. Please see <a href="https://developer.wordpress.org/advanced-administration/debug/debug-wordpress/">Debugging in WordPress</a> for more information. (This message was added in version 3.9.0.) in C:\xampp\htdocs\malumere\wp-includes\functions.php on line 6260
[22-Sep-2026 21:35:59 UTC] PHP Notice:  Function wpdb::prepare was called <strong>incorrectly</strong>. The query argument of wpdb::prepare() must have a placeholder. Please see <a href="https://developer.wordpress.org/advanced-administration/debug/debug-wordpress/">Debugging in WordPress</a> for more information. (This message was added in version 3.9.0.) in C:\xampp\htdocs\malumere\wp-includes\functions.php on line 6260
[22-Sep-2026 21:35:59 UTC] PHP Notice:  Function wpdb::prepare was called <strong>incorrectly</strong>. The query argument of wpdb::prepare() must have a placeholder. Please see <a href="https://developer.wordpress.org/advanced-administration/debug/debug-wordpress/">Debugging in WordPress</a> for more information. (This message was added in version 3.9.0.) in C:\xampp\htdocs\malumere\wp-includes\functions.php on line 6260
[22-Sep-2026 21:36:40 UTC] PHP Warning:  Undefined array key "id" in C:\Users\Jay\AppData\Local\Temp\opencode\https5.php on line 90
[22-Sep-2026 21:38:59 UTC] PHP Warning:  Undefined array key "REQUEST_METHOD" in C:\xampp\htdocs\malumere\wp-includes\pluggable.php on line 807
[22-Sep-2026 21:38:59 UTC] PHP Warning:  Undefined array key "REQUEST_METHOD" in C:\xampp\htdocs\malumere\wp-includes\pluggable.php on line 807
[22-Sep-2026 21:46:31 UTC] ML Clinic: confirmation email not sent for appointment 13: Email sending is disabled for this environment.
[22-Sep-2026 21:47:18 UTC] ML Clinic: confirmation email not sent for appointment 14: Email sending is disabled for this environment.
[22-Sep-2026 21:47:18 UTC] ML Clinic: reschedule email not sent for appointment 15: Email sending is disabled for this environment.
[22-Sep-2026 21:47:18 UTC] ML Clinic: confirmation email not sent for appointment 16: Email sending is disabled for this environment.
[22-Sep-2026 21:47:18 UTC] ML Clinic: cancellation email not sent for appointment 16: Email sending is disabled for this environment.
[22-Sep-2026 21:47:19 UTC] PHP Notice:  Function wpdb::prepare was called <strong>incorrectly</strong>. The query argument of wpdb::prepare() must have a placeholder. Please see <a href="https://developer.wordpress.org/advanced-administration/debug/debug-wordpress/">Debugging in WordPress</a> for more information. (This message was added in version 3.9.0.) in C:\xampp\htdocs\malumere\wp-includes\functions.php on line 6260
[22-Sep-2026 21:47:19 UTC] PHP Notice:  Function wpdb::prepare was called <strong>incorrectly</strong>. The query argument of wpdb::prepare() must have a placeholder. Please see <a href="https://developer.wordpress.org/advanced-administration/debug/debug-wordpress/">Debugging in WordPress</a> for more information. (This message was added in version 3.9.0.) in C:\xampp\htdocs\malumere\wp-includes\functions.php on line 6260
[22-Sep-2026 21:47:19 UTC] PHP Warning:  Undefined array key "doctor_name" in C:\xampp\htdocs\malumere\wp-content\plugins\ma-lumiere-clinic-manager\admin\views\_appointment-list.php on line 109
[22-Sep-2026 21:47:19 UTC] PHP Warning:  Undefined array key "doctor_name" in C:\xampp\htdocs\malumere\wp-content\plugins\ma-lumiere-clinic-manager\admin\views\_appointment-list.php on line 109
[22-Sep-2026 21:47:19 UTC] PHP Warning:  Undefined array key "doctor_name" in C:\xampp\htdocs\malumere\wp-content\plugins\ma-lumiere-clinic-manager\admin\views\_appointment-list.php on line 109
[22-Sep-2026 21:47:19 UTC] PHP Warning:  Undefined array key "doctor_name" in C:\xampp\htdocs\malumere\wp-content\plugins\ma-lumiere-clinic-manager\admin\views\_appointment-list.php on line 109
[22-Sep-2026 21:47:19 UTC] PHP Warning:  Undefined array key "doctor_name" in C:\xampp\htdocs\malumere\wp-content\plugins\ma-lumiere-clinic-manager\admin\views\_appointment-list.php on line 109
[22-Sep-2026 21:47:19 UTC] PHP Warning:  Undefined array key "doctor_name" in C:\xampp\htdocs\malumere\wp-content\plugins\ma-lumiere-clinic-manager\admin\views\_appointment-list.php on line 109
[22-Sep-2026 21:47:19 UTC] PHP Warning:  Undefined array key "doctor_name" in C:\xampp\htdocs\malumere\wp-content\plugins\ma-lumiere-clinic-manager\admin\views\_appointment-list.php on line 109
[22-Sep-2026 21:47:19 UTC] PHP Warning:  Undefined array key "doctor_name" in C:\xampp\htdocs\malumere\wp-content\plugins\ma-lumiere-clinic-manager\admin\views\_appointment-list.php on line 109
[22-Sep-2026 21:47:19 UTC] PHP Warning:  Undefined array key "doctor_name" in C:\xampp\htdocs\malumere\wp-content\plugins\ma-lumiere-clinic-manager\admin\views\_appointment-list.php on line 109
[22-Sep-2026 21:47:19 UTC] PHP Warning:  Undefined array key "doctor_name" in C:\xampp\htdocs\malumere\wp-content\plugins\ma-lumiere-clinic-manager\admin\views\_appointment-list.php on line 109
[22-Sep-2026 21:47:19 UTC] PHP Warning:  Undefined array key "doctor_name" in C:\xampp\htdocs\malumere\wp-content\plugins\ma-lumiere-clinic-manager\admin\views\_appointment-list.php on line 109
[22-Sep-2026 21:47:19 UTC] PHP Warning:  Undefined array key "doctor_name" in C:\xampp\htdocs\malumere\wp-content\plugins\ma-lumiere-clinic-manager\admin\views\_appointment-list.php on line 109
[22-Sep-2026 21:47:19 UTC] PHP Warning:  Undefined array key "doctor_name" in C:\xampp\htdocs\malumere\wp-content\plugins\ma-lumiere-clinic-manager\admin\views\_appointment-list.php on line 109
[22-Sep-2026 21:47:19 UTC] PHP Warning:  Undefined array key "doctor_name" in C:\xampp\htdocs\malumere\wp-content\plugins\ma-lumiere-clinic-manager\admin\views\_appointment-list.php on line 109
[22-Sep-2026 21:47:19 UTC] PHP Warning:  Undefined array key "doctor_name" in C:\xampp\htdocs\malumere\wp-content\plugins\ma-lumiere-clinic-manager\admin\views\_appointment-list.php on line 109
[22-Sep-2026 21:47:19 UTC] PHP Warning:  Undefined array key "doctor_name" in C:\xampp\htdocs\malumere\wp-content\plugins\ma-lumiere-clinic-manager\admin\views\_appointment-list.php on line 109
[22-Sep-2026 21:47:19 UTC] PHP Warning:  Undefined array key "doctor_name" in C:\xampp\htdocs\malumere\wp-content\plugins\ma-lumiere-clinic-manager\admin\views\_appointment-list.php on line 109
[22-Sep-2026 21:47:19 UTC] PHP Notice:  Function wpdb::prepare was called <strong>incorrectly</strong>. The query argument of wpdb::prepare() must have a placeholder. Please see <a href="https://developer.wordpress.org/advanced-administration/debug/debug-wordpress/">Debugging in WordPress</a> for more information. (This message was added in version 3.9.0.) in C:\xampp\htdocs\malumere\wp-includes\functions.php on line 6260
[22-Sep-2026 21:47:19 UTC] PHP Notice:  Function wpdb::prepare was called <strong>incorrectly</strong>. The query argument of wpdb::prepare() must have a placeholder. Please see <a href="https://developer.wordpress.org/advanced-administration/debug/debug-wordpress/">Debugging in WordPress</a> for more information. (This message was added in version 3.9.0.) in C:\xampp\htdocs\malumere\wp-includes\functions.php on line 6260
[22-Sep-2026 21:47:19 UTC] PHP Notice:  Function wpdb::prepare was called <strong>incorrectly</strong>. The query argument of wpdb::prepare() must have a placeholder. Please see <a href="https://developer.wordpress.org/advanced-administration/debug/debug-wordpress/">Debugging in WordPress</a> for more information. (This message was added in version 3.9.0.) in C:\xampp\htdocs\malumere\wp-includes\functions.php on line 6260
[22-Sep-2026 21:47:19 UTC] PHP Notice:  Function wpdb::prepare was called <strong>incorrectly</strong>. The query argument of wpdb::prepare() must have a placeholder. Please see <a href="https://developer.wordpress.org/advanced-administration/debug/debug-wordpress/">Debugging in WordPress</a> for more information. (This message was added in version 3.9.0.) in C:\xampp\htdocs\malumere\wp-includes\functions.php on line 6260
[22-Sep-2026 21:48:44 UTC] PHP Notice:  Function wpdb::prepare was called <strong>incorrectly</strong>. The query argument of wpdb::prepare() must have a placeholder. Please see <a href="https://developer.wordpress.org/advanced-administration/debug/debug-wordpress/">Debugging in WordPress</a> for more information. (This message was added in version 3.9.0.) in C:\xampp\htdocs\malumere\wp-includes\functions.php on line 6260
[22-Sep-2026 21:49:16 UTC] ML Clinic: confirmation email not sent for appointment 19: Email sending is disabled for this environment.
[22-Sep-2026 21:49:16 UTC] ML Clinic: reschedule email not sent for appointment 20: Email sending is disabled for this environment.
[22-Sep-2026 21:49:16 UTC] ML Clinic: confirmation email not sent for appointment 21: Email sending is disabled for this environment.
[22-Sep-2026 21:49:16 UTC] ML Clinic: cancellation email not sent for appointment 21: Email sending is disabled for this environment.
[22-Sep-2026 21:49:22 UTC] ML Clinic: confirmation email not sent for appointment 24: Email sending is disabled for this environment.
[22-Sep-2026 21:49:23 UTC] PHP Warning:  Undefined array key "doctor_name" in C:\xampp\htdocs\malumere\wp-content\plugins\ma-lumiere-clinic-manager\admin\views\_appointment-list.php on line 109
[22-Sep-2026 21:49:23 UTC] PHP Warning:  Undefined array key "doctor_name" in C:\xampp\htdocs\malumere\wp-content\plugins\ma-lumiere-clinic-manager\admin\views\_appointment-list.php on line 109
[22-Sep-2026 21:49:23 UTC] PHP Warning:  Undefined array key "doctor_name" in C:\xampp\htdocs\malumere\wp-content\plugins\ma-lumiere-clinic-manager\admin\views\_appointment-list.php on line 109
[22-Sep-2026 21:49:23 UTC] PHP Warning:  Undefined array key "doctor_name" in C:\xampp\htdocs\malumere\wp-content\plugins\ma-lumiere-clinic-manager\admin\views\_appointment-list.php on line 109
[22-Sep-2026 21:49:23 UTC] PHP Warning:  Undefined array key "doctor_name" in C:\xampp\htdocs\malumere\wp-content\plugins\ma-lumiere-clinic-manager\admin\views\_appointment-list.php on line 109
[22-Sep-2026 21:49:23 UTC] PHP Warning:  Undefined array key "doctor_name" in C:\xampp\htdocs\malumere\wp-content\plugins\ma-lumiere-clinic-manager\admin\views\_appointment-list.php on line 109
[22-Sep-2026 22:23:08 UTC] WordPress database error Unknown column 'status' in 'field list' for query INSERT INTO `wp_ml_visits` (`patient_id`, `visit_number`, `doctor_user_id`, `visit_date`, `chief_complaint`, `diagnosis`, `clinical_notes`, `treatment_plan`, `skin_type`, `fitzpatrick_type`, `skin_sensitivity`, `oiliness_level`, `pigmentation_notes`, `acne_severity`, `scarring_notes`, `hair_loss_pattern`, `hair_density`, `scalp_condition`, `hair_fall_duration`, `status`, `is_locked`, `created_by`, `created_at`, `updated_at`) VALUES (129, 'ML-V-0001', 1, '2026-09-22', 'Melasma both cheeks', 'Melasma', NULL, 'Topical + chemical peel', NULL, 'IV', NULL, NULL, NULL, NULL, NULL, NULL, NULL, NULL, NULL, 'open', 0, 1, '2026-09-22 22:23:08', '2026-09-22 22:23:08') made by ML_Visit_Repository::create
[22-Sep-2026 22:23:08 UTC] WordPress database error Unknown column 'status' in 'field list' for query INSERT INTO `wp_ml_visits` (`patient_id`, `visit_number`, `doctor_user_id`, `visit_date`, `chief_complaint`, `diagnosis`, `clinical_notes`, `treatment_plan`, `skin_type`, `fitzpatrick_type`, `skin_sensitivity`, `oiliness_level`, `pigmentation_notes`, `acne_severity`, `scarring_notes`, `hair_loss_pattern`, `hair_density`, `scalp_condition`, `hair_fall_duration`, `status`, `is_locked`, `created_by`, `created_at`, `updated_at`) VALUES (129, 'ML-V-0001', 1, '2026-09-22', 'Melasma both cheeks', 'Melasma', NULL, 'Topical + chemical peel', NULL, 'IV', NULL, NULL, NULL, NULL, NULL, NULL, NULL, NULL, NULL, 'open', 0, 1, '2026-09-22 22:23:08', '2026-09-22 22:23:08') made by ML_Visit_Repository::create
[22-Sep-2026 22:23:08 UTC] WordPress database error Unknown column 'status' in 'field list' for query INSERT INTO `wp_ml_visits` (`patient_id`, `visit_number`, `doctor_user_id`, `visit_date`, `chief_complaint`, `diagnosis`, `clinical_notes`, `treatment_plan`, `skin_type`, `fitzpatrick_type`, `skin_sensitivity`, `oiliness_level`, `pigmentation_notes`, `acne_severity`, `scarring_notes`, `hair_loss_pattern`, `hair_density`, `scalp_condition`, `hair_fall_duration`, `status`, `is_locked`, `created_by`, `created_at`, `updated_at`) VALUES (129, 'ML-V-0001', 1, '2026-09-22', 'Melasma both cheeks', 'Melasma', NULL, 'Topical + chemical peel', NULL, 'IV', NULL, NULL, NULL, NULL, NULL, NULL, NULL, NULL, NULL, 'open', 0, 1, '2026-09-22 22:23:08', '2026-09-22 22:23:08') made by ML_Visit_Repository::create
[22-Sep-2026 22:23:08 UTC] WordPress database error Unknown column 'status' in 'field list' for query INSERT INTO `wp_ml_visits` (`patient_id`, `visit_number`, `doctor_user_id`, `visit_date`, `chief_complaint`, `diagnosis`, `clinical_notes`, `treatment_plan`, `skin_type`, `fitzpatrick_type`, `skin_sensitivity`, `oiliness_level`, `pigmentation_notes`, `acne_severity`, `scarring_notes`, `hair_loss_pattern`, `hair_density`, `scalp_condition`, `hair_fall_duration`, `status`, `is_locked`, `created_by`, `created_at`, `updated_at`) VALUES (129, 'ML-V-0001', 1, '2026-09-22', 'Acne follow-up', NULL, NULL, NULL, NULL, NULL, NULL, NULL, NULL, NULL, NULL, NULL, NULL, NULL, NULL, 'open', 0, 1, '2026-09-22 22:23:08', '2026-09-22 22:23:08') made by ML_Visit_Repository::create
[22-Sep-2026 22:23:08 UTC] WordPress database error Unknown column 'status' in 'field list' for query INSERT INTO `wp_ml_visits` (`patient_id`, `visit_number`, `doctor_user_id`, `visit_date`, `chief_complaint`, `diagnosis`, `clinical_notes`, `treatment_plan`, `skin_type`, `fitzpatrick_type`, `skin_sensitivity`, `oiliness_level`, `pigmentation_notes`, `acne_severity`, `scarring_notes`, `hair_loss_pattern`, `hair_density`, `scalp_condition`, `hair_fall_duration`, `status`, `is_locked`, `created_by`, `created_at`, `updated_at`) VALUES (129, 'ML-V-0001', 1, '2026-09-22', 'Acne follow-up', NULL, NULL, NULL, NULL, NULL, NULL, NULL, NULL, NULL, NULL, NULL, NULL, NULL, NULL, 'open', 0, 1, '2026-09-22 22:23:08', '2026-09-22 22:23:08') made by ML_Visit_Repository::create
[22-Sep-2026 22:23:08 UTC] WordPress database error Unknown column 'status' in 'field list' for query INSERT INTO `wp_ml_visits` (`patient_id`, `visit_number`, `doctor_user_id`, `visit_date`, `chief_complaint`, `diagnosis`, `clinical_notes`, `treatment_plan`, `skin_type`, `fitzpatrick_type`, `skin_sensitivity`, `oiliness_level`, `pigmentation_notes`, `acne_severity`, `scarring_notes`, `hair_loss_pattern`, `hair_density`, `scalp_condition`, `hair_fall_duration`, `status`, `is_locked`, `created_by`, `created_at`, `updated_at`) VALUES (129, 'ML-V-0001', 1, '2026-09-22', 'Acne follow-up', NULL, NULL, NULL, NULL, NULL, NULL, NULL, NULL, NULL, NULL, NULL, NULL, NULL, NULL, 'open', 0, 1, '2026-09-22 22:23:08', '2026-09-22 22:23:08') made by ML_Visit_Repository::create
[22-Sep-2026 22:23:08 UTC] PHP Warning:  Object of class WP_Error could not be converted to int in C:\xampp\htdocs\malumere\wp-includes\load.php on line 1469
[22-Sep-2026 22:23:08 UTC] PHP Warning:  Object of class WP_Error could not be converted to int in C:\xampp\htdocs\malumere\wp-includes\load.php on line 1469
[22-Sep-2026 22:23:08 UTC] PHP Warning:  Object of class WP_Error could not be converted to int in C:\xampp\htdocs\malumere\wp-includes\load.php on line 1469
[22-Sep-2026 22:23:08 UTC] PHP Warning:  Object of class WP_Error could not be converted to int in C:\xampp\htdocs\malumere\wp-includes\load.php on line 1469
[22-Sep-2026 22:23:08 UTC] PHP Warning:  Object of class WP_Error could not be converted to int in C:\xampp\htdocs\malumere\wp-includes\load.php on line 1469
[22-Sep-2026 22:23:08 UTC] PHP Warning:  Object of class WP_Error could not be converted to int in C:\xampp\htdocs\malumere\wp-includes\load.php on line 1469
[22-Sep-2026 22:23:08 UTC] PHP Warning:  Object of class WP_Error could not be converted to int in C:\Users\Jay\AppData\Local\Temp\opencode\smoke6.php on line 112
[22-Sep-2026 22:23:08 UTC] WordPress database error Duplicate entry 'ML-RX-000001' for key 'prescription_number' for query UPDATE `wp_ml_prescriptions` SET `prescription_number` = 'ML-RX-000001', `status` = 'final', `finalized_at` = '2026-09-22 22:23:08', `finalized_by` = 1, `updated_at` = '2026-09-22 22:23:08' WHERE `id` = 2 made by ML_Prescription_Service::finalize, ML_Prescription_Repository::finalize
[22-Sep-2026 22:23:09 UTC] PHP Warning:  Undefined array key 0 in C:\Users\Jay\AppData\Local\Temp\opencode\smoke6.php on line 203
[22-Sep-2026 22:23:09 UTC] PHP Warning:  Trying to access array offset on value of type null in C:\Users\Jay\AppData\Local\Temp\opencode\smoke6.php on line 203
[22-Sep-2026 22:23:30 UTC] WordPress database error Unknown column 'status' in 'field list' for query INSERT INTO `wp_ml_visits` (`patient_id`, `visit_number`, `doctor_user_id`, `visit_date`, `chief_complaint`, `diagnosis`, `clinical_notes`, `treatment_plan`, `skin_type`, `fitzpatrick_type`, `skin_sensitivity`, `oiliness_level`, `pigmentation_notes`, `acne_severity`, `scarring_notes`, `hair_loss_pattern`, `hair_density`, `scalp_condition`, `hair_fall_duration`, `status`, `is_locked`, `created_by`, `created_at`, `updated_at`) VALUES (130, 'ML-V-0001', 1, '2026-09-22', 'Test complaint', 'Test diagnosis', NULL, NULL, NULL, NULL, NULL, NULL, NULL, NULL, NULL, NULL, NULL, NULL, NULL, 'open', 0, 1, '2026-09-22 22:23:30', '2026-09-22 22:23:30') made by ML_Visit_Repository::create
[22-Sep-2026 22:23:30 UTC] WordPress database error Unknown column 'status' in 'field list' for query INSERT INTO `wp_ml_visits` (`patient_id`, `visit_number`, `doctor_user_id`, `visit_date`, `chief_complaint`, `diagnosis`, `clinical_notes`, `treatment_plan`, `skin_type`, `fitzpatrick_type`, `skin_sensitivity`, `oiliness_level`, `pigmentation_notes`, `acne_severity`, `scarring_notes`, `hair_loss_pattern`, `hair_density`, `scalp_condition`, `hair_fall_duration`, `status`, `is_locked`, `created_by`, `created_at`, `updated_at`) VALUES (130, 'ML-V-0001', 1, '2026-09-22', 'Test complaint', 'Test diagnosis', NULL, NULL, NULL, NULL, NULL, NULL, NULL, NULL, NULL, NULL, NULL, NULL, NULL, 'open', 0, 1, '2026-09-22 22:23:30', '2026-09-22 22:23:30') made by ML_Visit_Repository::create
[22-Sep-2026 22:23:30 UTC] WordPress database error Unknown column 'status' in 'field list' for query INSERT INTO `wp_ml_visits` (`patient_id`, `visit_number`, `doctor_user_id`, `visit_date`, `chief_complaint`, `diagnosis`, `clinical_notes`, `treatment_plan`, `skin_type`, `fitzpatrick_type`, `skin_sensitivity`, `oiliness_level`, `pigmentation_notes`, `acne_severity`, `scarring_notes`, `hair_loss_pattern`, `hair_density`, `scalp_condition`, `hair_fall_duration`, `status`, `is_locked`, `created_by`, `created_at`, `updated_at`) VALUES (130, 'ML-V-0001', 1, '2026-09-22', 'Test complaint', 'Test diagnosis', NULL, NULL, NULL, NULL, NULL, NULL, NULL, NULL, NULL, NULL, NULL, NULL, NULL, 'open', 0, 1, '2026-09-22 22:23:30', '2026-09-22 22:23:30') made by ML_Visit_Repository::create
[22-Sep-2026 22:24:10 UTC] WordPress database error Unknown column 'status' in 'field list' for query INSERT INTO `wp_ml_visits` (`patient_id`, `visit_number`, `doctor_user_id`, `visit_date`, `chief_complaint`, `diagnosis`, `clinical_notes`, `treatment_plan`, `skin_type`, `fitzpatrick_type`, `skin_sensitivity`, `oiliness_level`, `pigmentation_notes`, `acne_severity`, `scarring_notes`, `hair_loss_pattern`, `hair_density`, `scalp_condition`, `hair_fall_duration`, `status`, `is_locked`, `created_by`, `created_at`, `updated_at`) VALUES ('130', 'ML-V-0001', '1', '2026-09-23', 'Test', 'Test', NULL, NULL, NULL, NULL, NULL, NULL, NULL, NULL, NULL, NULL, NULL, NULL, NULL, 'open', '0', '1', '2026-09-23 10:00:00', '2026-09-23 10:00:00')
[22-Sep-2026 22:25:56 UTC] PHP Parse error:  syntax error, unexpected variable "$where_sql", expecting "function" or "const" in C:\xampp\htdocs\malumere\wp-content\plugins\ma-lumiere-clinic-manager\includes\class-followup-repository.php on line 257
[22-Sep-2026 22:26:04 UTC] PHP Parse error:  syntax error, unexpected variable "$where_sql", expecting "function" or "const" in C:\xampp\htdocs\malumere\wp-content\plugins\ma-lumiere-clinic-manager\includes\class-followup-repository.php on line 257
[22-Sep-2026 22:26:25 UTC] PHP Parse error:  syntax error, unexpected variable "$where_sql", expecting "function" or "const" in C:\xampp\htdocs\malumere\wp-content\plugins\ma-lumiere-clinic-manager\includes\class-followup-repository.php on line 257
[22-Sep-2026 22:27:18 UTC] WordPress database error Duplicate entry 'ML-RX-000001' for key 'prescription_number' for query UPDATE `wp_ml_prescriptions` SET `prescription_number` = 'ML-RX-000001', `status` = 'final', `finalized_at` = '2026-09-22 22:27:18', `finalized_by` = 1, `updated_at` = '2026-09-22 22:27:18' WHERE `id` = 8 made by ML_Prescription_Service::finalize, ML_Prescription_Repository::finalize
[22-Sep-2026 22:27:18 UTC] PHP Fatal error:  Uncaught Error: Call to undefined function wp_get_attachment_mime_type() in C:\xampp\htdocs\malumere\wp-content\plugins\ma-lumiere-clinic-manager\includes\class-prescription-pdf.php:179
Stack trace:
#0 C:\xampp\htdocs\malumere\wp-content\plugins\ma-lumiere-clinic-manager\includes\class-prescription-pdf.php(63): ML_Prescription_Pdf::signature_html()
#1 C:\xampp\htdocs\malumere\wp-content\plugins\ma-lumiere-clinic-manager\includes\class-prescription-service.php(182): ML_Prescription_Pdf::generate(7)
#2 C:\Users\Jay\AppData\Local\Temp\opencode\smoke6.php(146): ML_Prescription_Service::pdf(7)
#3 {main}
  thrown in C:\xampp\htdocs\malumere\wp-content\plugins\ma-lumiere-clinic-manager\includes\class-prescription-pdf.php on line 179
[22-Sep-2026 22:27:47 UTC] WordPress database error Duplicate entry 'ML-RX-000004' for key 'prescription_number' for query UPDATE `wp_ml_prescriptions` SET `prescription_number` = 'ML-RX-000004', `status` = 'final', `finalized_at` = '2026-09-22 22:27:47', `finalized_by` = 1, `updated_at` = '2026-09-22 22:27:47' WHERE `id` = 12 made by ML_Prescription_Service::finalize, ML_Prescription_Repository::finalize
[22-Sep-2026 22:28:01 UTC] WordPress database error Duplicate entry 'ML-RX-000006' for key 'prescription_number' for query UPDATE `wp_ml_prescriptions` SET `prescription_number` = 'ML-RX-000006', `status` = 'final', `finalized_at` = '2026-09-22 22:28:01', `finalized_by` = 1, `updated_at` = '2026-09-22 22:28:01' WHERE `id` = 15 made by ML_Prescription_Repository::finalize
[22-Sep-2026 22:28:29 UTC] WordPress database error Duplicate entry 'ML-RX-000006' for key 'prescription_number' for query UPDATE `wp_ml_prescriptions` SET `prescription_number` = 'ML-RX-000006', `status` = 'final', `finalized_at` = '2026-09-22 22:28:29', `finalized_by` = 1, `updated_at` = '2026-09-22 22:28:29' WHERE `id` = 15
[22-Sep-2026 22:30:23 UTC] WordPress database error Duplicate key name 'prescription_number' for query ALTER TABLE wp_ml_prescriptions ADD KEY `prescription_number` (`prescription_number`) made by ML_Database::maybe_upgrade, dbDelta
[22-Sep-2026 22:30:29 UTC] WordPress database error Duplicate entry 'ML-RX-000008' for key 'prescription_number' for query UPDATE `wp_ml_prescriptions` SET `prescription_number` = 'ML-RX-000008', `status` = 'final', `finalized_at` = '2026-09-22 22:30:29', `finalized_by` = 1, `updated_at` = '2026-09-22 22:30:29' WHERE `id` = 18 made by ML_Prescription_Service::finalize, ML_Prescription_Repository::finalize
[22-Sep-2026 22:30:34 UTC] WordPress database error Duplicate entry 'ML-RX-000010' for key 'prescription_number' for query UPDATE `wp_ml_prescriptions` SET `prescription_number` = 'ML-RX-000010', `status` = 'final', `finalized_at` = '2026-09-22 22:30:34', `finalized_by` = 1, `updated_at` = '2026-09-22 22:30:34' WHERE `id` = 21 made by ML_Prescription_Repository::finalize
[22-Sep-2026 22:30:49 UTC] WordPress database error Duplicate key name 'prescription_number' for query ALTER TABLE wp_ml_prescriptions ADD KEY `prescription_number` (`prescription_number`) made by ML_Database::maybe_upgrade, dbDelta
[22-Sep-2026 22:34:43 UTC] PHP Notice:  Function WP_Icon_Collections_Registry::register was called <strong>incorrectly</strong>. Icon collection is already registered. Please see <a href="https://developer.wordpress.org/advanced-administration/debug/debug-wordpress/">Debugging in WordPress</a> for more information. (This message was added in version 7.1.0.) in C:\xampp\htdocs\malumere\wp-includes\functions.php on line 6260
[22-Sep-2026 22:34:43 UTC] PHP Notice:  Function WP_Font_Library::register_font_collection was called <strong>incorrectly</strong>. Font collection with slug: "google-fonts" is already registered. Please see <a href="https://developer.wordpress.org/advanced-administration/debug/debug-wordpress/">Debugging in WordPress</a> for more information. (This message was added in version 6.5.0.) in C:\xampp\htdocs\malumere\wp-includes\functions.php on line 6260
[22-Sep-2026 22:34:43 UTC] PHP Notice:  Function WP_Icons_Registry::register was called <strong>incorrectly</strong>. Icon is already registered. Please see <a href="https://developer.wordpress.org/advanced-administration/debug/debug-wordpress/">Debugging in WordPress</a> for more information. (This message was added in version 7.1.0.) in C:\xampp\htdocs\malumere\wp-includes\functions.php on line 6260
[22-Sep-2026 22:34:43 UTC] PHP Notice:  Function WP_Icons_Registry::register was called <strong>incorrectly</strong>. Icon is already registered. Please see <a href="https://developer.wordpress.org/advanced-administration/debug/debug-wordpress/">Debugging in WordPress</a> for more information. (This message was added in version 7.1.0.) in C:\xampp\htdocs\malumere\wp-includes\functions.php on line 6260
[22-Sep-2026 22:34:43 UTC] PHP Notice:  Function WP_Icons_Registry::register was called <strong>incorrectly</strong>. Icon is already registered. Please see <a href="https://developer.wordpress.org/advanced-administration/debug/debug-wordpress/">Debugging in WordPress</a> for more information. (This message was added in version 7.1.0.) in C:\xampp\htdocs\malumere\wp-includes\functions.php on line 6260
[22-Sep-2026 22:34:43 UTC] PHP Notice:  Function WP_Icons_Registry::register was called <strong>incorrectly</strong>. Icon is already registered. Please see <a href="https://developer.wordpress.org/advanced-administration/debug/debug-wordpress/">Debugging in WordPress</a> for more information. (This message was added in version 7.1.0.) in C:\xampp\htdocs\malumere\wp-includes\functions.php on line 6260
[22-Sep-2026 22:34:43 UTC] PHP Notice:  Function WP_Icons_Registry::register was called <strong>incorrectly</strong>. Icon is already registered. Please see <a href="https://developer.wordpress.org/advanced-administration/debug/debug-wordpress/">Debugging in WordPress</a> for more information. (This message was added in version 7.1.0.) in C:\xampp\htdocs\malumere\wp-includes\functions.php on line 6260
[22-Sep-2026 22:34:43 UTC] PHP Notice:  Function WP_Icons_Registry::register was called <strong>incorrectly</strong>. Icon is already registered. Please see <a href="https://developer.wordpress.org/advanced-administration/debug/debug-wordpress/">Debugging in WordPress</a> for more information. (This message was added in version 7.1.0.) in C:\xampp\htdocs\malumere\wp-includes\functions.php on line 6260
[22-Sep-2026 22:34:43 UTC] PHP Notice:  Function WP_Icons_Registry::register was called <strong>incorrectly</strong>. Icon is already registered. Please see <a href="https://developer.wordpress.org/advanced-administration/debug/debug-wordpress/">Debugging in WordPress</a> for more information. (This message was added in version 7.1.0.) in C:\xampp\htdocs\malumere\wp-includes\functions.php on line 6260
[22-Sep-2026 22:34:43 UTC] PHP Notice:  Function WP_Icons_Registry::register was called <strong>incorrectly</strong>. Icon is already registered. Please see <a href="https://developer.wordpress.org/advanced-administration/debug/debug-wordpress/">Debugging in WordPress</a> for more information. (This message was added in version 7.1.0.) in C:\xampp\htdocs\malumere\wp-includes\functions.php on line 6260
[22-Sep-2026 22:34:43 UTC] PHP Notice:  Function WP_Icons_Registry::register was called <strong>incorrectly</strong>. Icon is already registered. Please see <a href="https://developer.wordpress.org/advanced-administration/debug/debug-wordpress/">Debugging in WordPress</a> for more information. (This message was added in version 7.1.0.) in C:\xampp\htdocs\malumere\wp-includes\functions.php on line 6260
[22-Sep-2026 22:34:43 UTC] PHP Notice:  Function WP_Icons_Registry::register was called <strong>incorrectly</strong>. Icon is already registered. Please see <a href="https://developer.wordpress.org/advanced-administration/debug/debug-wordpress/">Debugging in WordPress</a> for more information. (This message was added in version 7.1.0.) in C:\xampp\htdocs\malumere\wp-includes\functions.php on line 6260
[22-Sep-2026 22:34:43 UTC] PHP Notice:  Function WP_Icons_Registry::register was called <strong>incorrectly</strong>. Icon is already registered. Please see <a href="https://developer.wordpress.org/advanced-administration/debug/debug-wordpress/">Debugging in WordPress</a> for more information. (This message was added in version 7.1.0.) in C:\xampp\htdocs\malumere\wp-includes\functions.php on line 6260
[22-Sep-2026 22:34:43 UTC] PHP Notice:  Function WP_Icons_Registry::register was called <strong>incorrectly</strong>. Icon is already registered. Please see <a href="https://developer.wordpress.org/advanced-administration/debug/debug-wordpress/">Debugging in WordPress</a> for more information. (This message was added in version 7.1.0.) in C:\xampp\htdocs\malumere\wp-includes\functions.php on line 6260
[22-Sep-2026 22:34:43 UTC] PHP Notice:  Function WP_Icons_Registry::register was called <strong>incorrectly</strong>. Icon is already registered. Please see <a href="https://developer.wordpress.org/advanced-administration/debug/debug-wordpress/">Debugging in WordPress</a> for more information. (This message was added in version 7.1.0.) in C:\xampp\htdocs\malumere\wp-includes\functions.php on line 6260
[22-Sep-2026 22:34:43 UTC] PHP Notice:  Function WP_Icons_Registry::register was called <strong>incorrectly</strong>. Icon is already registered. Please see <a href="https://developer.wordpress.org/advanced-administration/debug/debug-wordpress/">Debugging in WordPress</a> for more information. (This message was added in version 7.1.0.) in C:\xampp\htdocs\malumere\wp-includes\functions.php on line 6260
[22-Sep-2026 22:34:43 UTC] PHP Notice:  Function WP_Icons_Registry::register was called <strong>incorrectly</strong>. Icon is already registered. Please see <a href="https://developer.wordpress.org/advanced-administration/debug/debug-wordpress/">Debugging in WordPress</a> for more information. (This message was added in version 7.1.0.) in C:\xampp\htdocs\malumere\wp-includes\functions.php on line 6260
[22-Sep-2026 22:34:43 UTC] PHP Notice:  Function WP_Icons_Registry::register was called <strong>incorrectly</strong>. Icon is already registered. Please see <a href="https://developer.wordpress.org/advanced-administration/debug/debug-wordpress/">Debugging in WordPress</a> for more information. (This message was added in version 7.1.0.) in C:\xampp\htdocs\malumere\wp-includes\functions.php on line 6260
[22-Sep-2026 22:34:43 UTC] PHP Notice:  Function WP_Icons_Registry::register was called <strong>incorrectly</strong>. Icon is already registered. Please see <a href="https://developer.wordpress.org/advanced-administration/debug/debug-wordpress/">Debugging in WordPress</a> for more information. (This message was added in version 7.1.0.) in C:\xampp\htdocs\malumere\wp-includes\functions.php on line 6260
[22-Sep-2026 22:34:43 UTC] PHP Notice:  Function WP_Icons_Registry::register was called <strong>incorrectly</strong>. Icon is already registered. Please see <a href="https://developer.wordpress.org/advanced-administration/debug/debug-wordpress/">Debugging in WordPress</a> for more information. (This message was added in version 7.1.0.) in C:\xampp\htdocs\malumere\wp-includes\functions.php on line 6260
[22-Sep-2026 22:34:43 UTC] PHP Notice:  Function WP_Icons_Registry::register was called <strong>incorrectly</strong>. Icon is already registered. Please see <a href="https://developer.wordpress.org/advanced-administration/debug/debug-wordpress/">Debugging in WordPress</a> for more information. (This message was added in version 7.1.0.) in C:\xampp\htdocs\malumere\wp-includes\functions.php on line 6260
[22-Sep-2026 22:34:43 UTC] PHP Notice:  Function WP_Icons_Registry::register was called <strong>incorrectly</strong>. Icon is already registered. Please see <a href="https://developer.wordpress.org/advanced-administration/debug/debug-wordpress/">Debugging in WordPress</a> for more information. (This message was added in version 7.1.0.) in C:\xampp\htdocs\malumere\wp-includes\functions.php on line 6260
[22-Sep-2026 22:34:43 UTC] PHP Notice:  Function WP_Icons_Registry::register was called <strong>incorrectly</strong>. Icon is already registered. Please see <a href="https://developer.wordpress.org/advanced-administration/debug/debug-wordpress/">Debugging in WordPress</a> for more information. (This message was added in version 7.1.0.) in C:\xampp\htdocs\malumere\wp-includes\functions.php on line 6260
[22-Sep-2026 22:34:43 UTC] PHP Notice:  Function WP_Icons_Registry::register was called <strong>incorrectly</strong>. Icon is already registered. Please see <a href="https://developer.wordpress.org/advanced-administration/debug/debug-wordpress/">Debugging in WordPress</a> for more information. (This message was added in version 7.1.0.) in C:\xampp\htdocs\malumere\wp-includes\functions.php on line 6260
[22-Sep-2026 22:34:43 UTC] PHP Notice:  Function WP_Icons_Registry::register was called <strong>incorrectly</strong>. Icon is already registered. Please see <a href="https://developer.wordpress.org/advanced-administration/debug/debug-wordpress/">Debugging in WordPress</a> for more information. (This message was added in version 7.1.0.) in C:\xampp\htdocs\malumere\wp-includes\functions.php on line 6260
[22-Sep-2026 22:34:43 UTC] PHP Notice:  Function WP_Icons_Registry::register was called <strong>incorrectly</strong>. Icon is already registered. Please see <a href="https://developer.wordpress.org/advanced-administration/debug/debug-wordpress/">Debugging in WordPress</a> for more information. (This message was added in version 7.1.0.) in C:\xampp\htdocs\malumere\wp-includes\functions.php on line 6260
[22-Sep-2026 22:34:43 UTC] PHP Notice:  Function WP_Icons_Registry::register was called <strong>incorrectly</strong>. Icon is already registered. Please see <a href="https://developer.wordpress.org/advanced-administration/debug/debug-wordpress/">Debugging in WordPress</a> for more information. (This message was added in version 7.1.0.) in C:\xampp\htdocs\malumere\wp-includes\functions.php on line 6260
[22-Sep-2026 22:34:43 UTC] PHP Notice:  Function WP_Icons_Registry::register was called <strong>incorrectly</strong>. Icon is already registered. Please see <a href="https://developer.wordpress.org/advanced-administration/debug/debug-wordpress/">Debugging in WordPress</a> for more information. (This message was added in version 7.1.0.) in C:\xampp\htdocs\malumere\wp-includes\functions.php on line 6260
[22-Sep-2026 22:34:43 UTC] PHP Notice:  Function WP_Icons_Registry::register was called <strong>incorrectly</strong>. Icon is already registered. Please see <a href="https://developer.wordpress.org/advanced-administration/debug/debug-wordpress/">Debugging in WordPress</a> for more information. (This message was added in version 7.1.0.) in C:\xampp\htdocs\malumere\wp-includes\functions.php on line 6260
[22-Sep-2026 22:34:43 UTC] PHP Notice:  Function WP_Icons_Registry::register was called <strong>incorrectly</strong>. Icon is already registered. Please see <a href="https://developer.wordpress.org/advanced-administration/debug/debug-wordpress/">Debugging in WordPress</a> for more information. (This message was added in version 7.1.0.) in C:\xampp\htdocs\malumere\wp-includes\functions.php on line 6260
[22-Sep-2026 22:34:43 UTC] PHP Notice:  Function WP_Icons_Registry::register was called <strong>incorrectly</strong>. Icon is already registered. Please see <a href="https://developer.wordpress.org/advanced-administration/debug/debug-wordpress/">Debugging in WordPress</a> for more information. (This message was added in version 7.1.0.) in C:\xampp\htdocs\malumere\wp-includes\functions.php on line 6260
[22-Sep-2026 22:34:43 UTC] PHP Notice:  Function WP_Icons_Registry::register was called <strong>incorrectly</strong>. Icon is already registered. Please see <a href="https://developer.wordpress.org/advanced-administration/debug/debug-wordpress/">Debugging in WordPress</a> for more information. (This message was added in version 7.1.0.) in C:\xampp\htdocs\malumere\wp-includes\functions.php on line 6260
[22-Sep-2026 22:34:43 UTC] PHP Notice:  Function WP_Icons_Registry::register was called <strong>incorrectly</strong>. Icon is already registered. Please see <a href="https://developer.wordpress.org/advanced-administration/debug/debug-wordpress/">Debugging in WordPress</a> for more information. (This message was added in version 7.1.0.) in C:\xampp\htdocs\malumere\wp-includes\functions.php on line 6260
[22-Sep-2026 22:34:43 UTC] PHP Notice:  Function WP_Icons_Registry::register was called <strong>incorrectly</strong>. Icon is already registered. Please see <a href="https://developer.wordpress.org/advanced-administration/debug/debug-wordpress/">Debugging in WordPress</a> for more information. (This message was added in version 7.1.0.) in C:\xampp\htdocs\malumere\wp-includes\functions.php on line 6260
[22-Sep-2026 22:34:43 UTC] PHP Notice:  Function WP_Icons_Registry::register was called <strong>incorrectly</strong>. Icon is already registered. Please see <a href="https://developer.wordpress.org/advanced-administration/debug/debug-wordpress/">Debugging in WordPress</a> for more information. (This message was added in version 7.1.0.) in C:\xampp\htdocs\malumere\wp-includes\functions.php on line 6260
[22-Sep-2026 22:34:43 UTC] PHP Notice:  Function WP_Icons_Registry::register was called <strong>incorrectly</strong>. Icon is already registered. Please see <a href="https://developer.wordpress.org/advanced-administration/debug/debug-wordpress/">Debugging in WordPress</a> for more information. (This message was added in version 7.1.0.) in C:\xampp\htdocs\malumere\wp-includes\functions.php on line 6260
[22-Sep-2026 22:34:43 UTC] PHP Notice:  Function WP_Icons_Registry::register was called <strong>incorrectly</strong>. Icon is already registered. Please see <a href="https://developer.wordpress.org/advanced-administration/debug/debug-wordpress/">Debugging in WordPress</a> for more information. (This message was added in version 7.1.0.) in C:\xampp\htdocs\malumere\wp-includes\functions.php on line 6260
[22-Sep-2026 22:34:43 UTC] PHP Notice:  Function WP_Icons_Registry::register was called <strong>incorrectly</strong>. Icon is already registered. Please see <a href="https://developer.wordpress.org/advanced-administration/debug/debug-wordpress/">Debugging in WordPress</a> for more information. (This message was added in version 7.1.0.) in C:\xampp\htdocs\malumere\wp-includes\functions.php on line 6260
[22-Sep-2026 22:34:43 UTC] PHP Notice:  Function WP_Icons_Registry::register was called <strong>incorrectly</strong>. Icon is already registered. Please see <a href="https://developer.wordpress.org/advanced-administration/debug/debug-wordpress/">Debugging in WordPress</a> for more information. (This message was added in version 7.1.0.) in C:\xampp\htdocs\malumere\wp-includes\functions.php on line 6260
[22-Sep-2026 22:34:43 UTC] PHP Notice:  Function WP_Icons_Registry::register was called <strong>incorrectly</strong>. Icon is already registered. Please see <a href="https://developer.wordpress.org/advanced-administration/debug/debug-wordpress/">Debugging in WordPress</a> for more information. (This message was added in version 7.1.0.) in C:\xampp\htdocs\malumere\wp-includes\functions.php on line 6260
[22-Sep-2026 22:34:43 UTC] PHP Notice:  Function WP_Icons_Registry::register was called <strong>incorrectly</strong>. Icon is already registered. Please see <a href="https://developer.wordpress.org/advanced-administration/debug/debug-wordpress/">Debugging in WordPress</a> for more information. (This message was added in version 7.1.0.) in C:\xampp\htdocs\malumere\wp-includes\functions.php on line 6260
[22-Sep-2026 22:34:43 UTC] PHP Notice:  Function WP_Icons_Registry::register was called <strong>incorrectly</strong>. Icon is already registered. Please see <a href="https://developer.wordpress.org/advanced-administration/debug/debug-wordpress/">Debugging in WordPress</a> for more information. (This message was added in version 7.1.0.) in C:\xampp\htdocs\malumere\wp-includes\functions.php on line 6260
[22-Sep-2026 22:34:43 UTC] PHP Notice:  Function WP_Icons_Registry::register was called <strong>incorrectly</strong>. Icon is already registered. Please see <a href="https://developer.wordpress.org/advanced-administration/debug/debug-wordpress/">Debugging in WordPress</a> for more information. (This message was added in version 7.1.0.) in C:\xampp\htdocs\malumere\wp-includes\functions.php on line 6260
[22-Sep-2026 22:34:43 UTC] PHP Notice:  Function WP_Icons_Registry::register was called <strong>incorrectly</strong>. Icon is already registered. Please see <a href="https://developer.wordpress.org/advanced-administration/debug/debug-wordpress/">Debugging in WordPress</a> for more information. (This message was added in version 7.1.0.) in C:\xampp\htdocs\malumere\wp-includes\functions.php on line 6260
[22-Sep-2026 22:34:43 UTC] PHP Notice:  Function WP_Icons_Registry::register was called <strong>incorrectly</strong>. Icon is already registered. Please see <a href="https://developer.wordpress.org/advanced-administration/debug/debug-wordpress/">Debugging in WordPress</a> for more information. (This message was added in version 7.1.0.) in C:\xampp\htdocs\malumere\wp-includes\functions.php on line 6260
[22-Sep-2026 22:34:43 UTC] PHP Notice:  Function WP_Icons_Registry::register was called <strong>incorrectly</strong>. Icon is already registered. Please see <a href="https://developer.wordpress.org/advanced-administration/debug/debug-wordpress/">Debugging in WordPress</a> for more information. (This message was added in version 7.1.0.) in C:\xampp\htdocs\malumere\wp-includes\functions.php on line 6260
[22-Sep-2026 22:34:43 UTC] PHP Notice:  Function WP_Icons_Registry::register was called <strong>incorrectly</strong>. Icon is already registered. Please see <a href="https://developer.wordpress.org/advanced-administration/debug/debug-wordpress/">Debugging in WordPress</a> for more information. (This message was added in version 7.1.0.) in C:\xampp\htdocs\malumere\wp-includes\functions.php on line 6260
[22-Sep-2026 22:34:43 UTC] PHP Notice:  Function WP_Icons_Registry::register was called <strong>incorrectly</strong>. Icon is already registered. Please see <a href="https://developer.wordpress.org/advanced-administration/debug/debug-wordpress/">Debugging in WordPress</a> for more information. (This message was added in version 7.1.0.) in C:\xampp\htdocs\malumere\wp-includes\functions.php on line 6260
[22-Sep-2026 22:34:43 UTC] PHP Notice:  Function WP_Icons_Registry::register was called <strong>incorrectly</strong>. Icon is already registered. Please see <a href="https://developer.wordpress.org/advanced-administration/debug/debug-wordpress/">Debugging in WordPress</a> for more information. (This message was added in version 7.1.0.) in C:\xampp\htdocs\malumere\wp-includes\functions.php on line 6260
[22-Sep-2026 22:34:43 UTC] PHP Notice:  Function WP_Icons_Registry::register was called <strong>incorrectly</strong>. Icon is already registered. Please see <a href="https://developer.wordpress.org/advanced-administration/debug/debug-wordpress/">Debugging in WordPress</a> for more information. (This message was added in version 7.1.0.) in C:\xampp\htdocs\malumere\wp-includes\functions.php on line 6260
[22-Sep-2026 22:34:43 UTC] PHP Notice:  Function WP_Icons_Registry::register was called <strong>incorrectly</strong>. Icon is already registered. Please see <a href="https://developer.wordpress.org/advanced-administration/debug/debug-wordpress/">Debugging in WordPress</a> for more information. (This message was added in version 7.1.0.) in C:\xampp\htdocs\malumere\wp-includes\functions.php on line 6260
[22-Sep-2026 22:34:43 UTC] PHP Notice:  Function WP_Icons_Registry::register was called <strong>incorrectly</strong>. Icon is already registered. Please see <a href="https://developer.wordpress.org/advanced-administration/debug/debug-wordpress/">Debugging in WordPress</a> for more information. (This message was added in version 7.1.0.) in C:\xampp\htdocs\malumere\wp-includes\functions.php on line 6260
[22-Sep-2026 22:34:43 UTC] PHP Notice:  Function WP_Icons_Registry::register was called <strong>incorrectly</strong>. Icon is already registered. Please see <a href="https://developer.wordpress.org/advanced-administration/debug/debug-wordpress/">Debugging in WordPress</a> for more information. (This message was added in version 7.1.0.) in C:\xampp\htdocs\malumere\wp-includes\functions.php on line 6260
[22-Sep-2026 22:34:43 UTC] PHP Notice:  Function WP_Icons_Registry::register was called <strong>incorrectly</strong>. Icon is already registered. Please see <a href="https://developer.wordpress.org/advanced-administration/debug/debug-wordpress/">Debugging in WordPress</a> for more information. (This message was added in version 7.1.0.) in C:\xampp\htdocs\malumere\wp-includes\functions.php on line 6260
[22-Sep-2026 22:34:43 UTC] PHP Notice:  Function WP_Icons_Registry::register was called <strong>incorrectly</strong>. Icon is already registered. Please see <a href="https://developer.wordpress.org/advanced-administration/debug/debug-wordpress/">Debugging in WordPress</a> for more information. (This message was added in version 7.1.0.) in C:\xampp\htdocs\malumere\wp-includes\functions.php on line 6260
[22-Sep-2026 22:34:43 UTC] PHP Notice:  Function WP_Icons_Registry::register was called <strong>incorrectly</strong>. Icon is already registered. Please see <a href="https://developer.wordpress.org/advanced-administration/debug/debug-wordpress/">Debugging in WordPress</a> for more information. (This message was added in version 7.1.0.) in C:\xampp\htdocs\malumere\wp-includes\functions.php on line 6260
[22-Sep-2026 22:34:43 UTC] PHP Notice:  Function WP_Icons_Registry::register was called <strong>incorrectly</strong>. Icon is already registered. Please see <a href="https://developer.wordpress.org/advanced-administration/debug/debug-wordpress/">Debugging in WordPress</a> for more information. (This message was added in version 7.1.0.) in C:\xampp\htdocs\malumere\wp-includes\functions.php on line 6260
[22-Sep-2026 22:34:43 UTC] PHP Notice:  Function WP_Icons_Registry::register was called <strong>incorrectly</strong>. Icon is already registered. Please see <a href="https://developer.wordpress.org/advanced-administration/debug/debug-wordpress/">Debugging in WordPress</a> for more information. (This message was added in version 7.1.0.) in C:\xampp\htdocs\malumere\wp-includes\functions.php on line 6260
[22-Sep-2026 22:34:43 UTC] PHP Notice:  Function WP_Icons_Registry::register was called <strong>incorrectly</strong>. Icon is already registered. Please see <a href="https://developer.wordpress.org/advanced-administration/debug/debug-wordpress/">Debugging in WordPress</a> for more information. (This message was added in version 7.1.0.) in C:\xampp\htdocs\malumere\wp-includes\functions.php on line 6260
[22-Sep-2026 22:34:43 UTC] PHP Notice:  Function WP_Icons_Registry::register was called <strong>incorrectly</strong>. Icon is already registered. Please see <a href="https://developer.wordpress.org/advanced-administration/debug/debug-wordpress/">Debugging in WordPress</a> for more information. (This message was added in version 7.1.0.) in C:\xampp\htdocs\malumere\wp-includes\functions.php on line 6260
[22-Sep-2026 22:34:43 UTC] PHP Notice:  Function WP_Icons_Registry::register was called <strong>incorrectly</strong>. Icon is already registered. Please see <a href="https://developer.wordpress.org/advanced-administration/debug/debug-wordpress/">Debugging in WordPress</a> for more information. (This message was added in version 7.1.0.) in C:\xampp\htdocs\malumere\wp-includes\functions.php on line 6260
[22-Sep-2026 22:34:43 UTC] PHP Notice:  Function WP_Icons_Registry::register was called <strong>incorrectly</strong>. Icon is already registered. Please see <a href="https://developer.wordpress.org/advanced-administration/debug/debug-wordpress/">Debugging in WordPress</a> for more information. (This message was added in version 7.1.0.) in C:\xampp\htdocs\malumere\wp-includes\functions.php on line 6260
[22-Sep-2026 22:34:43 UTC] PHP Notice:  Function WP_Icons_Registry::register was called <strong>incorrectly</strong>. Icon is already registered. Please see <a href="https://developer.wordpress.org/advanced-administration/debug/debug-wordpress/">Debugging in WordPress</a> for more information. (This message was added in version 7.1.0.) in C:\xampp\htdocs\malumere\wp-includes\functions.php on line 6260
[22-Sep-2026 22:34:43 UTC] PHP Notice:  Function WP_Icons_Registry::register was called <strong>incorrectly</strong>. Icon is already registered. Please see <a href="https://developer.wordpress.org/advanced-administration/debug/debug-wordpress/">Debugging in WordPress</a> for more information. (This message was added in version 7.1.0.) in C:\xampp\htdocs\malumere\wp-includes\functions.php on line 6260
[22-Sep-2026 22:34:43 UTC] PHP Notice:  Function WP_Icons_Registry::register was called <strong>incorrectly</strong>. Icon is already registered. Please see <a href="https://developer.wordpress.org/advanced-administration/debug/debug-wordpress/">Debugging in WordPress</a> for more information. (This message was added in version 7.1.0.) in C:\xampp\htdocs\malumere\wp-includes\functions.php on line 6260
[22-Sep-2026 22:34:43 UTC] PHP Notice:  Function WP_Icons_Registry::register was called <strong>incorrectly</strong>. Icon is already registered. Please see <a href="https://developer.wordpress.org/advanced-administration/debug/debug-wordpress/">Debugging in WordPress</a> for more information. (This message was added in version 7.1.0.) in C:\xampp\htdocs\malumere\wp-includes\functions.php on line 6260
[22-Sep-2026 22:34:43 UTC] PHP Notice:  Function WP_Icons_Registry::register was called <strong>incorrectly</strong>. Icon is already registered. Please see <a href="https://developer.wordpress.org/advanced-administration/debug/debug-wordpress/">Debugging in WordPress</a> for more information. (This message was added in version 7.1.0.) in C:\xampp\htdocs\malumere\wp-includes\functions.php on line 6260
[22-Sep-2026 22:34:43 UTC] PHP Notice:  Function WP_Icons_Registry::register was called <strong>incorrectly</strong>. Icon is already registered. Please see <a href="https://developer.wordpress.org/advanced-administration/debug/debug-wordpress/">Debugging in WordPress</a> for more information. (This message was added in version 7.1.0.) in C:\xampp\htdocs\malumere\wp-includes\functions.php on line 6260
[22-Sep-2026 22:34:43 UTC] PHP Notice:  Function WP_Icons_Registry::register was called <strong>incorrectly</strong>. Icon is already registered. Please see <a href="https://developer.wordpress.org/advanced-administration/debug/debug-wordpress/">Debugging in WordPress</a> for more information. (This message was added in version 7.1.0.) in C:\xampp\htdocs\malumere\wp-includes\functions.php on line 6260
[22-Sep-2026 22:34:43 UTC] PHP Notice:  Function WP_Icons_Registry::register was called <strong>incorrectly</strong>. Icon is already registered. Please see <a href="https://developer.wordpress.org/advanced-administration/debug/debug-wordpress/">Debugging in WordPress</a> for more information. (This message was added in version 7.1.0.) in C:\xampp\htdocs\malumere\wp-includes\functions.php on line 6260
[22-Sep-2026 22:34:43 UTC] PHP Notice:  Function WP_Icons_Registry::register was called <strong>incorrectly</strong>. Icon is already registered. Please see <a href="https://developer.wordpress.org/advanced-administration/debug/debug-wordpress/">Debugging in WordPress</a> for more information. (This message was added in version 7.1.0.) in C:\xampp\htdocs\malumere\wp-includes\functions.php on line 6260
[22-Sep-2026 22:34:43 UTC] PHP Notice:  Function WP_Icons_Registry::register was called <strong>incorrectly</strong>. Icon is already registered. Please see <a href="https://developer.wordpress.org/advanced-administration/debug/debug-wordpress/">Debugging in WordPress</a> for more information. (This message was added in version 7.1.0.) in C:\xampp\htdocs\malumere\wp-includes\functions.php on line 6260
[22-Sep-2026 22:34:43 UTC] PHP Notice:  Function WP_Icons_Registry::register was called <strong>incorrectly</strong>. Icon is already registered. Please see <a href="https://developer.wordpress.org/advanced-administration/debug/debug-wordpress/">Debugging in WordPress</a> for more information. (This message was added in version 7.1.0.) in C:\xampp\htdocs\malumere\wp-includes\functions.php on line 6260
[22-Sep-2026 22:34:43 UTC] PHP Notice:  Function WP_Icons_Registry::register was called <strong>incorrectly</strong>. Icon is already registered. Please see <a href="https://developer.wordpress.org/advanced-administration/debug/debug-wordpress/">Debugging in WordPress</a> for more information. (This message was added in version 7.1.0.) in C:\xampp\htdocs\malumere\wp-includes\functions.php on line 6260
[22-Sep-2026 22:34:43 UTC] PHP Notice:  Function WP_Icons_Registry::register was called <strong>incorrectly</strong>. Icon is already registered. Please see <a href="https://developer.wordpress.org/advanced-administration/debug/debug-wordpress/">Debugging in WordPress</a> for more information. (This message was added in version 7.1.0.) in C:\xampp\htdocs\malumere\wp-includes\functions.php on line 6260
[22-Sep-2026 22:34:43 UTC] PHP Notice:  Function WP_Icons_Registry::register was called <strong>incorrectly</strong>. Icon is already registered. Please see <a href="https://developer.wordpress.org/advanced-administration/debug/debug-wordpress/">Debugging in WordPress</a> for more information. (This message was added in version 7.1.0.) in C:\xampp\htdocs\malumere\wp-includes\functions.php on line 6260
[22-Sep-2026 22:34:43 UTC] PHP Notice:  Function WP_Icons_Registry::register was called <strong>incorrectly</strong>. Icon is already registered. Please see <a href="https://developer.wordpress.org/advanced-administration/debug/debug-wordpress/">Debugging in WordPress</a> for more information. (This message was added in version 7.1.0.) in C:\xampp\htdocs\malumere\wp-includes\functions.php on line 6260
[22-Sep-2026 22:34:43 UTC] PHP Notice:  Function WP_Icons_Registry::register was called <strong>incorrectly</strong>. Icon is already registered. Please see <a href="https://developer.wordpress.org/advanced-administration/debug/debug-wordpress/">Debugging in WordPress</a> for more information. (This message was added in version 7.1.0.) in C:\xampp\htdocs\malumere\wp-includes\functions.php on line 6260
[22-Sep-2026 22:34:43 UTC] PHP Notice:  Function WP_Icons_Registry::register was called <strong>incorrectly</strong>. Icon is already registered. Please see <a href="https://developer.wordpress.org/advanced-administration/debug/debug-wordpress/">Debugging in WordPress</a> for more information. (This message was added in version 7.1.0.) in C:\xampp\htdocs\malumere\wp-includes\functions.php on line 6260
[22-Sep-2026 22:34:43 UTC] PHP Notice:  Function WP_Icons_Registry::register was called <strong>incorrectly</strong>. Icon is already registered. Please see <a href="https://developer.wordpress.org/advanced-administration/debug/debug-wordpress/">Debugging in WordPress</a> for more information. (This message was added in version 7.1.0.) in C:\xampp\htdocs\malumere\wp-includes\functions.php on line 6260
[22-Sep-2026 22:34:43 UTC] PHP Notice:  Function WP_Icons_Registry::register was called <strong>incorrectly</strong>. Icon is already registered. Please see <a href="https://developer.wordpress.org/advanced-administration/debug/debug-wordpress/">Debugging in WordPress</a> for more information. (This message was added in version 7.1.0.) in C:\xampp\htdocs\malumere\wp-includes\functions.php on line 6260
[22-Sep-2026 22:34:43 UTC] PHP Notice:  Function WP_Icons_Registry::register was called <strong>incorrectly</strong>. Icon is already registered. Please see <a href="https://developer.wordpress.org/advanced-administration/debug/debug-wordpress/">Debugging in WordPress</a> for more information. (This message was added in version 7.1.0.) in C:\xampp\htdocs\malumere\wp-includes\functions.php on line 6260
[22-Sep-2026 22:34:43 UTC] PHP Notice:  Function WP_Icons_Registry::register was called <strong>incorrectly</strong>. Icon is already registered. Please see <a href="https://developer.wordpress.org/advanced-administration/debug/debug-wordpress/">Debugging in WordPress</a> for more information. (This message was added in version 7.1.0.) in C:\xampp\htdocs\malumere\wp-includes\functions.php on line 6260
[22-Sep-2026 22:34:43 UTC] PHP Notice:  Function WP_Icons_Registry::register was called <strong>incorrectly</strong>. Icon is already registered. Please see <a href="https://developer.wordpress.org/advanced-administration/debug/debug-wordpress/">Debugging in WordPress</a> for more information. (This message was added in version 7.1.0.) in C:\xampp\htdocs\malumere\wp-includes\functions.php on line 6260
[22-Sep-2026 22:34:43 UTC] PHP Notice:  Function WP_Icons_Registry::register was called <strong>incorrectly</strong>. Icon is already registered. Please see <a href="https://developer.wordpress.org/advanced-administration/debug/debug-wordpress/">Debugging in WordPress</a> for more information. (This message was added in version 7.1.0.) in C:\xampp\htdocs\malumere\wp-includes\functions.php on line 6260
[22-Sep-2026 22:34:43 UTC] PHP Notice:  Function WP_Icons_Registry::register was called <strong>incorrectly</strong>. Icon is already registered. Please see <a href="https://developer.wordpress.org/advanced-administration/debug/debug-wordpress/">Debugging in WordPress</a> for more information. (This message was added in version 7.1.0.) in C:\xampp\htdocs\malumere\wp-includes\functions.php on line 6260
[22-Sep-2026 22:34:43 UTC] PHP Notice:  Function WP_Icons_Registry::register was called <strong>incorrectly</strong>. Icon is already registered. Please see <a href="https://developer.wordpress.org/advanced-administration/debug/debug-wordpress/">Debugging in WordPress</a> for more information. (This message was added in version 7.1.0.) in C:\xampp\htdocs\malumere\wp-includes\functions.php on line 6260
[22-Sep-2026 22:34:43 UTC] PHP Notice:  Function WP_Icons_Registry::register was called <strong>incorrectly</strong>. Icon is already registered. Please see <a href="https://developer.wordpress.org/advanced-administration/debug/debug-wordpress/">Debugging in WordPress</a> for more information. (This message was added in version 7.1.0.) in C:\xampp\htdocs\malumere\wp-includes\functions.php on line 6260
[22-Sep-2026 22:34:43 UTC] PHP Notice:  Function WP_Icons_Registry::register was called <strong>incorrectly</strong>. Icon is already registered. Please see <a href="https://developer.wordpress.org/advanced-administration/debug/debug-wordpress/">Debugging in WordPress</a> for more information. (This message was added in version 7.1.0.) in C:\xampp\htdocs\malumere\wp-includes\functions.php on line 6260
[22-Sep-2026 22:34:43 UTC] PHP Notice:  Function WP_Icons_Registry::register was called <strong>incorrectly</strong>. Icon is already registered. Please see <a href="https://developer.wordpress.org/advanced-administration/debug/debug-wordpress/">Debugging in WordPress</a> for more information. (This message was added in version 7.1.0.) in C:\xampp\htdocs\malumere\wp-includes\functions.php on line 6260
[22-Sep-2026 22:34:43 UTC] PHP Notice:  Function WP_Block_Bindings_Registry::register was called <strong>incorrectly</strong>. Block bindings source "core/pattern-overrides" already registered. Please see <a href="https://developer.wordpress.org/advanced-administration/debug/debug-wordpress/">Debugging in WordPress</a> for more information. (This message was added in version 6.5.0.) in C:\xampp\htdocs\malumere\wp-includes\functions.php on line 6260
[22-Sep-2026 22:34:43 UTC] PHP Notice:  Function WP_Block_Bindings_Registry::register was called <strong>incorrectly</strong>. Block bindings source "core/post-data" already registered. Please see <a href="https://developer.wordpress.org/advanced-administration/debug/debug-wordpress/">Debugging in WordPress</a> for more information. (This message was added in version 6.5.0.) in C:\xampp\htdocs\malumere\wp-includes\functions.php on line 6260
[22-Sep-2026 22:34:43 UTC] PHP Notice:  Function WP_Block_Bindings_Registry::register was called <strong>incorrectly</strong>. Block bindings source "core/post-meta" already registered. Please see <a href="https://developer.wordpress.org/advanced-administration/debug/debug-wordpress/">Debugging in WordPress</a> for more information. (This message was added in version 6.5.0.) in C:\xampp\htdocs\malumere\wp-includes\functions.php on line 6260
[22-Sep-2026 22:34:43 UTC] PHP Notice:  Function WP_Block_Type_Registry::register was called <strong>incorrectly</strong>. Block type "core/legacy-widget" is already registered. Please see <a href="https://developer.wordpress.org/advanced-administration/debug/debug-wordpress/">Debugging in WordPress</a> for more information. (This message was added in version 5.0.0.) in C:\xampp\htdocs\malumere\wp-includes\functions.php on line 6260
[22-Sep-2026 22:34:43 UTC] PHP Notice:  Function WP_Block_Type_Registry::register was called <strong>incorrectly</strong>. Block type "core/widget-group" is already registered. Please see <a href="https://developer.wordpress.org/advanced-administration/debug/debug-wordpress/">Debugging in WordPress</a> for more information. (This message was added in version 5.0.0.) in C:\xampp\htdocs\malumere\wp-includes\functions.php on line 6260
[22-Sep-2026 22:34:43 UTC] PHP Notice:  Function WP_Block_Type_Registry::register was called <strong>incorrectly</strong>. Block type "core/accordion" is already registered. Please see <a href="https://developer.wordpress.org/advanced-administration/debug/debug-wordpress/">Debugging in WordPress</a> for more information. (This message was added in version 5.0.0.) in C:\xampp\htdocs\malumere\wp-includes\functions.php on line 6260
[22-Sep-2026 22:34:43 UTC] PHP Notice:  Function WP_Block_Type_Registry::register was called <strong>incorrectly</strong>. Block type "core/accordion-item" is already registered. Please see <a href="https://developer.wordpress.org/advanced-administration/debug/debug-wordpress/">Debugging in WordPress</a> for more information. (This message was added in version 5.0.0.) in C:\xampp\htdocs\malumere\wp-includes\functions.php on line 6260
[22-Sep-2026 22:34:43 UTC] PHP Notice:  Function WP_Block_Type_Registry::register was called <strong>incorrectly</strong>. Block type "core/archives" is already registered. Please see <a href="https://developer.wordpress.org/advanced-administration/debug/debug-wordpress/">Debugging in WordPress</a> for more information. (This message was added in version 5.0.0.) in C:\xampp\htdocs\malumere\wp-includes\functions.php on line 6260
[22-Sep-2026 22:34:43 UTC] PHP Notice:  Function WP_Block_Type_Registry::register was called <strong>incorrectly</strong>. Block type "core/avatar" is already registered. Please see <a href="https://developer.wordpress.org/advanced-administration/debug/debug-wordpress/">Debugging in WordPress</a> for more information. (This message was added in version 5.0.0.) in C:\xampp\htdocs\malumere\wp-includes\functions.php on line 6260
[22-Sep-2026 22:34:43 UTC] PHP Notice:  Function WP_Block_Type_Registry::register was called <strong>incorrectly</strong>. Block type "core/block" is already registered. Please see <a href="https://developer.wordpress.org/advanced-administration/debug/debug-wordpress/">Debugging in WordPress</a> for more information. (This message was added in version 5.0.0.) in C:\xampp\htdocs\malumere\wp-includes\functions.php on line 6260
[22-Sep-2026 22:34:43 UTC] PHP Notice:  Function WP_Block_Type_Registry::register was called <strong>incorrectly</strong>. Block type "core/breadcrumbs" is already registered. Please see <a href="https://developer.wordpress.org/advanced-administration/debug/debug-wordpress/">Debugging in WordPress</a> for more information. (This message was added in version 5.0.0.) in C:\xampp\htdocs\malumere\wp-includes\functions.php on line 6260
[22-Sep-2026 22:34:43 UTC] PHP Notice:  Function WP_Block_Type_Registry::register was called <strong>incorrectly</strong>. Block type "core/button" is already registered. Please see <a href="https://developer.wordpress.org/advanced-administration/debug/debug-wordpress/">Debugging in WordPress</a> for more information. (This message was added in version 5.0.0.) in C:\xampp\htdocs\malumere\wp-includes\functions.php on line 6260
[22-Sep-2026 22:34:43 UTC] PHP Notice:  Function WP_Block_Type_Registry::register was called <strong>incorrectly</strong>. Block type "core/calendar" is already registered. Please see <a href="https://developer.wordpress.org/advanced-administration/debug/debug-wordpress/">Debugging in WordPress</a> for more information. (This message was added in version 5.0.0.) in C:\xampp\htdocs\malumere\wp-includes\functions.php on line 6260
[22-Sep-2026 22:34:43 UTC] PHP Notice:  Function WP_Block_Type_Registry::register was called <strong>incorrectly</strong>. Block type "core/categories" is already registered. Please see <a href="https://developer.wordpress.org/advanced-administration/debug/debug-wordpress/">Debugging in WordPress</a> for more information. (This message was added in version 5.0.0.) in C:\xampp\htdocs\malumere\wp-includes\functions.php on line 6260
[22-Sep-2026 22:34:43 UTC] PHP Notice:  Function WP_Block_Type_Registry::register was called <strong>incorrectly</strong>. Block type "core/comment-author-name" is already registered. Please see <a href="https://developer.wordpress.org/advanced-administration/debug/debug-wordpress/">Debugging in WordPress</a> for more information. (This message was added in version 5.0.0.) in C:\xampp\htdocs\malumere\wp-includes\functions.php on line 6260
[22-Sep-2026 22:34:43 UTC] PHP Notice:  Function WP_Block_Type_Registry::register was called <strong>incorrectly</strong>. Block type "core/comment-content" is already registered. Please see <a href="https://developer.wordpress.org/advanced-administration/debug/debug-wordpress/">Debugging in WordPress</a> for more information. (This message was added in version 5.0.0.) in C:\xampp\htdocs\malumere\wp-includes\functions.php on line 6260
[22-Sep-2026 22:34:43 UTC] PHP Notice:  Function WP_Block_Type_Registry::register was called <strong>incorrectly</strong>. Block type "core/comment-date" is already registered. Please see <a href="https://developer.wordpress.org/advanced-administration/debug/debug-wordpress/">Debugging in WordPress</a> for more information. (This message was added in version 5.0.0.) in C:\xampp\htdocs\malumere\wp-includes\functions.php on line 6260
[22-Sep-2026 22:34:43 UTC] PHP Notice:  Function WP_Block_Type_Registry::register was called <strong>incorrectly</strong>. Block type "core/comment-edit-link" is already registered. Please see <a href="https://developer.wordpress.org/advanced-administration/debug/debug-wordpress/">Debugging in WordPress</a> for more information. (This message was added in version 5.0.0.) in C:\xampp\htdocs\malumere\wp-includes\functions.php on line 6260
[22-Sep-2026 22:34:43 UTC] PHP Notice:  Function WP_Block_Type_Registry::register was called <strong>incorrectly</strong>. Block type "core/comment-reply-link" is already registered. Please see <a href="https://developer.wordpress.org/advanced-administration/debug/debug-wordpress/">Debugging in WordPress</a> for more information. (This message was added in version 5.0.0.) in C:\xampp\htdocs\malumere\wp-includes\functions.php on line 6260
[22-Sep-2026 22:34:43 UTC] PHP Notice:  Function WP_Block_Type_Registry::register was called <strong>incorrectly</strong>. Block type "core/comment-template" is already registered. Please see <a href="https://developer.wordpress.org/advanced-administration/debug/debug-wordpress/">Debugging in WordPress</a> for more information. (This message was added in version 5.0.0.) in C:\xampp\htdocs\malumere\wp-includes\functions.php on line 6260
[22-Sep-2026 22:34:43 UTC] PHP Notice:  Function WP_Block_Type_Registry::register was called <strong>incorrectly</strong>. Block type "core/comments" is already registered. Please see <a href="https://developer.wordpress.org/advanced-administration/debug/debug-wordpress/">Debugging in WordPress</a> for more information. (This message was added in version 5.0.0.) in C:\xampp\htdocs\malumere\wp-includes\functions.php on line 6260
[22-Sep-2026 22:34:43 UTC] PHP Notice:  Function WP_Block_Type_Registry::register was called <strong>incorrectly</strong>. Block type "core/comments-pagination" is already registered. Please see <a href="https://developer.wordpress.org/advanced-administration/debug/debug-wordpress/">Debugging in WordPress</a> for more information. (This message was added in version 5.0.0.) in C:\xampp\htdocs\malumere\wp-includes\functions.php on line 6260
[22-Sep-2026 22:34:43 UTC] PHP Notice:  Function WP_Block_Type_Registry::register was called <strong>incorrectly</strong>. Block type "core/comments-pagination-next" is already registered. Please see <a href="https://developer.wordpress.org/advanced-administration/debug/debug-wordpress/">Debugging in WordPress</a> for more information. (This message was added in version 5.0.0.) in C:\xampp\htdocs\malumere\wp-includes\functions.php on line 6260
[22-Sep-2026 22:34:43 UTC] PHP Notice:  Function WP_Block_Type_Registry::register was called <strong>incorrectly</strong>. Block type "core/comments-pagination-numbers" is already registered. Please see <a href="https://developer.wordpress.org/advanced-administration/debug/debug-wordpress/">Debugging in WordPress</a> for more information. (This message was added in version 5.0.0.) in C:\xampp\htdocs\malumere\wp-includes\functions.php on line 6260
[22-Sep-2026 22:34:43 UTC] PHP Notice:  Function WP_Block_Type_Registry::register was called <strong>incorrectly</strong>. Block type "core/comments-pagination-previous" is already registered. Please see <a href="https://developer.wordpress.org/advanced-administration/debug/debug-wordpress/">Debugging in WordPress</a> for more information. (This message was added in version 5.0.0.) in C:\xampp\htdocs\malumere\wp-includes\functions.php on line 6260
[22-Sep-2026 22:34:43 UTC] PHP Notice:  Function WP_Block_Type_Registry::register was called <strong>incorrectly</strong>. Block type "core/comments-title" is already registered. Please see <a href="https://developer.wordpress.org/advanced-administration/debug/debug-wordpress/">Debugging in WordPress</a> for more information. (This message was added in version 5.0.0.) in C:\xampp\htdocs\malumere\wp-includes\functions.php on line 6260
[22-Sep-2026 22:34:43 UTC] PHP Notice:  Function WP_Block_Type_Registry::register was called <strong>incorrectly</strong>. Block type "core/cover" is already registered. Please see <a href="https://developer.wordpress.org/advanced-administration/debug/debug-wordpress/">Debugging in WordPress</a> for more information. (This message was added in version 5.0.0.) in C:\xampp\htdocs\malumere\wp-includes\functions.php on line 6260
[22-Sep-2026 22:34:43 UTC] PHP Notice:  Function WP_Block_Type_Registry::register was called <strong>incorrectly</strong>. Block type "core/details" is already registered. Please see <a href="https://developer.wordpress.org/advanced-administration/debug/debug-wordpress/">Debugging in WordPress</a> for more information. (This message was added in version 5.0.0.) in C:\xampp\htdocs\malumere\wp-includes\functions.php on line 6260
[22-Sep-2026 22:34:43 UTC] PHP Notice:  Function WP_Block_Type_Registry::register was called <strong>incorrectly</strong>. Block type "core/file" is already registered. Please see <a href="https://developer.wordpress.org/advanced-administration/debug/debug-wordpress/">Debugging in WordPress</a> for more information. (This message was added in version 5.0.0.) in C:\xampp\htdocs\malumere\wp-includes\functions.php on line 6260
[22-Sep-2026 22:34:43 UTC] PHP Notice:  Function WP_Block_Type_Registry::register was called <strong>incorrectly</strong>. Block type "core/footnotes" is already registered. Please see <a href="https://developer.wordpress.org/advanced-administration/debug/debug-wordpress/">Debugging in WordPress</a> for more information. (This message was added in version 5.0.0.) in C:\xampp\htdocs\malumere\wp-includes\functions.php on line 6260
[22-Sep-2026 22:34:43 UTC] PHP Notice:  Function WP_Block_Type_Registry::register was called <strong>incorrectly</strong>. Block type "core/gallery" is already registered. Please see <a href="https://developer.wordpress.org/advanced-administration/debug/debug-wordpress/">Debugging in WordPress</a> for more information. (This message was added in version 5.0.0.) in C:\xampp\htdocs\malumere\wp-includes\functions.php on line 6260
[22-Sep-2026 22:34:43 UTC] PHP Notice:  Function WP_Block_Type_Registry::register was called <strong>incorrectly</strong>. Block type "core/heading" is already registered. Please see <a href="https://developer.wordpress.org/advanced-administration/debug/debug-wordpress/">Debugging in WordPress</a> for more information. (This message was added in version 5.0.0.) in C:\xampp\htdocs\malumere\wp-includes\functions.php on line 6260
[22-Sep-2026 22:34:43 UTC] PHP Notice:  Function WP_Block_Type_Registry::register was called <strong>incorrectly</strong>. Block type "core/home-link" is already registered. Please see <a href="https://developer.wordpress.org/advanced-administration/debug/debug-wordpress/">Debugging in WordPress</a> for more information. (This message was added in version 5.0.0.) in C:\xampp\htdocs\malumere\wp-includes\functions.php on line 6260
[22-Sep-2026 22:34:43 UTC] PHP Notice:  Function WP_Block_Type_Registry::register was called <strong>incorrectly</strong>. Block type "core/icon" is already registered. Please see <a href="https://developer.wordpress.org/advanced-administration/debug/debug-wordpress/">Debugging in WordPress</a> for more information. (This message was added in version 5.0.0.) in C:\xampp\htdocs\malumere\wp-includes\functions.php on line 6260
[22-Sep-2026 22:34:43 UTC] PHP Notice:  Function WP_Block_Type_Registry::register was called <strong>incorrectly</strong>. Block type "core/image" is already registered. Please see <a href="https://developer.wordpress.org/advanced-administration/debug/debug-wordpress/">Debugging in WordPress</a> for more information. (This message was added in version 5.0.0.) in C:\xampp\htdocs\malumere\wp-includes\functions.php on line 6260
[22-Sep-2026 22:34:43 UTC] PHP Notice:  Function WP_Block_Type_Registry::register was called <strong>incorrectly</strong>. Block type "core/latest-comments" is already registered. Please see <a href="https://developer.wordpress.org/advanced-administration/debug/debug-wordpress/">Debugging in WordPress</a> for more information. (This message was added in version 5.0.0.) in C:\xampp\htdocs\malumere\wp-includes\functions.php on line 6260
[22-Sep-2026 22:34:43 UTC] PHP Notice:  Function WP_Block_Type_Registry::register was called <strong>incorrectly</strong>. Block type "core/latest-posts" is already registered. Please see <a href="https://developer.wordpress.org/advanced-administration/debug/debug-wordpress/">Debugging in WordPress</a> for more information. (This message was added in version 5.0.0.) in C:\xampp\htdocs\malumere\wp-includes\functions.php on line 6260
[22-Sep-2026 22:34:43 UTC] PHP Notice:  Function WP_Block_Type_Registry::register was called <strong>incorrectly</strong>. Block type "core/list" is already registered. Please see <a href="https://developer.wordpress.org/advanced-administration/debug/debug-wordpress/">Debugging in WordPress</a> for more information. (This message was added in version 5.0.0.) in C:\xampp\htdocs\malumere\wp-includes\functions.php on line 6260
[22-Sep-2026 22:34:43 UTC] PHP Notice:  Function WP_Block_Type_Registry::register was called <strong>incorrectly</strong>. Block type "core/loginout" is already registered. Please see <a href="https://developer.wordpress.org/advanced-administration/debug/debug-wordpress/">Debugging in WordPress</a> for more information. (This message was added in version 5.0.0.) in C:\xampp\htdocs\malumere\wp-includes\functions.php on line 6260
[22-Sep-2026 22:34:43 UTC] PHP Notice:  Function WP_Block_Type_Registry::register was called <strong>incorrectly</strong>. Block type "core/media-text" is already registered. Please see <a href="https://developer.wordpress.org/advanced-administration/debug/debug-wordpress/">Debugging in WordPress</a> for more information. (This message was added in version 5.0.0.) in C:\xampp\htdocs\malumere\wp-includes\functions.php on line 6260
[22-Sep-2026 22:34:43 UTC] PHP Notice:  Function WP_Block_Type_Registry::register was called <strong>incorrectly</strong>. Block type "core/navigation" is already registered. Please see <a href="https://developer.wordpress.org/advanced-administration/debug/debug-wordpress/">Debugging in WordPress</a> for more information. (This message was added in version 5.0.0.) in C:\xampp\htdocs\malumere\wp-includes\functions.php on line 6260
[22-Sep-2026 22:34:43 UTC] PHP Notice:  Function WP_Block_Type_Registry::register was called <strong>incorrectly</strong>. Block type "core/navigation-link" is already registered. Please see <a href="https://developer.wordpress.org/advanced-administration/debug/debug-wordpress/">Debugging in WordPress</a> for more information. (This message was added in version 5.0.0.) in C:\xampp\htdocs\malumere\wp-includes\functions.php on line 6260
[22-Sep-2026 22:34:43 UTC] PHP Notice:  Function WP_Block_Type_Registry::register was called <strong>incorrectly</strong>. Block type "core/navigation-overlay-close" is already registered. Please see <a href="https://developer.wordpress.org/advanced-administration/debug/debug-wordpress/">Debugging in WordPress</a> for more information. (This message was added in version 5.0.0.) in C:\xampp\htdocs\malumere\wp-includes\functions.php on line 6260
[22-Sep-2026 22:34:43 UTC] PHP Notice:  Function WP_Block_Type_Registry::register was called <strong>incorrectly</strong>. Block type "core/navigation-submenu" is already registered. Please see <a href="https://developer.wordpress.org/advanced-administration/debug/debug-wordpress/">Debugging in WordPress</a> for more information. (This message was added in version 5.0.0.) in C:\xampp\htdocs\malumere\wp-includes\functions.php on line 6260
[22-Sep-2026 22:34:43 UTC] PHP Notice:  Function WP_Block_Type_Registry::register was called <strong>incorrectly</strong>. Block type "core/page-list" is already registered. Please see <a href="https://developer.wordpress.org/advanced-administration/debug/debug-wordpress/">Debugging in WordPress</a> for more information. (This message was added in version 5.0.0.) in C:\xampp\htdocs\malumere\wp-includes\functions.php on line 6260
[22-Sep-2026 22:34:43 UTC] PHP Notice:  Function WP_Block_Type_Registry::register was called <strong>incorrectly</strong>. Block type "core/page-list-item" is already registered. Please see <a href="https://developer.wordpress.org/advanced-administration/debug/debug-wordpress/">Debugging in WordPress</a> for more information. (This message was added in version 5.0.0.) in C:\xampp\htdocs\malumere\wp-includes\functions.php on line 6260
[22-Sep-2026 22:34:43 UTC] PHP Notice:  Function WP_Block_Type_Registry::register was called <strong>incorrectly</strong>. Block type "core/paragraph" is already registered. Please see <a href="https://developer.wordpress.org/advanced-administration/debug/debug-wordpress/">Debugging in WordPress</a> for more information. (This message was added in version 5.0.0.) in C:\xampp\htdocs\malumere\wp-includes\functions.php on line 6260
[22-Sep-2026 22:34:43 UTC] PHP Notice:  Function WP_Block_Type_Registry::register was called <strong>incorrectly</strong>. Block type "core/pattern" is already registered. Please see <a href="https://developer.wordpress.org/advanced-administration/debug/debug-wordpress/">Debugging in WordPress</a> for more information. (This message was added in version 5.0.0.) in C:\xampp\htdocs\malumere\wp-includes\functions.php on line 6260
[22-Sep-2026 22:34:43 UTC] PHP Notice:  Function WP_Block_Type_Registry::register was called <strong>incorrectly</strong>. Block type "core/playlist" is already registered. Please see <a href="https://developer.wordpress.org/advanced-administration/debug/debug-wordpress/">Debugging in WordPress</a> for more information. (This message was added in version 5.0.0.) in C:\xampp\htdocs\malumere\wp-includes\functions.php on line 6260
[22-Sep-2026 22:34:43 UTC] PHP Notice:  Function WP_Block_Type_Registry::register was called <strong>incorrectly</strong>. Block type "core/playlist-track" is already registered. Please see <a href="https://developer.wordpress.org/advanced-administration/debug/debug-wordpress/">Debugging in WordPress</a> for more information. (This message was added in version 5.0.0.) in C:\xampp\htdocs\malumere\wp-includes\functions.php on line 6260
[22-Sep-2026 22:34:43 UTC] PHP Notice:  Function WP_Block_Type_Registry::register was called <strong>incorrectly</strong>. Block type "core/post-author" is already registered. Please see <a href="https://developer.wordpress.org/advanced-administration/debug/debug-wordpress/">Debugging in WordPress</a> for more information. (This message was added in version 5.0.0.) in C:\xampp\htdocs\malumere\wp-includes\functions.php on line 6260
[22-Sep-2026 22:34:43 UTC] PHP Notice:  Function WP_Block_Type_Registry::register was called <strong>incorrectly</strong>. Block type "core/post-author-biography" is already registered. Please see <a href="https://developer.wordpress.org/advanced-administration/debug/debug-wordpress/">Debugging in WordPress</a> for more information. (This message was added in version 5.0.0.) in C:\xampp\htdocs\malumere\wp-includes\functions.php on line 6260
[22-Sep-2026 22:34:43 UTC] PHP Notice:  Function WP_Block_Type_Registry::register was called <strong>incorrectly</strong>. Block type "core/post-author-name" is already registered. Please see <a href="https://developer.wordpress.org/advanced-administration/debug/debug-wordpress/">Debugging in WordPress</a> for more information. (This message was added in version 5.0.0.) in C:\xampp\htdocs\malumere\wp-includes\functions.php on line 6260
[22-Sep-2026 22:34:43 UTC] PHP Notice:  Function WP_Block_Type_Registry::register was called <strong>incorrectly</strong>. Block type "core/post-comments-count" is already registered. Please see <a href="https://developer.wordpress.org/advanced-administration/debug/debug-wordpress/">Debugging in WordPress</a> for more information. (This message was added in version 5.0.0.) in C:\xampp\htdocs\malumere\wp-includes\functions.php on line 6260
[22-Sep-2026 22:34:43 UTC] PHP Notice:  Function WP_Block_Type_Registry::register was called <strong>incorrectly</strong>. Block type "core/post-comments-form" is already registered. Please see <a href="https://developer.wordpress.org/advanced-administration/debug/debug-wordpress/">Debugging in WordPress</a> for more information. (This message was added in version 5.0.0.) in C:\xampp\htdocs\malumere\wp-includes\functions.php on line 6260
[22-Sep-2026 22:34:43 UTC] PHP Notice:  Function WP_Block_Type_Registry::register was called <strong>incorrectly</strong>. Block type "core/post-comments-link" is already registered. Please see <a href="https://developer.wordpress.org/advanced-administration/debug/debug-wordpress/">Debugging in WordPress</a> for more information. (This message was added in version 5.0.0.) in C:\xampp\htdocs\malumere\wp-includes\functions.php on line 6260
[22-Sep-2026 22:34:43 UTC] PHP Notice:  Function WP_Block_Type_Registry::register was called <strong>incorrectly</strong>. Block type "core/post-content" is already registered. Please see <a href="https://developer.wordpress.org/advanced-administration/debug/debug-wordpress/">Debugging in WordPress</a> for more information. (This message was added in version 5.0.0.) in C:\xampp\htdocs\malumere\wp-includes\functions.php on line 6260
[22-Sep-2026 22:34:43 UTC] PHP Notice:  Function WP_Block_Type_Registry::register was called <strong>incorrectly</strong>. Block type "core/post-date" is already registered. Please see <a href="https://developer.wordpress.org/advanced-administration/debug/debug-wordpress/">Debugging in WordPress</a> for more information. (This message was added in version 5.0.0.) in C:\xampp\htdocs\malumere\wp-includes\functions.php on line 6260
[22-Sep-2026 22:34:43 UTC] PHP Notice:  Function WP_Block_Type_Registry::register was called <strong>incorrectly</strong>. Block type "core/post-excerpt" is already registered. Please see <a href="https://developer.wordpress.org/advanced-administration/debug/debug-wordpress/">Debugging in WordPress</a> for more information. (This message was added in version 5.0.0.) in C:\xampp\htdocs\malumere\wp-includes\functions.php on line 6260
[22-Sep-2026 22:34:43 UTC] PHP Notice:  Function WP_Block_Type_Registry::register was called <strong>incorrectly</strong>. Block type "core/post-featured-image" is already registered. Please see <a href="https://developer.wordpress.org/advanced-administration/debug/debug-wordpress/">Debugging in WordPress</a> for more information. (This message was added in version 5.0.0.) in C:\xampp\htdocs\malumere\wp-includes\functions.php on line 6260
[22-Sep-2026 22:34:43 UTC] PHP Notice:  Function WP_Block_Type_Registry::register was called <strong>incorrectly</strong>. Block type "core/post-navigation-link" is already registered. Please see <a href="https://developer.wordpress.org/advanced-administration/debug/debug-wordpress/">Debugging in WordPress</a> for more information. (This message was added in version 5.0.0.) in C:\xampp\htdocs\malumere\wp-includes\functions.php on line 6260
[22-Sep-2026 22:34:43 UTC] PHP Notice:  Function WP_Block_Type_Registry::register was called <strong>incorrectly</strong>. Block type "core/post-template" is already registered. Please see <a href="https://developer.wordpress.org/advanced-administration/debug/debug-wordpress/">Debugging in WordPress</a> for more information. (This message was added in version 5.0.0.) in C:\xampp\htdocs\malumere\wp-includes\functions.php on line 6260
[22-Sep-2026 22:34:43 UTC] PHP Notice:  Function WP_Block_Type_Registry::register was called <strong>incorrectly</strong>. Block type "core/post-terms" is already registered. Please see <a href="https://developer.wordpress.org/advanced-administration/debug/debug-wordpress/">Debugging in WordPress</a> for more information. (This message was added in version 5.0.0.) in C:\xampp\htdocs\malumere\wp-includes\functions.php on line 6260
[22-Sep-2026 22:34:43 UTC] PHP Notice:  Function WP_Block_Type_Registry::register was called <strong>incorrectly</strong>. Block type "core/post-time-to-read" is already registered. Please see <a href="https://developer.wordpress.org/advanced-administration/debug/debug-wordpress/">Debugging in WordPress</a> for more information. (This message was added in version 5.0.0.) in C:\xampp\htdocs\malumere\wp-includes\functions.php on line 6260
[22-Sep-2026 22:34:43 UTC] PHP Notice:  Function WP_Block_Type_Registry::register was called <strong>incorrectly</strong>. Block type "core/post-title" is already registered. Please see <a href="https://developer.wordpress.org/advanced-administration/debug/debug-wordpress/">Debugging in WordPress</a> for more information. (This message was added in version 5.0.0.) in C:\xampp\htdocs\malumere\wp-includes\functions.php on line 6260
[22-Sep-2026 22:34:43 UTC] PHP Notice:  Function WP_Block_Type_Registry::register was called <strong>incorrectly</strong>. Block type "core/query" is already registered. Please see <a href="https://developer.wordpress.org/advanced-administration/debug/debug-wordpress/">Debugging in WordPress</a> for more information. (This message was added in version 5.0.0.) in C:\xampp\htdocs\malumere\wp-includes\functions.php on line 6260
[22-Sep-2026 22:34:43 UTC] PHP Notice:  Function WP_Block_Type_Registry::register was called <strong>incorrectly</strong>. Block type "core/query-no-results" is already registered. Please see <a href="https://developer.wordpress.org/advanced-administration/debug/debug-wordpress/">Debugging in WordPress</a> for more information. (This message was added in version 5.0.0.) in C:\xampp\htdocs\malumere\wp-includes\functions.php on line 6260
[22-Sep-2026 22:34:43 UTC] PHP Notice:  Function WP_Block_Type_Registry::register was called <strong>incorrectly</strong>. Block type "core/query-pagination" is already registered. Please see <a href="https://developer.wordpress.org/advanced-administration/debug/debug-wordpress/">Debugging in WordPress</a> for more information. (This message was added in version 5.0.0.) in C:\xampp\htdocs\malumere\wp-includes\functions.php on line 6260
[22-Sep-2026 22:34:43 UTC] PHP Notice:  Function WP_Block_Type_Registry::register was called <strong>incorrectly</strong>. Block type "core/query-pagination-next" is already registered. Please see <a href="https://developer.wordpress.org/advanced-administration/debug/debug-wordpress/">Debugging in WordPress</a> for more information. (This message was added in version 5.0.0.) in C:\xampp\htdocs\malumere\wp-includes\functions.php on line 6260
[22-Sep-2026 22:34:43 UTC] PHP Notice:  Function WP_Block_Type_Registry::register was called <strong>incorrectly</strong>. Block type "core/query-pagination-numbers" is already registered. Please see <a href="https://developer.wordpress.org/advanced-administration/debug/debug-wordpress/">Debugging in WordPress</a> for more information. (This message was added in version 5.0.0.) in C:\xampp\htdocs\malumere\wp-includes\functions.php on line 6260
[22-Sep-2026 22:34:43 UTC] PHP Notice:  Function WP_Block_Type_Registry::register was called <strong>incorrectly</strong>. Block type "core/query-pagination-previous" is already registered. Please see <a href="https://developer.wordpress.org/advanced-administration/debug/debug-wordpress/">Debugging in WordPress</a> for more information. (This message was added in version 5.0.0.) in C:\xampp\htdocs\malumere\wp-includes\functions.php on line 6260
[22-Sep-2026 22:34:43 UTC] PHP Notice:  Function WP_Block_Type_Registry::register was called <strong>incorrectly</strong>. Block type "core/query-title" is already registered. Please see <a href="https://developer.wordpress.org/advanced-administration/debug/debug-wordpress/">Debugging in WordPress</a> for more information. (This message was added in version 5.0.0.) in C:\xampp\htdocs\malumere\wp-includes\functions.php on line 6260
[22-Sep-2026 22:34:43 UTC] PHP Notice:  Function WP_Block_Type_Registry::register was called <strong>incorrectly</strong>. Block type "core/query-total" is already registered. Please see <a href="https://developer.wordpress.org/advanced-administration/debug/debug-wordpress/">Debugging in WordPress</a> for more information. (This message was added in version 5.0.0.) in C:\xampp\htdocs\malumere\wp-includes\functions.php on line 6260
[22-Sep-2026 22:34:43 UTC] PHP Notice:  Function WP_Block_Type_Registry::register was called <strong>incorrectly</strong>. Block type "core/read-more" is already registered. Please see <a href="https://developer.wordpress.org/advanced-administration/debug/debug-wordpress/">Debugging in WordPress</a> for more information. (This message was added in version 5.0.0.) in C:\xampp\htdocs\malumere\wp-includes\functions.php on line 6260
[22-Sep-2026 22:34:43 UTC] PHP Notice:  Function WP_Block_Type_Registry::register was called <strong>incorrectly</strong>. Block type "core/rss" is already registered. Please see <a href="https://developer.wordpress.org/advanced-administration/debug/debug-wordpress/">Debugging in WordPress</a> for more information. (This message was added in version 5.0.0.) in C:\xampp\htdocs\malumere\wp-includes\functions.php on line 6260
[22-Sep-2026 22:34:43 UTC] PHP Notice:  Function WP_Block_Type_Registry::register was called <strong>incorrectly</strong>. Block type "core/search" is already registered. Please see <a href="https://developer.wordpress.org/advanced-administration/debug/debug-wordpress/">Debugging in WordPress</a> for more information. (This message was added in version 5.0.0.) in C:\xampp\htdocs\malumere\wp-includes\functions.php on line 6260
[22-Sep-2026 22:34:43 UTC] PHP Notice:  Function WP_Block_Type_Registry::register was called <strong>incorrectly</strong>. Block type "core/shortcode" is already registered. Please see <a href="https://developer.wordpress.org/advanced-administration/debug/debug-wordpress/">Debugging in WordPress</a> for more information. (This message was added in version 5.0.0.) in C:\xampp\htdocs\malumere\wp-includes\functions.php on line 6260
[22-Sep-2026 22:34:43 UTC] PHP Notice:  Function WP_Block_Type_Registry::register was called <strong>incorrectly</strong>. Block type "core/site-logo" is already registered. Please see <a href="https://developer.wordpress.org/advanced-administration/debug/debug-wordpress/">Debugging in WordPress</a> for more information. (This message was added in version 5.0.0.) in C:\xampp\htdocs\malumere\wp-includes\functions.php on line 6260
[22-Sep-2026 22:34:43 UTC] PHP Notice:  Function WP_Block_Type_Registry::register was called <strong>incorrectly</strong>. Block type "core/site-tagline" is already registered. Please see <a href="https://developer.wordpress.org/advanced-administration/debug/debug-wordpress/">Debugging in WordPress</a> for more information. (This message was added in version 5.0.0.) in C:\xampp\htdocs\malumere\wp-includes\functions.php on line 6260
[22-Sep-2026 22:34:43 UTC] PHP Notice:  Function WP_Block_Type_Registry::register was called <strong>incorrectly</strong>. Block type "core/site-title" is already registered. Please see <a href="https://developer.wordpress.org/advanced-administration/debug/debug-wordpress/">Debugging in WordPress</a> for more information. (This message was added in version 5.0.0.) in C:\xampp\htdocs\malumere\wp-includes\functions.php on line 6260
[22-Sep-2026 22:34:43 UTC] PHP Notice:  Function WP_Block_Type_Registry::register was called <strong>incorrectly</strong>. Block type "core/social-link" is already registered. Please see <a href="https://developer.wordpress.org/advanced-administration/debug/debug-wordpress/">Debugging in WordPress</a> for more information. (This message was added in version 5.0.0.) in C:\xampp\htdocs\malumere\wp-includes\functions.php on line 6260
[22-Sep-2026 22:34:43 UTC] PHP Notice:  Function WP_Block_Type_Registry::register was called <strong>incorrectly</strong>. Block type "core/tab-list" is already registered. Please see <a href="https://developer.wordpress.org/advanced-administration/debug/debug-wordpress/">Debugging in WordPress</a> for more information. (This message was added in version 5.0.0.) in C:\xampp\htdocs\malumere\wp-includes\functions.php on line 6260
[22-Sep-2026 22:34:43 UTC] PHP Notice:  Function WP_Block_Type_Registry::register was called <strong>incorrectly</strong>. Block type "core/tab-panel" is already registered. Please see <a href="https://developer.wordpress.org/advanced-administration/debug/debug-wordpress/">Debugging in WordPress</a> for more information. (This message was added in version 5.0.0.) in C:\xampp\htdocs\malumere\wp-includes\functions.php on line 6260
[22-Sep-2026 22:34:43 UTC] PHP Notice:  Function WP_Block_Type_Registry::register was called <strong>incorrectly</strong>. Block type "core/tabs" is already registered. Please see <a href="https://developer.wordpress.org/advanced-administration/debug/debug-wordpress/">Debugging in WordPress</a> for more information. (This message was added in version 5.0.0.) in C:\xampp\htdocs\malumere\wp-includes\functions.php on line 6260
[22-Sep-2026 22:34:43 UTC] PHP Notice:  Function WP_Block_Type_Registry::register was called <strong>incorrectly</strong>. Block type "core/tag-cloud" is already registered. Please see <a href="https://developer.wordpress.org/advanced-administration/debug/debug-wordpress/">Debugging in WordPress</a> for more information. (This message was added in version 5.0.0.) in C:\xampp\htdocs\malumere\wp-includes\functions.php on line 6260
[22-Sep-2026 22:34:43 UTC] PHP Notice:  Function WP_Block_Type_Registry::register was called <strong>incorrectly</strong>. Block type "core/template-part" is already registered. Please see <a href="https://developer.wordpress.org/advanced-administration/debug/debug-wordpress/">Debugging in WordPress</a> for more information. (This message was added in version 5.0.0.) in C:\xampp\htdocs\malumere\wp-includes\functions.php on line 6260
[22-Sep-2026 22:34:43 UTC] PHP Notice:  Function WP_Block_Type_Registry::register was called <strong>incorrectly</strong>. Block type "core/term-count" is already registered. Please see <a href="https://developer.wordpress.org/advanced-administration/debug/debug-wordpress/">Debugging in WordPress</a> for more information. (This message was added in version 5.0.0.) in C:\xampp\htdocs\malumere\wp-includes\functions.php on line 6260
[22-Sep-2026 22:34:43 UTC] PHP Notice:  Function WP_Block_Type_Registry::register was called <strong>incorrectly</strong>. Block type "core/term-description" is already registered. Please see <a href="https://developer.wordpress.org/advanced-administration/debug/debug-wordpress/">Debugging in WordPress</a> for more information. (This message was added in version 5.0.0.) in C:\xampp\htdocs\malumere\wp-includes\functions.php on line 6260
[22-Sep-2026 22:34:43 UTC] PHP Notice:  Function WP_Block_Type_Registry::register was called <strong>incorrectly</strong>. Block type "core/term-name" is already registered. Please see <a href="https://developer.wordpress.org/advanced-administration/debug/debug-wordpress/">Debugging in WordPress</a> for more information. (This message was added in version 5.0.0.) in C:\xampp\htdocs\malumere\wp-includes\functions.php on line 6260
[22-Sep-2026 22:34:43 UTC] PHP Notice:  Function WP_Block_Type_Registry::register was called <strong>incorrectly</strong>. Block type "core/term-template" is already registered. Please see <a href="https://developer.wordpress.org/advanced-administration/debug/debug-wordpress/">Debugging in WordPress</a> for more information. (This message was added in version 5.0.0.) in C:\xampp\htdocs\malumere\wp-includes\functions.php on line 6260
[22-Sep-2026 22:34:43 UTC] PHP Notice:  Function WP_Block_Type_Registry::register was called <strong>incorrectly</strong>. Block type "core/video" is already registered. Please see <a href="https://developer.wordpress.org/advanced-administration/debug/debug-wordpress/">Debugging in WordPress</a> for more information. (This message was added in version 5.0.0.) in C:\xampp\htdocs\malumere\wp-includes\functions.php on line 6260
[22-Sep-2026 22:34:43 UTC] PHP Notice:  Function WP_Block_Type_Registry::register was called <strong>incorrectly</strong>. Block type "core/accordion-heading" is already registered. Please see <a href="https://developer.wordpress.org/advanced-administration/debug/debug-wordpress/">Debugging in WordPress</a> for more information. (This message was added in version 5.0.0.) in C:\xampp\htdocs\malumere\wp-includes\functions.php on line 6260
[22-Sep-2026 22:34:43 UTC] PHP Notice:  Function WP_Block_Type_Registry::register was called <strong>incorrectly</strong>. Block type "core/accordion-panel" is already registered. Please see <a href="https://developer.wordpress.org/advanced-administration/debug/debug-wordpress/">Debugging in WordPress</a> for more information. (This message was added in version 5.0.0.) in C:\xampp\htdocs\malumere\wp-includes\functions.php on line 6260
[22-Sep-2026 22:34:43 UTC] PHP Notice:  Function WP_Block_Type_Registry::register was called <strong>incorrectly</strong>. Block type "core/audio" is already registered. Please see <a href="https://developer.wordpress.org/advanced-administration/debug/debug-wordpress/">Debugging in WordPress</a> for more information. (This message was added in version 5.0.0.) in C:\xampp\htdocs\malumere\wp-includes\functions.php on line 6260
[22-Sep-2026 22:34:43 UTC] PHP Notice:  Function WP_Block_Type_Registry::register was called <strong>incorrectly</strong>. Block type "core/buttons" is already registered. Please see <a href="https://developer.wordpress.org/advanced-administration/debug/debug-wordpress/">Debugging in WordPress</a> for more information. (This message was added in version 5.0.0.) in C:\xampp\htdocs\malumere\wp-includes\functions.php on line 6260
[22-Sep-2026 22:34:43 UTC] PHP Notice:  Function WP_Block_Type_Registry::register was called <strong>incorrectly</strong>. Block type "core/code" is already registered. Please see <a href="https://developer.wordpress.org/advanced-administration/debug/debug-wordpress/">Debugging in WordPress</a> for more information. (This message was added in version 5.0.0.) in C:\xampp\htdocs\malumere\wp-includes\functions.php on line 6260
[22-Sep-2026 22:34:43 UTC] PHP Notice:  Function WP_Block_Type_Registry::register was called <strong>incorrectly</strong>. Block type "core/column" is already registered. Please see <a href="https://developer.wordpress.org/advanced-administration/debug/debug-wordpress/">Debugging in WordPress</a> for more information. (This message was added in version 5.0.0.) in C:\xampp\htdocs\malumere\wp-includes\functions.php on line 6260
[22-Sep-2026 22:34:43 UTC] PHP Notice:  Function WP_Block_Type_Registry::register was called <strong>incorrectly</strong>. Block type "core/columns" is already registered. Please see <a href="https://developer.wordpress.org/advanced-administration/debug/debug-wordpress/">Debugging in WordPress</a> for more information. (This message was added in version 5.0.0.) in C:\xampp\htdocs\malumere\wp-includes\functions.php on line 6260
[22-Sep-2026 22:34:43 UTC] PHP Notice:  Function WP_Block_Type_Registry::register was called <strong>incorrectly</strong>. Block type "core/embed" is already registered. Please see <a href="https://developer.wordpress.org/advanced-administration/debug/debug-wordpress/">Debugging in WordPress</a> for more information. (This message was added in version 5.0.0.) in C:\xampp\htdocs\malumere\wp-includes\functions.php on line 6260
[22-Sep-2026 22:34:43 UTC] PHP Notice:  Function WP_Block_Type_Registry::register was called <strong>incorrectly</strong>. Block type "core/freeform" is already registered. Please see <a href="https://developer.wordpress.org/advanced-administration/debug/debug-wordpress/">Debugging in WordPress</a> for more information. (This message was added in version 5.0.0.) in C:\xampp\htdocs\malumere\wp-includes\functions.php on line 6260
[22-Sep-2026 22:34:43 UTC] PHP Notice:  Function WP_Block_Type_Registry::register was called <strong>incorrectly</strong>. Block type "core/group" is already registered. Please see <a href="https://developer.wordpress.org/advanced-administration/debug/debug-wordpress/">Debugging in WordPress</a> for more information. (This message was added in version 5.0.0.) in C:\xampp\htdocs\malumere\wp-includes\functions.php on line 6260
[22-Sep-2026 22:34:43 UTC] PHP Notice:  Function WP_Block_Type_Registry::register was called <strong>incorrectly</strong>. Block type "core/html" is already registered. Please see <a href="https://developer.wordpress.org/advanced-administration/debug/debug-wordpress/">Debugging in WordPress</a> for more information. (This message was added in version 5.0.0.) in C:\xampp\htdocs\malumere\wp-includes\functions.php on line 6260
[22-Sep-2026 22:34:43 UTC] PHP Notice:  Function WP_Block_Type_Registry::register was called <strong>incorrectly</strong>. Block type "core/list-item" is already registered. Please see <a href="https://developer.wordpress.org/advanced-administration/debug/debug-wordpress/">Debugging in WordPress</a> for more information. (This message was added in version 5.0.0.) in C:\xampp\htdocs\malumere\wp-includes\functions.php on line 6260
[22-Sep-2026 22:34:43 UTC] PHP Notice:  Function WP_Block_Type_Registry::register was called <strong>incorrectly</strong>. Block type "core/math" is already registered. Please see <a href="https://developer.wordpress.org/advanced-administration/debug/debug-wordpress/">Debugging in WordPress</a> for more information. (This message was added in version 5.0.0.) in C:\xampp\htdocs\malumere\wp-includes\functions.php on line 6260
[22-Sep-2026 22:34:43 UTC] PHP Notice:  Function WP_Block_Type_Registry::register was called <strong>incorrectly</strong>. Block type "core/missing" is already registered. Please see <a href="https://developer.wordpress.org/advanced-administration/debug/debug-wordpress/">Debugging in WordPress</a> for more information. (This message was added in version 5.0.0.) in C:\xampp\htdocs\malumere\wp-includes\functions.php on line 6260
[22-Sep-2026 22:34:43 UTC] PHP Notice:  Function WP_Block_Type_Registry::register was called <strong>incorrectly</strong>. Block type "core/more" is already registered. Please see <a href="https://developer.wordpress.org/advanced-administration/debug/debug-wordpress/">Debugging in WordPress</a> for more information. (This message was added in version 5.0.0.) in C:\xampp\htdocs\malumere\wp-includes\functions.php on line 6260
[22-Sep-2026 22:34:43 UTC] PHP Notice:  Function WP_Block_Type_Registry::register was called <strong>incorrectly</strong>. Block type "core/nextpage" is already registered. Please see <a href="https://developer.wordpress.org/advanced-administration/debug/debug-wordpress/">Debugging in WordPress</a> for more information. (This message was added in version 5.0.0.) in C:\xampp\htdocs\malumere\wp-includes\functions.php on line 6260
[22-Sep-2026 22:34:43 UTC] PHP Notice:  Function WP_Block_Type_Registry::register was called <strong>incorrectly</strong>. Block type "core/preformatted" is already registered. Please see <a href="https://developer.wordpress.org/advanced-administration/debug/debug-wordpress/">Debugging in WordPress</a> for more information. (This message was added in version 5.0.0.) in C:\xampp\htdocs\malumere\wp-includes\functions.php on line 6260
[22-Sep-2026 22:34:43 UTC] PHP Notice:  Function WP_Block_Type_Registry::register was called <strong>incorrectly</strong>. Block type "core/pullquote" is already registered. Please see <a href="https://developer.wordpress.org/advanced-administration/debug/debug-wordpress/">Debugging in WordPress</a> for more information. (This message was added in version 5.0.0.) in C:\xampp\htdocs\malumere\wp-includes\functions.php on line 6260
[22-Sep-2026 22:34:43 UTC] PHP Notice:  Function WP_Block_Type_Registry::register was called <strong>incorrectly</strong>. Block type "core/quote" is already registered. Please see <a href="https://developer.wordpress.org/advanced-administration/debug/debug-wordpress/">Debugging in WordPress</a> for more information. (This message was added in version 5.0.0.) in C:\xampp\htdocs\malumere\wp-includes\functions.php on line 6260
[22-Sep-2026 22:34:43 UTC] PHP Notice:  Function WP_Block_Type_Registry::register was called <strong>incorrectly</strong>. Block type "core/separator" is already registered. Please see <a href="https://developer.wordpress.org/advanced-administration/debug/debug-wordpress/">Debugging in WordPress</a> for more information. (This message was added in version 5.0.0.) in C:\xampp\htdocs\malumere\wp-includes\functions.php on line 6260
[22-Sep-2026 22:34:43 UTC] PHP Notice:  Function WP_Block_Type_Registry::register was called <strong>incorrectly</strong>. Block type "core/social-links" is already registered. Please see <a href="https://developer.wordpress.org/advanced-administration/debug/debug-wordpress/">Debugging in WordPress</a> for more information. (This message was added in version 5.0.0.) in C:\xampp\htdocs\malumere\wp-includes\functions.php on line 6260
[22-Sep-2026 22:34:43 UTC] PHP Notice:  Function WP_Block_Type_Registry::register was called <strong>incorrectly</strong>. Block type "core/spacer" is already registered. Please see <a href="https://developer.wordpress.org/advanced-administration/debug/debug-wordpress/">Debugging in WordPress</a> for more information. (This message was added in version 5.0.0.) in C:\xampp\htdocs\malumere\wp-includes\functions.php on line 6260
[22-Sep-2026 22:34:43 UTC] PHP Notice:  Function WP_Block_Type_Registry::register was called <strong>incorrectly</strong>. Block type "core/tab-panels" is already registered. Please see <a href="https://developer.wordpress.org/advanced-administration/debug/debug-wordpress/">Debugging in WordPress</a> for more information. (This message was added in version 5.0.0.) in C:\xampp\htdocs\malumere\wp-includes\functions.php on line 6260
[22-Sep-2026 22:34:43 UTC] PHP Notice:  Function WP_Block_Type_Registry::register was called <strong>incorrectly</strong>. Block type "core/table" is already registered. Please see <a href="https://developer.wordpress.org/advanced-administration/debug/debug-wordpress/">Debugging in WordPress</a> for more information. (This message was added in version 5.0.0.) in C:\xampp\htdocs\malumere\wp-includes\functions.php on line 6260
[22-Sep-2026 22:34:43 UTC] PHP Notice:  Function WP_Block_Type_Registry::register was called <strong>incorrectly</strong>. Block type "core/terms-query" is already registered. Please see <a href="https://developer.wordpress.org/advanced-administration/debug/debug-wordpress/">Debugging in WordPress</a> for more information. (This message was added in version 5.0.0.) in C:\xampp\htdocs\malumere\wp-includes\functions.php on line 6260
[22-Sep-2026 22:34:43 UTC] PHP Notice:  Function WP_Block_Type_Registry::register was called <strong>incorrectly</strong>. Block type "core/text-columns" is already registered. Please see <a href="https://developer.wordpress.org/advanced-administration/debug/debug-wordpress/">Debugging in WordPress</a> for more information. (This message was added in version 5.0.0.) in C:\xampp\htdocs\malumere\wp-includes\functions.php on line 6260
[22-Sep-2026 22:34:43 UTC] PHP Notice:  Function WP_Block_Type_Registry::register was called <strong>incorrectly</strong>. Block type "core/verse" is already registered. Please see <a href="https://developer.wordpress.org/advanced-administration/debug/debug-wordpress/">Debugging in WordPress</a> for more information. (This message was added in version 5.0.0.) in C:\xampp\htdocs\malumere\wp-includes\functions.php on line 6260
[22-Sep-2026 22:34:57 UTC] PHP Notice:  Function WP_Icon_Collections_Registry::register was called <strong>incorrectly</strong>. Icon collection is already registered. Please see <a href="https://developer.wordpress.org/advanced-administration/debug/debug-wordpress/">Debugging in WordPress</a> for more information. (This message was added in version 7.1.0.) in C:\xampp\htdocs\malumere\wp-includes\functions.php on line 6260
[22-Sep-2026 22:34:57 UTC] PHP Notice:  Function WP_Font_Library::register_font_collection was called <strong>incorrectly</strong>. Font collection with slug: "google-fonts" is already registered. Please see <a href="https://developer.wordpress.org/advanced-administration/debug/debug-wordpress/">Debugging in WordPress</a> for more information. (This message was added in version 6.5.0.) in C:\xampp\htdocs\malumere\wp-includes\functions.php on line 6260
[22-Sep-2026 22:34:57 UTC] PHP Notice:  Function WP_Icons_Registry::register was called <strong>incorrectly</strong>. Icon is already registered. Please see <a href="https://developer.wordpress.org/advanced-administration/debug/debug-wordpress/">Debugging in WordPress</a> for more information. (This message was added in version 7.1.0.) in C:\xampp\htdocs\malumere\wp-includes\functions.php on line 6260
[22-Sep-2026 22:34:57 UTC] PHP Notice:  Function WP_Icons_Registry::register was called <strong>incorrectly</strong>. Icon is already registered. Please see <a href="https://developer.wordpress.org/advanced-administration/debug/debug-wordpress/">Debugging in WordPress</a> for more information. (This message was added in version 7.1.0.) in C:\xampp\htdocs\malumere\wp-includes\functions.php on line 6260
[22-Sep-2026 22:34:57 UTC] PHP Notice:  Function WP_Icons_Registry::register was called <strong>incorrectly</strong>. Icon is already registered. Please see <a href="https://developer.wordpress.org/advanced-administration/debug/debug-wordpress/">Debugging in WordPress</a> for more information. (This message was added in version 7.1.0.) in C:\xampp\htdocs\malumere\wp-includes\functions.php on line 6260
[22-Sep-2026 22:34:57 UTC] PHP Notice:  Function WP_Icons_Registry::register was called <strong>incorrectly</strong>. Icon is already registered. Please see <a href="https://developer.wordpress.org/advanced-administration/debug/debug-wordpress/">Debugging in WordPress</a> for more information. (This message was added in version 7.1.0.) in C:\xampp\htdocs\malumere\wp-includes\functions.php on line 6260
[22-Sep-2026 22:34:57 UTC] PHP Notice:  Function WP_Icons_Registry::register was called <strong>incorrectly</strong>. Icon is already registered. Please see <a href="https://developer.wordpress.org/advanced-administration/debug/debug-wordpress/">Debugging in WordPress</a> for more information. (This message was added in version 7.1.0.) in C:\xampp\htdocs\malumere\wp-includes\functions.php on line 6260
[22-Sep-2026 22:34:57 UTC] PHP Notice:  Function WP_Icons_Registry::register was called <strong>incorrectly</strong>. Icon is already registered. Please see <a href="https://developer.wordpress.org/advanced-administration/debug/debug-wordpress/">Debugging in WordPress</a> for more information. (This message was added in version 7.1.0.) in C:\xampp\htdocs\malumere\wp-includes\functions.php on line 6260
[22-Sep-2026 22:34:57 UTC] PHP Notice:  Function WP_Icons_Registry::register was called <strong>incorrectly</strong>. Icon is already registered. Please see <a href="https://developer.wordpress.org/advanced-administration/debug/debug-wordpress/">Debugging in WordPress</a> for more information. (This message was added in version 7.1.0.) in C:\xampp\htdocs\malumere\wp-includes\functions.php on line 6260
[22-Sep-2026 22:34:57 UTC] PHP Notice:  Function WP_Icons_Registry::register was called <strong>incorrectly</strong>. Icon is already registered. Please see <a href="https://developer.wordpress.org/advanced-administration/debug/debug-wordpress/">Debugging in WordPress</a> for more information. (This message was added in version 7.1.0.) in C:\xampp\htdocs\malumere\wp-includes\functions.php on line 6260
[22-Sep-2026 22:34:57 UTC] PHP Notice:  Function WP_Icons_Registry::register was called <strong>incorrectly</strong>. Icon is already registered. Please see <a href="https://developer.wordpress.org/advanced-administration/debug/debug-wordpress/">Debugging in WordPress</a> for more information. (This message was added in version 7.1.0.) in C:\xampp\htdocs\malumere\wp-includes\functions.php on line 6260
[22-Sep-2026 22:34:57 UTC] PHP Notice:  Function WP_Icons_Registry::register was called <strong>incorrectly</strong>. Icon is already registered. Please see <a href="https://developer.wordpress.org/advanced-administration/debug/debug-wordpress/">Debugging in WordPress</a> for more information. (This message was added in version 7.1.0.) in C:\xampp\htdocs\malumere\wp-includes\functions.php on line 6260
[22-Sep-2026 22:34:57 UTC] PHP Notice:  Function WP_Icons_Registry::register was called <strong>incorrectly</strong>. Icon is already registered. Please see <a href="https://developer.wordpress.org/advanced-administration/debug/debug-wordpress/">Debugging in WordPress</a> for more information. (This message was added in version 7.1.0.) in C:\xampp\htdocs\malumere\wp-includes\functions.php on line 6260
[22-Sep-2026 22:34:57 UTC] PHP Notice:  Function WP_Icons_Registry::register was called <strong>incorrectly</strong>. Icon is already registered. Please see <a href="https://developer.wordpress.org/advanced-administration/debug/debug-wordpress/">Debugging in WordPress</a> for more information. (This message was added in version 7.1.0.) in C:\xampp\htdocs\malumere\wp-includes\functions.php on line 6260
[22-Sep-2026 22:34:57 UTC] PHP Notice:  Function WP_Icons_Registry::register was called <strong>incorrectly</strong>. Icon is already registered. Please see <a href="https://developer.wordpress.org/advanced-administration/debug/debug-wordpress/">Debugging in WordPress</a> for more information. (This message was added in version 7.1.0.) in C:\xampp\htdocs\malumere\wp-includes\functions.php on line 6260
[22-Sep-2026 22:34:57 UTC] PHP Notice:  Function WP_Icons_Registry::register was called <strong>incorrectly</strong>. Icon is already registered. Please see <a href="https://developer.wordpress.org/advanced-administration/debug/debug-wordpress/">Debugging in WordPress</a> for more information. (This message was added in version 7.1.0.) in C:\xampp\htdocs\malumere\wp-includes\functions.php on line 6260
[22-Sep-2026 22:34:57 UTC] PHP Notice:  Function WP_Icons_Registry::register was called <strong>incorrectly</strong>. Icon is already registered. Please see <a href="https://developer.wordpress.org/advanced-administration/debug/debug-wordpress/">Debugging in WordPress</a> for more information. (This message was added in version 7.1.0.) in C:\xampp\htdocs\malumere\wp-includes\functions.php on line 6260
[22-Sep-2026 22:34:57 UTC] PHP Notice:  Function WP_Icons_Registry::register was called <strong>incorrectly</strong>. Icon is already registered. Please see <a href="https://developer.wordpress.org/advanced-administration/debug/debug-wordpress/">Debugging in WordPress</a> for more information. (This message was added in version 7.1.0.) in C:\xampp\htdocs\malumere\wp-includes\functions.php on line 6260
[22-Sep-2026 22:34:57 UTC] PHP Notice:  Function WP_Icons_Registry::register was called <strong>incorrectly</strong>. Icon is already registered. Please see <a href="https://developer.wordpress.org/advanced-administration/debug/debug-wordpress/">Debugging in WordPress</a> for more information. (This message was added in version 7.1.0.) in C:\xampp\htdocs\malumere\wp-includes\functions.php on line 6260
[22-Sep-2026 22:34:57 UTC] PHP Notice:  Function WP_Icons_Registry::register was called <strong>incorrectly</strong>. Icon is already registered. Please see <a href="https://developer.wordpress.org/advanced-administration/debug/debug-wordpress/">Debugging in WordPress</a> for more information. (This message was added in version 7.1.0.) in C:\xampp\htdocs\malumere\wp-includes\functions.php on line 6260
[22-Sep-2026 22:34:57 UTC] PHP Notice:  Function WP_Icons_Registry::register was called <strong>incorrectly</strong>. Icon is already registered. Please see <a href="https://developer.wordpress.org/advanced-administration/debug/debug-wordpress/">Debugging in WordPress</a> for more information. (This message was added in version 7.1.0.) in C:\xampp\htdocs\malumere\wp-includes\functions.php on line 6260
[22-Sep-2026 22:34:57 UTC] PHP Notice:  Function WP_Icons_Registry::register was called <strong>incorrectly</strong>. Icon is already registered. Please see <a href="https://developer.wordpress.org/advanced-administration/debug/debug-wordpress/">Debugging in WordPress</a> for more information. (This message was added in version 7.1.0.) in C:\xampp\htdocs\malumere\wp-includes\functions.php on line 6260
[22-Sep-2026 22:34:57 UTC] PHP Notice:  Function WP_Icons_Registry::register was called <strong>incorrectly</strong>. Icon is already registered. Please see <a href="https://developer.wordpress.org/advanced-administration/debug/debug-wordpress/">Debugging in WordPress</a> for more information. (This message was added in version 7.1.0.) in C:\xampp\htdocs\malumere\wp-includes\functions.php on line 6260
[22-Sep-2026 22:34:57 UTC] PHP Notice:  Function WP_Icons_Registry::register was called <strong>incorrectly</strong>. Icon is already registered. Please see <a href="https://developer.wordpress.org/advanced-administration/debug/debug-wordpress/">Debugging in WordPress</a> for more information. (This message was added in version 7.1.0.) in C:\xampp\htdocs\malumere\wp-includes\functions.php on line 6260
[22-Sep-2026 22:34:57 UTC] PHP Notice:  Function WP_Icons_Registry::register was called <strong>incorrectly</strong>. Icon is already registered. Please see <a href="https://developer.wordpress.org/advanced-administration/debug/debug-wordpress/">Debugging in WordPress</a> for more information. (This message was added in version 7.1.0.) in C:\xampp\htdocs\malumere\wp-includes\functions.php on line 6260
[22-Sep-2026 22:34:57 UTC] PHP Notice:  Function WP_Icons_Registry::register was called <strong>incorrectly</strong>. Icon is already registered. Please see <a href="https://developer.wordpress.org/advanced-administration/debug/debug-wordpress/">Debugging in WordPress</a> for more information. (This message was added in version 7.1.0.) in C:\xampp\htdocs\malumere\wp-includes\functions.php on line 6260
[22-Sep-2026 22:34:57 UTC] PHP Notice:  Function WP_Icons_Registry::register was called <strong>incorrectly</strong>. Icon is already registered. Please see <a href="https://developer.wordpress.org/advanced-administration/debug/debug-wordpress/">Debugging in WordPress</a> for more information. (This message was added in version 7.1.0.) in C:\xampp\htdocs\malumere\wp-includes\functions.php on line 6260
[22-Sep-2026 22:34:57 UTC] PHP Notice:  Function WP_Icons_Registry::register was called <strong>incorrectly</strong>. Icon is already registered. Please see <a href="https://developer.wordpress.org/advanced-administration/debug/debug-wordpress/">Debugging in WordPress</a> for more information. (This message was added in version 7.1.0.) in C:\xampp\htdocs\malumere\wp-includes\functions.php on line 6260
[22-Sep-2026 22:34:57 UTC] PHP Notice:  Function WP_Icons_Registry::register was called <strong>incorrectly</strong>. Icon is already registered. Please see <a href="https://developer.wordpress.org/advanced-administration/debug/debug-wordpress/">Debugging in WordPress</a> for more information. (This message was added in version 7.1.0.) in C:\xampp\htdocs\malumere\wp-includes\functions.php on line 6260
[22-Sep-2026 22:34:57 UTC] PHP Notice:  Function WP_Icons_Registry::register was called <strong>incorrectly</strong>. Icon is already registered. Please see <a href="https://developer.wordpress.org/advanced-administration/debug/debug-wordpress/">Debugging in WordPress</a> for more information. (This message was added in version 7.1.0.) in C:\xampp\htdocs\malumere\wp-includes\functions.php on line 6260
[22-Sep-2026 22:34:57 UTC] PHP Notice:  Function WP_Icons_Registry::register was called <strong>incorrectly</strong>. Icon is already registered. Please see <a href="https://developer.wordpress.org/advanced-administration/debug/debug-wordpress/">Debugging in WordPress</a> for more information. (This message was added in version 7.1.0.) in C:\xampp\htdocs\malumere\wp-includes\functions.php on line 6260
[22-Sep-2026 22:34:57 UTC] PHP Notice:  Function WP_Icons_Registry::register was called <strong>incorrectly</strong>. Icon is already registered. Please see <a href="https://developer.wordpress.org/advanced-administration/debug/debug-wordpress/">Debugging in WordPress</a> for more information. (This message was added in version 7.1.0.) in C:\xampp\htdocs\malumere\wp-includes\functions.php on line 6260
[22-Sep-2026 22:34:57 UTC] PHP Notice:  Function WP_Icons_Registry::register was called <strong>incorrectly</strong>. Icon is already registered. Please see <a href="https://developer.wordpress.org/advanced-administration/debug/debug-wordpress/">Debugging in WordPress</a> for more information. (This message was added in version 7.1.0.) in C:\xampp\htdocs\malumere\wp-includes\functions.php on line 6260
[22-Sep-2026 22:34:57 UTC] PHP Notice:  Function WP_Icons_Registry::register was called <strong>incorrectly</strong>. Icon is already registered. Please see <a href="https://developer.wordpress.org/advanced-administration/debug/debug-wordpress/">Debugging in WordPress</a> for more information. (This message was added in version 7.1.0.) in C:\xampp\htdocs\malumere\wp-includes\functions.php on line 6260
[22-Sep-2026 22:34:57 UTC] PHP Notice:  Function WP_Icons_Registry::register was called <strong>incorrectly</strong>. Icon is already registered. Please see <a href="https://developer.wordpress.org/advanced-administration/debug/debug-wordpress/">Debugging in WordPress</a> for more information. (This message was added in version 7.1.0.) in C:\xampp\htdocs\malumere\wp-includes\functions.php on line 6260
[22-Sep-2026 22:34:57 UTC] PHP Notice:  Function WP_Icons_Registry::register was called <strong>incorrectly</strong>. Icon is already registered. Please see <a href="https://developer.wordpress.org/advanced-administration/debug/debug-wordpress/">Debugging in WordPress</a> for more information. (This message was added in version 7.1.0.) in C:\xampp\htdocs\malumere\wp-includes\functions.php on line 6260
[22-Sep-2026 22:34:57 UTC] PHP Notice:  Function WP_Icons_Registry::register was called <strong>incorrectly</strong>. Icon is already registered. Please see <a href="https://developer.wordpress.org/advanced-administration/debug/debug-wordpress/">Debugging in WordPress</a> for more information. (This message was added in version 7.1.0.) in C:\xampp\htdocs\malumere\wp-includes\functions.php on line 6260
[22-Sep-2026 22:34:57 UTC] PHP Notice:  Function WP_Icons_Registry::register was called <strong>incorrectly</strong>. Icon is already registered. Please see <a href="https://developer.wordpress.org/advanced-administration/debug/debug-wordpress/">Debugging in WordPress</a> for more information. (This message was added in version 7.1.0.) in C:\xampp\htdocs\malumere\wp-includes\functions.php on line 6260
[22-Sep-2026 22:34:57 UTC] PHP Notice:  Function WP_Icons_Registry::register was called <strong>incorrectly</strong>. Icon is already registered. Please see <a href="https://developer.wordpress.org/advanced-administration/debug/debug-wordpress/">Debugging in WordPress</a> for more information. (This message was added in version 7.1.0.) in C:\xampp\htdocs\malumere\wp-includes\functions.php on line 6260
[22-Sep-2026 22:34:57 UTC] PHP Notice:  Function WP_Icons_Registry::register was called <strong>incorrectly</strong>. Icon is already registered. Please see <a href="https://developer.wordpress.org/advanced-administration/debug/debug-wordpress/">Debugging in WordPress</a> for more information. (This message was added in version 7.1.0.) in C:\xampp\htdocs\malumere\wp-includes\functions.php on line 6260
[22-Sep-2026 22:34:58 UTC] PHP Notice:  Function WP_Icons_Registry::register was called <strong>incorrectly</strong>. Icon is already registered. Please see <a href="https://developer.wordpress.org/advanced-administration/debug/debug-wordpress/">Debugging in WordPress</a> for more information. (This message was added in version 7.1.0.) in C:\xampp\htdocs\malumere\wp-includes\functions.php on line 6260
[22-Sep-2026 22:34:58 UTC] PHP Notice:  Function WP_Icons_Registry::register was called <strong>incorrectly</strong>. Icon is already registered. Please see <a href="https://developer.wordpress.org/advanced-administration/debug/debug-wordpress/">Debugging in WordPress</a> for more information. (This message was added in version 7.1.0.) in C:\xampp\htdocs\malumere\wp-includes\functions.php on line 6260
[22-Sep-2026 22:34:58 UTC] PHP Notice:  Function WP_Icons_Registry::register was called <strong>incorrectly</strong>. Icon is already registered. Please see <a href="https://developer.wordpress.org/advanced-administration/debug/debug-wordpress/">Debugging in WordPress</a> for more information. (This message was added in version 7.1.0.) in C:\xampp\htdocs\malumere\wp-includes\functions.php on line 6260
[22-Sep-2026 22:34:58 UTC] PHP Notice:  Function WP_Icons_Registry::register was called <strong>incorrectly</strong>. Icon is already registered. Please see <a href="https://developer.wordpress.org/advanced-administration/debug/debug-wordpress/">Debugging in WordPress</a> for more information. (This message was added in version 7.1.0.) in C:\xampp\htdocs\malumere\wp-includes\functions.php on line 6260
[22-Sep-2026 22:34:58 UTC] PHP Notice:  Function WP_Icons_Registry::register was called <strong>incorrectly</strong>. Icon is already registered. Please see <a href="https://developer.wordpress.org/advanced-administration/debug/debug-wordpress/">Debugging in WordPress</a> for more information. (This message was added in version 7.1.0.) in C:\xampp\htdocs\malumere\wp-includes\functions.php on line 6260
[22-Sep-2026 22:34:58 UTC] PHP Notice:  Function WP_Icons_Registry::register was called <strong>incorrectly</strong>. Icon is already registered. Please see <a href="https://developer.wordpress.org/advanced-administration/debug/debug-wordpress/">Debugging in WordPress</a> for more information. (This message was added in version 7.1.0.) in C:\xampp\htdocs\malumere\wp-includes\functions.php on line 6260
[22-Sep-2026 22:34:58 UTC] PHP Notice:  Function WP_Icons_Registry::register was called <strong>incorrectly</strong>. Icon is already registered. Please see <a href="https://developer.wordpress.org/advanced-administration/debug/debug-wordpress/">Debugging in WordPress</a> for more information. (This message was added in version 7.1.0.) in C:\xampp\htdocs\malumere\wp-includes\functions.php on line 6260
[22-Sep-2026 22:34:58 UTC] PHP Notice:  Function WP_Icons_Registry::register was called <strong>incorrectly</strong>. Icon is already registered. Please see <a href="https://developer.wordpress.org/advanced-administration/debug/debug-wordpress/">Debugging in WordPress</a> for more information. (This message was added in version 7.1.0.) in C:\xampp\htdocs\malumere\wp-includes\functions.php on line 6260
[22-Sep-2026 22:34:58 UTC] PHP Notice:  Function WP_Icons_Registry::register was called <strong>incorrectly</strong>. Icon is already registered. Please see <a href="https://developer.wordpress.org/advanced-administration/debug/debug-wordpress/">Debugging in WordPress</a> for more information. (This message was added in version 7.1.0.) in C:\xampp\htdocs\malumere\wp-includes\functions.php on line 6260
[22-Sep-2026 22:34:58 UTC] PHP Notice:  Function WP_Icons_Registry::register was called <strong>incorrectly</strong>. Icon is already registered. Please see <a href="https://developer.wordpress.org/advanced-administration/debug/debug-wordpress/">Debugging in WordPress</a> for more information. (This message was added in version 7.1.0.) in C:\xampp\htdocs\malumere\wp-includes\functions.php on line 6260
[22-Sep-2026 22:34:58 UTC] PHP Notice:  Function WP_Icons_Registry::register was called <strong>incorrectly</strong>. Icon is already registered. Please see <a href="https://developer.wordpress.org/advanced-administration/debug/debug-wordpress/">Debugging in WordPress</a> for more information. (This message was added in version 7.1.0.) in C:\xampp\htdocs\malumere\wp-includes\functions.php on line 6260
[22-Sep-2026 22:34:58 UTC] PHP Notice:  Function WP_Icons_Registry::register was called <strong>incorrectly</strong>. Icon is already registered. Please see <a href="https://developer.wordpress.org/advanced-administration/debug/debug-wordpress/">Debugging in WordPress</a> for more information. (This message was added in version 7.1.0.) in C:\xampp\htdocs\malumere\wp-includes\functions.php on line 6260
[22-Sep-2026 22:34:58 UTC] PHP Notice:  Function WP_Icons_Registry::register was called <strong>incorrectly</strong>. Icon is already registered. Please see <a href="https://developer.wordpress.org/advanced-administration/debug/debug-wordpress/">Debugging in WordPress</a> for more information. (This message was added in version 7.1.0.) in C:\xampp\htdocs\malumere\wp-includes\functions.php on line 6260
[22-Sep-2026 22:34:58 UTC] PHP Notice:  Function WP_Icons_Registry::register was called <strong>incorrectly</strong>. Icon is already registered. Please see <a href="https://developer.wordpress.org/advanced-administration/debug/debug-wordpress/">Debugging in WordPress</a> for more information. (This message was added in version 7.1.0.) in C:\xampp\htdocs\malumere\wp-includes\functions.php on line 6260
[22-Sep-2026 22:34:58 UTC] PHP Notice:  Function WP_Icons_Registry::register was called <strong>incorrectly</strong>. Icon is already registered. Please see <a href="https://developer.wordpress.org/advanced-administration/debug/debug-wordpress/">Debugging in WordPress</a> for more information. (This message was added in version 7.1.0.) in C:\xampp\htdocs\malumere\wp-includes\functions.php on line 6260
[22-Sep-2026 22:34:58 UTC] PHP Notice:  Function WP_Icons_Registry::register was called <strong>incorrectly</strong>. Icon is already registered. Please see <a href="https://developer.wordpress.org/advanced-administration/debug/debug-wordpress/">Debugging in WordPress</a> for more information. (This message was added in version 7.1.0.) in C:\xampp\htdocs\malumere\wp-includes\functions.php on line 6260
[22-Sep-2026 22:34:58 UTC] PHP Notice:  Function WP_Icons_Registry::register was called <strong>incorrectly</strong>. Icon is already registered. Please see <a href="https://developer.wordpress.org/advanced-administration/debug/debug-wordpress/">Debugging in WordPress</a> for more information. (This message was added in version 7.1.0.) in C:\xampp\htdocs\malumere\wp-includes\functions.php on line 6260
[22-Sep-2026 22:34:58 UTC] PHP Notice:  Function WP_Icons_Registry::register was called <strong>incorrectly</strong>. Icon is already registered. Please see <a href="https://developer.wordpress.org/advanced-administration/debug/debug-wordpress/">Debugging in WordPress</a> for more information. (This message was added in version 7.1.0.) in C:\xampp\htdocs\malumere\wp-includes\functions.php on line 6260
[22-Sep-2026 22:34:58 UTC] PHP Notice:  Function WP_Icons_Registry::register was called <strong>incorrectly</strong>. Icon is already registered. Please see <a href="https://developer.wordpress.org/advanced-administration/debug/debug-wordpress/">Debugging in WordPress</a> for more information. (This message was added in version 7.1.0.) in C:\xampp\htdocs\malumere\wp-includes\functions.php on line 6260
[22-Sep-2026 22:34:58 UTC] PHP Notice:  Function WP_Icons_Registry::register was called <strong>incorrectly</strong>. Icon is already registered. Please see <a href="https://developer.wordpress.org/advanced-administration/debug/debug-wordpress/">Debugging in WordPress</a> for more information. (This message was added in version 7.1.0.) in C:\xampp\htdocs\malumere\wp-includes\functions.php on line 6260
[22-Sep-2026 22:34:58 UTC] PHP Notice:  Function WP_Icons_Registry::register was called <strong>incorrectly</strong>. Icon is already registered. Please see <a href="https://developer.wordpress.org/advanced-administration/debug/debug-wordpress/">Debugging in WordPress</a> for more information. (This message was added in version 7.1.0.) in C:\xampp\htdocs\malumere\wp-includes\functions.php on line 6260
[22-Sep-2026 22:34:58 UTC] PHP Notice:  Function WP_Icons_Registry::register was called <strong>incorrectly</strong>. Icon is already registered. Please see <a href="https://developer.wordpress.org/advanced-administration/debug/debug-wordpress/">Debugging in WordPress</a> for more information. (This message was added in version 7.1.0.) in C:\xampp\htdocs\malumere\wp-includes\functions.php on line 6260
[22-Sep-2026 22:34:58 UTC] PHP Notice:  Function WP_Icons_Registry::register was called <strong>incorrectly</strong>. Icon is already registered. Please see <a href="https://developer.wordpress.org/advanced-administration/debug/debug-wordpress/">Debugging in WordPress</a> for more information. (This message was added in version 7.1.0.) in C:\xampp\htdocs\malumere\wp-includes\functions.php on line 6260
[22-Sep-2026 22:34:58 UTC] PHP Notice:  Function WP_Icons_Registry::register was called <strong>incorrectly</strong>. Icon is already registered. Please see <a href="https://developer.wordpress.org/advanced-administration/debug/debug-wordpress/">Debugging in WordPress</a> for more information. (This message was added in version 7.1.0.) in C:\xampp\htdocs\malumere\wp-includes\functions.php on line 6260
[22-Sep-2026 22:34:58 UTC] PHP Notice:  Function WP_Icons_Registry::register was called <strong>incorrectly</strong>. Icon is already registered. Please see <a href="https://developer.wordpress.org/advanced-administration/debug/debug-wordpress/">Debugging in WordPress</a> for more information. (This message was added in version 7.1.0.) in C:\xampp\htdocs\malumere\wp-includes\functions.php on line 6260
[22-Sep-2026 22:34:58 UTC] PHP Notice:  Function WP_Icons_Registry::register was called <strong>incorrectly</strong>. Icon is already registered. Please see <a href="https://developer.wordpress.org/advanced-administration/debug/debug-wordpress/">Debugging in WordPress</a> for more information. (This message was added in version 7.1.0.) in C:\xampp\htdocs\malumere\wp-includes\functions.php on line 6260
[22-Sep-2026 22:34:58 UTC] PHP Notice:  Function WP_Icons_Registry::register was called <strong>incorrectly</strong>. Icon is already registered. Please see <a href="https://developer.wordpress.org/advanced-administration/debug/debug-wordpress/">Debugging in WordPress</a> for more information. (This message was added in version 7.1.0.) in C:\xampp\htdocs\malumere\wp-includes\functions.php on line 6260
[22-Sep-2026 22:34:58 UTC] PHP Notice:  Function WP_Icons_Registry::register was called <strong>incorrectly</strong>. Icon is already registered. Please see <a href="https://developer.wordpress.org/advanced-administration/debug/debug-wordpress/">Debugging in WordPress</a> for more information. (This message was added in version 7.1.0.) in C:\xampp\htdocs\malumere\wp-includes\functions.php on line 6260
[22-Sep-2026 22:34:58 UTC] PHP Notice:  Function WP_Icons_Registry::register was called <strong>incorrectly</strong>. Icon is already registered. Please see <a href="https://developer.wordpress.org/advanced-administration/debug/debug-wordpress/">Debugging in WordPress</a> for more information. (This message was added in version 7.1.0.) in C:\xampp\htdocs\malumere\wp-includes\functions.php on line 6260
[22-Sep-2026 22:34:58 UTC] PHP Notice:  Function WP_Icons_Registry::register was called <strong>incorrectly</strong>. Icon is already registered. Please see <a href="https://developer.wordpress.org/advanced-administration/debug/debug-wordpress/">Debugging in WordPress</a> for more information. (This message was added in version 7.1.0.) in C:\xampp\htdocs\malumere\wp-includes\functions.php on line 6260
[22-Sep-2026 22:34:58 UTC] PHP Notice:  Function WP_Icons_Registry::register was called <strong>incorrectly</strong>. Icon is already registered. Please see <a href="https://developer.wordpress.org/advanced-administration/debug/debug-wordpress/">Debugging in WordPress</a> for more information. (This message was added in version 7.1.0.) in C:\xampp\htdocs\malumere\wp-includes\functions.php on line 6260
[22-Sep-2026 22:34:58 UTC] PHP Notice:  Function WP_Icons_Registry::register was called <strong>incorrectly</strong>. Icon is already registered. Please see <a href="https://developer.wordpress.org/advanced-administration/debug/debug-wordpress/">Debugging in WordPress</a> for more information. (This message was added in version 7.1.0.) in C:\xampp\htdocs\malumere\wp-includes\functions.php on line 6260
[22-Sep-2026 22:34:58 UTC] PHP Notice:  Function WP_Icons_Registry::register was called <strong>incorrectly</strong>. Icon is already registered. Please see <a href="https://developer.wordpress.org/advanced-administration/debug/debug-wordpress/">Debugging in WordPress</a> for more information. (This message was added in version 7.1.0.) in C:\xampp\htdocs\malumere\wp-includes\functions.php on line 6260
[22-Sep-2026 22:34:58 UTC] PHP Notice:  Function WP_Icons_Registry::register was called <strong>incorrectly</strong>. Icon is already registered. Please see <a href="https://developer.wordpress.org/advanced-administration/debug/debug-wordpress/">Debugging in WordPress</a> for more information. (This message was added in version 7.1.0.) in C:\xampp\htdocs\malumere\wp-includes\functions.php on line 6260
[22-Sep-2026 22:34:58 UTC] PHP Notice:  Function WP_Icons_Registry::register was called <strong>incorrectly</strong>. Icon is already registered. Please see <a href="https://developer.wordpress.org/advanced-administration/debug/debug-wordpress/">Debugging in WordPress</a> for more information. (This message was added in version 7.1.0.) in C:\xampp\htdocs\malumere\wp-includes\functions.php on line 6260
[22-Sep-2026 22:34:58 UTC] PHP Notice:  Function WP_Icons_Registry::register was called <strong>incorrectly</strong>. Icon is already registered. Please see <a href="https://developer.wordpress.org/advanced-administration/debug/debug-wordpress/">Debugging in WordPress</a> for more information. (This message was added in version 7.1.0.) in C:\xampp\htdocs\malumere\wp-includes\functions.php on line 6260
[22-Sep-2026 22:34:58 UTC] PHP Notice:  Function WP_Icons_Registry::register was called <strong>incorrectly</strong>. Icon is already registered. Please see <a href="https://developer.wordpress.org/advanced-administration/debug/debug-wordpress/">Debugging in WordPress</a> for more information. (This message was added in version 7.1.0.) in C:\xampp\htdocs\malumere\wp-includes\functions.php on line 6260
[22-Sep-2026 22:34:58 UTC] PHP Notice:  Function WP_Icons_Registry::register was called <strong>incorrectly</strong>. Icon is already registered. Please see <a href="https://developer.wordpress.org/advanced-administration/debug/debug-wordpress/">Debugging in WordPress</a> for more information. (This message was added in version 7.1.0.) in C:\xampp\htdocs\malumere\wp-includes\functions.php on line 6260
[22-Sep-2026 22:34:58 UTC] PHP Notice:  Function WP_Icons_Registry::register was called <strong>incorrectly</strong>. Icon is already registered. Please see <a href="https://developer.wordpress.org/advanced-administration/debug/debug-wordpress/">Debugging in WordPress</a> for more information. (This message was added in version 7.1.0.) in C:\xampp\htdocs\malumere\wp-includes\functions.php on line 6260
[22-Sep-2026 22:34:58 UTC] PHP Notice:  Function WP_Icons_Registry::register was called <strong>incorrectly</strong>. Icon is already registered. Please see <a href="https://developer.wordpress.org/advanced-administration/debug/debug-wordpress/">Debugging in WordPress</a> for more information. (This message was added in version 7.1.0.) in C:\xampp\htdocs\malumere\wp-includes\functions.php on line 6260
[22-Sep-2026 22:34:58 UTC] PHP Notice:  Function WP_Icons_Registry::register was called <strong>incorrectly</strong>. Icon is already registered. Please see <a href="https://developer.wordpress.org/advanced-administration/debug/debug-wordpress/">Debugging in WordPress</a> for more information. (This message was added in version 7.1.0.) in C:\xampp\htdocs\malumere\wp-includes\functions.php on line 6260
[22-Sep-2026 22:34:58 UTC] PHP Notice:  Function WP_Icons_Registry::register was called <strong>incorrectly</strong>. Icon is already registered. Please see <a href="https://developer.wordpress.org/advanced-administration/debug/debug-wordpress/">Debugging in WordPress</a> for more information. (This message was added in version 7.1.0.) in C:\xampp\htdocs\malumere\wp-includes\functions.php on line 6260
[22-Sep-2026 22:34:58 UTC] PHP Notice:  Function WP_Icons_Registry::register was called <strong>incorrectly</strong>. Icon is already registered. Please see <a href="https://developer.wordpress.org/advanced-administration/debug/debug-wordpress/">Debugging in WordPress</a> for more information. (This message was added in version 7.1.0.) in C:\xampp\htdocs\malumere\wp-includes\functions.php on line 6260
[22-Sep-2026 22:34:58 UTC] PHP Notice:  Function WP_Icons_Registry::register was called <strong>incorrectly</strong>. Icon is already registered. Please see <a href="https://developer.wordpress.org/advanced-administration/debug/debug-wordpress/">Debugging in WordPress</a> for more information. (This message was added in version 7.1.0.) in C:\xampp\htdocs\malumere\wp-includes\functions.php on line 6260
[22-Sep-2026 22:34:58 UTC] PHP Notice:  Function WP_Icons_Registry::register was called <strong>incorrectly</strong>. Icon is already registered. Please see <a href="https://developer.wordpress.org/advanced-administration/debug/debug-wordpress/">Debugging in WordPress</a> for more information. (This message was added in version 7.1.0.) in C:\xampp\htdocs\malumere\wp-includes\functions.php on line 6260
[22-Sep-2026 22:34:58 UTC] PHP Notice:  Function WP_Icons_Registry::register was called <strong>incorrectly</strong>. Icon is already registered. Please see <a href="https://developer.wordpress.org/advanced-administration/debug/debug-wordpress/">Debugging in WordPress</a> for more information. (This message was added in version 7.1.0.) in C:\xampp\htdocs\malumere\wp-includes\functions.php on line 6260
[22-Sep-2026 22:34:58 UTC] PHP Notice:  Function WP_Icons_Registry::register was called <strong>incorrectly</strong>. Icon is already registered. Please see <a href="https://developer.wordpress.org/advanced-administration/debug/debug-wordpress/">Debugging in WordPress</a> for more information. (This message was added in version 7.1.0.) in C:\xampp\htdocs\malumere\wp-includes\functions.php on line 6260
[22-Sep-2026 22:34:58 UTC] PHP Notice:  Function WP_Icons_Registry::register was called <strong>incorrectly</strong>. Icon is already registered. Please see <a href="https://developer.wordpress.org/advanced-administration/debug/debug-wordpress/">Debugging in WordPress</a> for more information. (This message was added in version 7.1.0.) in C:\xampp\htdocs\malumere\wp-includes\functions.php on line 6260
[22-Sep-2026 22:34:58 UTC] PHP Notice:  Function WP_Icons_Registry::register was called <strong>incorrectly</strong>. Icon is already registered. Please see <a href="https://developer.wordpress.org/advanced-administration/debug/debug-wordpress/">Debugging in WordPress</a> for more information. (This message was added in version 7.1.0.) in C:\xampp\htdocs\malumere\wp-includes\functions.php on line 6260
[22-Sep-2026 22:34:58 UTC] PHP Notice:  Function WP_Icons_Registry::register was called <strong>incorrectly</strong>. Icon is already registered. Please see <a href="https://developer.wordpress.org/advanced-administration/debug/debug-wordpress/">Debugging in WordPress</a> for more information. (This message was added in version 7.1.0.) in C:\xampp\htdocs\malumere\wp-includes\functions.php on line 6260
[22-Sep-2026 22:34:58 UTC] PHP Notice:  Function WP_Block_Bindings_Registry::register was called <strong>incorrectly</strong>. Block bindings source "core/pattern-overrides" already registered. Please see <a href="https://developer.wordpress.org/advanced-administration/debug/debug-wordpress/">Debugging in WordPress</a> for more information. (This message was added in version 6.5.0.) in C:\xampp\htdocs\malumere\wp-includes\functions.php on line 6260
[22-Sep-2026 22:34:58 UTC] PHP Notice:  Function WP_Block_Bindings_Registry::register was called <strong>incorrectly</strong>. Block bindings source "core/post-data" already registered. Please see <a href="https://developer.wordpress.org/advanced-administration/debug/debug-wordpress/">Debugging in WordPress</a> for more information. (This message was added in version 6.5.0.) in C:\xampp\htdocs\malumere\wp-includes\functions.php on line 6260
[22-Sep-2026 22:34:58 UTC] PHP Notice:  Function WP_Block_Bindings_Registry::register was called <strong>incorrectly</strong>. Block bindings source "core/post-meta" already registered. Please see <a href="https://developer.wordpress.org/advanced-administration/debug/debug-wordpress/">Debugging in WordPress</a> for more information. (This message was added in version 6.5.0.) in C:\xampp\htdocs\malumere\wp-includes\functions.php on line 6260
[22-Sep-2026 22:34:58 UTC] PHP Notice:  Function WP_Block_Type_Registry::register was called <strong>incorrectly</strong>. Block type "core/legacy-widget" is already registered. Please see <a href="https://developer.wordpress.org/advanced-administration/debug/debug-wordpress/">Debugging in WordPress</a> for more information. (This message was added in version 5.0.0.) in C:\xampp\htdocs\malumere\wp-includes\functions.php on line 6260
[22-Sep-2026 22:34:58 UTC] PHP Notice:  Function WP_Block_Type_Registry::register was called <strong>incorrectly</strong>. Block type "core/widget-group" is already registered. Please see <a href="https://developer.wordpress.org/advanced-administration/debug/debug-wordpress/">Debugging in WordPress</a> for more information. (This message was added in version 5.0.0.) in C:\xampp\htdocs\malumere\wp-includes\functions.php on line 6260
[22-Sep-2026 22:34:58 UTC] PHP Notice:  Function WP_Block_Type_Registry::register was called <strong>incorrectly</strong>. Block type "core/accordion" is already registered. Please see <a href="https://developer.wordpress.org/advanced-administration/debug/debug-wordpress/">Debugging in WordPress</a> for more information. (This message was added in version 5.0.0.) in C:\xampp\htdocs\malumere\wp-includes\functions.php on line 6260
[22-Sep-2026 22:34:58 UTC] PHP Notice:  Function WP_Block_Type_Registry::register was called <strong>incorrectly</strong>. Block type "core/accordion-item" is already registered. Please see <a href="https://developer.wordpress.org/advanced-administration/debug/debug-wordpress/">Debugging in WordPress</a> for more information. (This message was added in version 5.0.0.) in C:\xampp\htdocs\malumere\wp-includes\functions.php on line 6260
[22-Sep-2026 22:34:58 UTC] PHP Notice:  Function WP_Block_Type_Registry::register was called <strong>incorrectly</strong>. Block type "core/archives" is already registered. Please see <a href="https://developer.wordpress.org/advanced-administration/debug/debug-wordpress/">Debugging in WordPress</a> for more information. (This message was added in version 5.0.0.) in C:\xampp\htdocs\malumere\wp-includes\functions.php on line 6260
[22-Sep-2026 22:34:58 UTC] PHP Notice:  Function WP_Block_Type_Registry::register was called <strong>incorrectly</strong>. Block type "core/avatar" is already registered. Please see <a href="https://developer.wordpress.org/advanced-administration/debug/debug-wordpress/">Debugging in WordPress</a> for more information. (This message was added in version 5.0.0.) in C:\xampp\htdocs\malumere\wp-includes\functions.php on line 6260
[22-Sep-2026 22:34:58 UTC] PHP Notice:  Function WP_Block_Type_Registry::register was called <strong>incorrectly</strong>. Block type "core/block" is already registered. Please see <a href="https://developer.wordpress.org/advanced-administration/debug/debug-wordpress/">Debugging in WordPress</a> for more information. (This message was added in version 5.0.0.) in C:\xampp\htdocs\malumere\wp-includes\functions.php on line 6260
[22-Sep-2026 22:34:58 UTC] PHP Notice:  Function WP_Block_Type_Registry::register was called <strong>incorrectly</strong>. Block type "core/breadcrumbs" is already registered. Please see <a href="https://developer.wordpress.org/advanced-administration/debug/debug-wordpress/">Debugging in WordPress</a> for more information. (This message was added in version 5.0.0.) in C:\xampp\htdocs\malumere\wp-includes\functions.php on line 6260
[22-Sep-2026 22:34:58 UTC] PHP Notice:  Function WP_Block_Type_Registry::register was called <strong>incorrectly</strong>. Block type "core/button" is already registered. Please see <a href="https://developer.wordpress.org/advanced-administration/debug/debug-wordpress/">Debugging in WordPress</a> for more information. (This message was added in version 5.0.0.) in C:\xampp\htdocs\malumere\wp-includes\functions.php on line 6260
[22-Sep-2026 22:34:58 UTC] PHP Notice:  Function WP_Block_Type_Registry::register was called <strong>incorrectly</strong>. Block type "core/calendar" is already registered. Please see <a href="https://developer.wordpress.org/advanced-administration/debug/debug-wordpress/">Debugging in WordPress</a> for more information. (This message was added in version 5.0.0.) in C:\xampp\htdocs\malumere\wp-includes\functions.php on line 6260
[22-Sep-2026 22:34:58 UTC] PHP Notice:  Function WP_Block_Type_Registry::register was called <strong>incorrectly</strong>. Block type "core/categories" is already registered. Please see <a href="https://developer.wordpress.org/advanced-administration/debug/debug-wordpress/">Debugging in WordPress</a> for more information. (This message was added in version 5.0.0.) in C:\xampp\htdocs\malumere\wp-includes\functions.php on line 6260
[22-Sep-2026 22:34:58 UTC] PHP Notice:  Function WP_Block_Type_Registry::register was called <strong>incorrectly</strong>. Block type "core/comment-author-name" is already registered. Please see <a href="https://developer.wordpress.org/advanced-administration/debug/debug-wordpress/">Debugging in WordPress</a> for more information. (This message was added in version 5.0.0.) in C:\xampp\htdocs\malumere\wp-includes\functions.php on line 6260
[22-Sep-2026 22:34:58 UTC] PHP Notice:  Function WP_Block_Type_Registry::register was called <strong>incorrectly</strong>. Block type "core/comment-content" is already registered. Please see <a href="https://developer.wordpress.org/advanced-administration/debug/debug-wordpress/">Debugging in WordPress</a> for more information. (This message was added in version 5.0.0.) in C:\xampp\htdocs\malumere\wp-includes\functions.php on line 6260
[22-Sep-2026 22:34:58 UTC] PHP Notice:  Function WP_Block_Type_Registry::register was called <strong>incorrectly</strong>. Block type "core/comment-date" is already registered. Please see <a href="https://developer.wordpress.org/advanced-administration/debug/debug-wordpress/">Debugging in WordPress</a> for more information. (This message was added in version 5.0.0.) in C:\xampp\htdocs\malumere\wp-includes\functions.php on line 6260
[22-Sep-2026 22:34:58 UTC] PHP Notice:  Function WP_Block_Type_Registry::register was called <strong>incorrectly</strong>. Block type "core/comment-edit-link" is already registered. Please see <a href="https://developer.wordpress.org/advanced-administration/debug/debug-wordpress/">Debugging in WordPress</a> for more information. (This message was added in version 5.0.0.) in C:\xampp\htdocs\malumere\wp-includes\functions.php on line 6260
[22-Sep-2026 22:34:58 UTC] PHP Notice:  Function WP_Block_Type_Registry::register was called <strong>incorrectly</strong>. Block type "core/comment-reply-link" is already registered. Please see <a href="https://developer.wordpress.org/advanced-administration/debug/debug-wordpress/">Debugging in WordPress</a> for more information. (This message was added in version 5.0.0.) in C:\xampp\htdocs\malumere\wp-includes\functions.php on line 6260
[22-Sep-2026 22:34:58 UTC] PHP Notice:  Function WP_Block_Type_Registry::register was called <strong>incorrectly</strong>. Block type "core/comment-template" is already registered. Please see <a href="https://developer.wordpress.org/advanced-administration/debug/debug-wordpress/">Debugging in WordPress</a> for more information. (This message was added in version 5.0.0.) in C:\xampp\htdocs\malumere\wp-includes\functions.php on line 6260
[22-Sep-2026 22:34:58 UTC] PHP Notice:  Function WP_Block_Type_Registry::register was called <strong>incorrectly</strong>. Block type "core/comments" is already registered. Please see <a href="https://developer.wordpress.org/advanced-administration/debug/debug-wordpress/">Debugging in WordPress</a> for more information. (This message was added in version 5.0.0.) in C:\xampp\htdocs\malumere\wp-includes\functions.php on line 6260
[22-Sep-2026 22:34:58 UTC] PHP Notice:  Function WP_Block_Type_Registry::register was called <strong>incorrectly</strong>. Block type "core/comments-pagination" is already registered. Please see <a href="https://developer.wordpress.org/advanced-administration/debug/debug-wordpress/">Debugging in WordPress</a> for more information. (This message was added in version 5.0.0.) in C:\xampp\htdocs\malumere\wp-includes\functions.php on line 6260
[22-Sep-2026 22:34:58 UTC] PHP Notice:  Function WP_Block_Type_Registry::register was called <strong>incorrectly</strong>. Block type "core/comments-pagination-next" is already registered. Please see <a href="https://developer.wordpress.org/advanced-administration/debug/debug-wordpress/">Debugging in WordPress</a> for more information. (This message was added in version 5.0.0.) in C:\xampp\htdocs\malumere\wp-includes\functions.php on line 6260
[22-Sep-2026 22:34:58 UTC] PHP Notice:  Function WP_Block_Type_Registry::register was called <strong>incorrectly</strong>. Block type "core/comments-pagination-numbers" is already registered. Please see <a href="https://developer.wordpress.org/advanced-administration/debug/debug-wordpress/">Debugging in WordPress</a> for more information. (This message was added in version 5.0.0.) in C:\xampp\htdocs\malumere\wp-includes\functions.php on line 6260
[22-Sep-2026 22:34:58 UTC] PHP Notice:  Function WP_Block_Type_Registry::register was called <strong>incorrectly</strong>. Block type "core/comments-pagination-previous" is already registered. Please see <a href="https://developer.wordpress.org/advanced-administration/debug/debug-wordpress/">Debugging in WordPress</a> for more information. (This message was added in version 5.0.0.) in C:\xampp\htdocs\malumere\wp-includes\functions.php on line 6260
[22-Sep-2026 22:34:58 UTC] PHP Notice:  Function WP_Block_Type_Registry::register was called <strong>incorrectly</strong>. Block type "core/comments-title" is already registered. Please see <a href="https://developer.wordpress.org/advanced-administration/debug/debug-wordpress/">Debugging in WordPress</a> for more information. (This message was added in version 5.0.0.) in C:\xampp\htdocs\malumere\wp-includes\functions.php on line 6260
[22-Sep-2026 22:34:58 UTC] PHP Notice:  Function WP_Block_Type_Registry::register was called <strong>incorrectly</strong>. Block type "core/cover" is already registered. Please see <a href="https://developer.wordpress.org/advanced-administration/debug/debug-wordpress/">Debugging in WordPress</a> for more information. (This message was added in version 5.0.0.) in C:\xampp\htdocs\malumere\wp-includes\functions.php on line 6260
[22-Sep-2026 22:34:58 UTC] PHP Notice:  Function WP_Block_Type_Registry::register was called <strong>incorrectly</strong>. Block type "core/details" is already registered. Please see <a href="https://developer.wordpress.org/advanced-administration/debug/debug-wordpress/">Debugging in WordPress</a> for more information. (This message was added in version 5.0.0.) in C:\xampp\htdocs\malumere\wp-includes\functions.php on line 6260
[22-Sep-2026 22:34:58 UTC] PHP Notice:  Function WP_Block_Type_Registry::register was called <strong>incorrectly</strong>. Block type "core/file" is already registered. Please see <a href="https://developer.wordpress.org/advanced-administration/debug/debug-wordpress/">Debugging in WordPress</a> for more information. (This message was added in version 5.0.0.) in C:\xampp\htdocs\malumere\wp-includes\functions.php on line 6260
[22-Sep-2026 22:34:58 UTC] PHP Notice:  Function WP_Block_Type_Registry::register was called <strong>incorrectly</strong>. Block type "core/footnotes" is already registered. Please see <a href="https://developer.wordpress.org/advanced-administration/debug/debug-wordpress/">Debugging in WordPress</a> for more information. (This message was added in version 5.0.0.) in C:\xampp\htdocs\malumere\wp-includes\functions.php on line 6260
[22-Sep-2026 22:34:58 UTC] PHP Notice:  Function WP_Block_Type_Registry::register was called <strong>incorrectly</strong>. Block type "core/gallery" is already registered. Please see <a href="https://developer.wordpress.org/advanced-administration/debug/debug-wordpress/">Debugging in WordPress</a> for more information. (This message was added in version 5.0.0.) in C:\xampp\htdocs\malumere\wp-includes\functions.php on line 6260
[22-Sep-2026 22:34:58 UTC] PHP Notice:  Function WP_Block_Type_Registry::register was called <strong>incorrectly</strong>. Block type "core/heading" is already registered. Please see <a href="https://developer.wordpress.org/advanced-administration/debug/debug-wordpress/">Debugging in WordPress</a> for more information. (This message was added in version 5.0.0.) in C:\xampp\htdocs\malumere\wp-includes\functions.php on line 6260
[22-Sep-2026 22:34:58 UTC] PHP Notice:  Function WP_Block_Type_Registry::register was called <strong>incorrectly</strong>. Block type "core/home-link" is already registered. Please see <a href="https://developer.wordpress.org/advanced-administration/debug/debug-wordpress/">Debugging in WordPress</a> for more information. (This message was added in version 5.0.0.) in C:\xampp\htdocs\malumere\wp-includes\functions.php on line 6260
[22-Sep-2026 22:34:58 UTC] PHP Notice:  Function WP_Block_Type_Registry::register was called <strong>incorrectly</strong>. Block type "core/icon" is already registered. Please see <a href="https://developer.wordpress.org/advanced-administration/debug/debug-wordpress/">Debugging in WordPress</a> for more information. (This message was added in version 5.0.0.) in C:\xampp\htdocs\malumere\wp-includes\functions.php on line 6260
[22-Sep-2026 22:34:58 UTC] PHP Notice:  Function WP_Block_Type_Registry::register was called <strong>incorrectly</strong>. Block type "core/image" is already registered. Please see <a href="https://developer.wordpress.org/advanced-administration/debug/debug-wordpress/">Debugging in WordPress</a> for more information. (This message was added in version 5.0.0.) in C:\xampp\htdocs\malumere\wp-includes\functions.php on line 6260
[22-Sep-2026 22:34:58 UTC] PHP Notice:  Function WP_Block_Type_Registry::register was called <strong>incorrectly</strong>. Block type "core/latest-comments" is already registered. Please see <a href="https://developer.wordpress.org/advanced-administration/debug/debug-wordpress/">Debugging in WordPress</a> for more information. (This message was added in version 5.0.0.) in C:\xampp\htdocs\malumere\wp-includes\functions.php on line 6260
[22-Sep-2026 22:34:58 UTC] PHP Notice:  Function WP_Block_Type_Registry::register was called <strong>incorrectly</strong>. Block type "core/latest-posts" is already registered. Please see <a href="https://developer.wordpress.org/advanced-administration/debug/debug-wordpress/">Debugging in WordPress</a> for more information. (This message was added in version 5.0.0.) in C:\xampp\htdocs\malumere\wp-includes\functions.php on line 6260
[22-Sep-2026 22:34:58 UTC] PHP Notice:  Function WP_Block_Type_Registry::register was called <strong>incorrectly</strong>. Block type "core/list" is already registered. Please see <a href="https://developer.wordpress.org/advanced-administration/debug/debug-wordpress/">Debugging in WordPress</a> for more information. (This message was added in version 5.0.0.) in C:\xampp\htdocs\malumere\wp-includes\functions.php on line 6260
[22-Sep-2026 22:34:58 UTC] PHP Notice:  Function WP_Block_Type_Registry::register was called <strong>incorrectly</strong>. Block type "core/loginout" is already registered. Please see <a href="https://developer.wordpress.org/advanced-administration/debug/debug-wordpress/">Debugging in WordPress</a> for more information. (This message was added in version 5.0.0.) in C:\xampp\htdocs\malumere\wp-includes\functions.php on line 6260
[22-Sep-2026 22:34:58 UTC] PHP Notice:  Function WP_Block_Type_Registry::register was called <strong>incorrectly</strong>. Block type "core/media-text" is already registered. Please see <a href="https://developer.wordpress.org/advanced-administration/debug/debug-wordpress/">Debugging in WordPress</a> for more information. (This message was added in version 5.0.0.) in C:\xampp\htdocs\malumere\wp-includes\functions.php on line 6260
[22-Sep-2026 22:34:58 UTC] PHP Notice:  Function WP_Block_Type_Registry::register was called <strong>incorrectly</strong>. Block type "core/navigation" is already registered. Please see <a href="https://developer.wordpress.org/advanced-administration/debug/debug-wordpress/">Debugging in WordPress</a> for more information. (This message was added in version 5.0.0.) in C:\xampp\htdocs\malumere\wp-includes\functions.php on line 6260
[22-Sep-2026 22:34:58 UTC] PHP Notice:  Function WP_Block_Type_Registry::register was called <strong>incorrectly</strong>. Block type "core/navigation-link" is already registered. Please see <a href="https://developer.wordpress.org/advanced-administration/debug/debug-wordpress/">Debugging in WordPress</a> for more information. (This message was added in version 5.0.0.) in C:\xampp\htdocs\malumere\wp-includes\functions.php on line 6260
[22-Sep-2026 22:34:58 UTC] PHP Notice:  Function WP_Block_Type_Registry::register was called <strong>incorrectly</strong>. Block type "core/navigation-overlay-close" is already registered. Please see <a href="https://developer.wordpress.org/advanced-administration/debug/debug-wordpress/">Debugging in WordPress</a> for more information. (This message was added in version 5.0.0.) in C:\xampp\htdocs\malumere\wp-includes\functions.php on line 6260
[22-Sep-2026 22:34:58 UTC] PHP Notice:  Function WP_Block_Type_Registry::register was called <strong>incorrectly</strong>. Block type "core/navigation-submenu" is already registered. Please see <a href="https://developer.wordpress.org/advanced-administration/debug/debug-wordpress/">Debugging in WordPress</a> for more information. (This message was added in version 5.0.0.) in C:\xampp\htdocs\malumere\wp-includes\functions.php on line 6260
[22-Sep-2026 22:34:58 UTC] PHP Notice:  Function WP_Block_Type_Registry::register was called <strong>incorrectly</strong>. Block type "core/page-list" is already registered. Please see <a href="https://developer.wordpress.org/advanced-administration/debug/debug-wordpress/">Debugging in WordPress</a> for more information. (This message was added in version 5.0.0.) in C:\xampp\htdocs\malumere\wp-includes\functions.php on line 6260
[22-Sep-2026 22:34:58 UTC] PHP Notice:  Function WP_Block_Type_Registry::register was called <strong>incorrectly</strong>. Block type "core/page-list-item" is already registered. Please see <a href="https://developer.wordpress.org/advanced-administration/debug/debug-wordpress/">Debugging in WordPress</a> for more information. (This message was added in version 5.0.0.) in C:\xampp\htdocs\malumere\wp-includes\functions.php on line 6260
[22-Sep-2026 22:34:58 UTC] PHP Notice:  Function WP_Block_Type_Registry::register was called <strong>incorrectly</strong>. Block type "core/paragraph" is already registered. Please see <a href="https://developer.wordpress.org/advanced-administration/debug/debug-wordpress/">Debugging in WordPress</a> for more information. (This message was added in version 5.0.0.) in C:\xampp\htdocs\malumere\wp-includes\functions.php on line 6260
[22-Sep-2026 22:34:58 UTC] PHP Notice:  Function WP_Block_Type_Registry::register was called <strong>incorrectly</strong>. Block type "core/pattern" is already registered. Please see <a href="https://developer.wordpress.org/advanced-administration/debug/debug-wordpress/">Debugging in WordPress</a> for more information. (This message was added in version 5.0.0.) in C:\xampp\htdocs\malumere\wp-includes\functions.php on line 6260
[22-Sep-2026 22:34:58 UTC] PHP Notice:  Function WP_Block_Type_Registry::register was called <strong>incorrectly</strong>. Block type "core/playlist" is already registered. Please see <a href="https://developer.wordpress.org/advanced-administration/debug/debug-wordpress/">Debugging in WordPress</a> for more information. (This message was added in version 5.0.0.) in C:\xampp\htdocs\malumere\wp-includes\functions.php on line 6260
[22-Sep-2026 22:34:58 UTC] PHP Notice:  Function WP_Block_Type_Registry::register was called <strong>incorrectly</strong>. Block type "core/playlist-track" is already registered. Please see <a href="https://developer.wordpress.org/advanced-administration/debug/debug-wordpress/">Debugging in WordPress</a> for more information. (This message was added in version 5.0.0.) in C:\xampp\htdocs\malumere\wp-includes\functions.php on line 6260
[22-Sep-2026 22:34:58 UTC] PHP Notice:  Function WP_Block_Type_Registry::register was called <strong>incorrectly</strong>. Block type "core/post-author" is already registered. Please see <a href="https://developer.wordpress.org/advanced-administration/debug/debug-wordpress/">Debugging in WordPress</a> for more information. (This message was added in version 5.0.0.) in C:\xampp\htdocs\malumere\wp-includes\functions.php on line 6260
[22-Sep-2026 22:34:58 UTC] PHP Notice:  Function WP_Block_Type_Registry::register was called <strong>incorrectly</strong>. Block type "core/post-author-biography" is already registered. Please see <a href="https://developer.wordpress.org/advanced-administration/debug/debug-wordpress/">Debugging in WordPress</a> for more information. (This message was added in version 5.0.0.) in C:\xampp\htdocs\malumere\wp-includes\functions.php on line 6260
[22-Sep-2026 22:34:58 UTC] PHP Notice:  Function WP_Block_Type_Registry::register was called <strong>incorrectly</strong>. Block type "core/post-author-name" is already registered. Please see <a href="https://developer.wordpress.org/advanced-administration/debug/debug-wordpress/">Debugging in WordPress</a> for more information. (This message was added in version 5.0.0.) in C:\xampp\htdocs\malumere\wp-includes\functions.php on line 6260
[22-Sep-2026 22:34:58 UTC] PHP Notice:  Function WP_Block_Type_Registry::register was called <strong>incorrectly</strong>. Block type "core/post-comments-count" is already registered. Please see <a href="https://developer.wordpress.org/advanced-administration/debug/debug-wordpress/">Debugging in WordPress</a> for more information. (This message was added in version 5.0.0.) in C:\xampp\htdocs\malumere\wp-includes\functions.php on line 6260
[22-Sep-2026 22:34:58 UTC] PHP Notice:  Function WP_Block_Type_Registry::register was called <strong>incorrectly</strong>. Block type "core/post-comments-form" is already registered. Please see <a href="https://developer.wordpress.org/advanced-administration/debug/debug-wordpress/">Debugging in WordPress</a> for more information. (This message was added in version 5.0.0.) in C:\xampp\htdocs\malumere\wp-includes\functions.php on line 6260
[22-Sep-2026 22:34:58 UTC] PHP Notice:  Function WP_Block_Type_Registry::register was called <strong>incorrectly</strong>. Block type "core/post-comments-link" is already registered. Please see <a href="https://developer.wordpress.org/advanced-administration/debug/debug-wordpress/">Debugging in WordPress</a> for more information. (This message was added in version 5.0.0.) in C:\xampp\htdocs\malumere\wp-includes\functions.php on line 6260
[22-Sep-2026 22:34:58 UTC] PHP Notice:  Function WP_Block_Type_Registry::register was called <strong>incorrectly</strong>. Block type "core/post-content" is already registered. Please see <a href="https://developer.wordpress.org/advanced-administration/debug/debug-wordpress/">Debugging in WordPress</a> for more information. (This message was added in version 5.0.0.) in C:\xampp\htdocs\malumere\wp-includes\functions.php on line 6260
[22-Sep-2026 22:34:58 UTC] PHP Notice:  Function WP_Block_Type_Registry::register was called <strong>incorrectly</strong>. Block type "core/post-date" is already registered. Please see <a href="https://developer.wordpress.org/advanced-administration/debug/debug-wordpress/">Debugging in WordPress</a> for more information. (This message was added in version 5.0.0.) in C:\xampp\htdocs\malumere\wp-includes\functions.php on line 6260
[22-Sep-2026 22:34:58 UTC] PHP Notice:  Function WP_Block_Type_Registry::register was called <strong>incorrectly</strong>. Block type "core/post-excerpt" is already registered. Please see <a href="https://developer.wordpress.org/advanced-administration/debug/debug-wordpress/">Debugging in WordPress</a> for more information. (This message was added in version 5.0.0.) in C:\xampp\htdocs\malumere\wp-includes\functions.php on line 6260
[22-Sep-2026 22:34:58 UTC] PHP Notice:  Function WP_Block_Type_Registry::register was called <strong>incorrectly</strong>. Block type "core/post-featured-image" is already registered. Please see <a href="https://developer.wordpress.org/advanced-administration/debug/debug-wordpress/">Debugging in WordPress</a> for more information. (This message was added in version 5.0.0.) in C:\xampp\htdocs\malumere\wp-includes\functions.php on line 6260
[22-Sep-2026 22:34:58 UTC] PHP Notice:  Function WP_Block_Type_Registry::register was called <strong>incorrectly</strong>. Block type "core/post-navigation-link" is already registered. Please see <a href="https://developer.wordpress.org/advanced-administration/debug/debug-wordpress/">Debugging in WordPress</a> for more information. (This message was added in version 5.0.0.) in C:\xampp\htdocs\malumere\wp-includes\functions.php on line 6260
[22-Sep-2026 22:34:58 UTC] PHP Notice:  Function WP_Block_Type_Registry::register was called <strong>incorrectly</strong>. Block type "core/post-template" is already registered. Please see <a href="https://developer.wordpress.org/advanced-administration/debug/debug-wordpress/">Debugging in WordPress</a> for more information. (This message was added in version 5.0.0.) in C:\xampp\htdocs\malumere\wp-includes\functions.php on line 6260
[22-Sep-2026 22:34:58 UTC] PHP Notice:  Function WP_Block_Type_Registry::register was called <strong>incorrectly</strong>. Block type "core/post-terms" is already registered. Please see <a href="https://developer.wordpress.org/advanced-administration/debug/debug-wordpress/">Debugging in WordPress</a> for more information. (This message was added in version 5.0.0.) in C:\xampp\htdocs\malumere\wp-includes\functions.php on line 6260
[22-Sep-2026 22:34:58 UTC] PHP Notice:  Function WP_Block_Type_Registry::register was called <strong>incorrectly</strong>. Block type "core/post-time-to-read" is already registered. Please see <a href="https://developer.wordpress.org/advanced-administration/debug/debug-wordpress/">Debugging in WordPress</a> for more information. (This message was added in version 5.0.0.) in C:\xampp\htdocs\malumere\wp-includes\functions.php on line 6260
[22-Sep-2026 22:34:58 UTC] PHP Notice:  Function WP_Block_Type_Registry::register was called <strong>incorrectly</strong>. Block type "core/post-title" is already registered. Please see <a href="https://developer.wordpress.org/advanced-administration/debug/debug-wordpress/">Debugging in WordPress</a> for more information. (This message was added in version 5.0.0.) in C:\xampp\htdocs\malumere\wp-includes\functions.php on line 6260
[22-Sep-2026 22:34:58 UTC] PHP Notice:  Function WP_Block_Type_Registry::register was called <strong>incorrectly</strong>. Block type "core/query" is already registered. Please see <a href="https://developer.wordpress.org/advanced-administration/debug/debug-wordpress/">Debugging in WordPress</a> for more information. (This message was added in version 5.0.0.) in C:\xampp\htdocs\malumere\wp-includes\functions.php on line 6260
[22-Sep-2026 22:34:58 UTC] PHP Notice:  Function WP_Block_Type_Registry::register was called <strong>incorrectly</strong>. Block type "core/query-no-results" is already registered. Please see <a href="https://developer.wordpress.org/advanced-administration/debug/debug-wordpress/">Debugging in WordPress</a> for more information. (This message was added in version 5.0.0.) in C:\xampp\htdocs\malumere\wp-includes\functions.php on line 6260
[22-Sep-2026 22:34:58 UTC] PHP Notice:  Function WP_Block_Type_Registry::register was called <strong>incorrectly</strong>. Block type "core/query-pagination" is already registered. Please see <a href="https://developer.wordpress.org/advanced-administration/debug/debug-wordpress/">Debugging in WordPress</a> for more information. (This message was added in version 5.0.0.) in C:\xampp\htdocs\malumere\wp-includes\functions.php on line 6260
[22-Sep-2026 22:34:58 UTC] PHP Notice:  Function WP_Block_Type_Registry::register was called <strong>incorrectly</strong>. Block type "core/query-pagination-next" is already registered. Please see <a href="https://developer.wordpress.org/advanced-administration/debug/debug-wordpress/">Debugging in WordPress</a> for more information. (This message was added in version 5.0.0.) in C:\xampp\htdocs\malumere\wp-includes\functions.php on line 6260
[22-Sep-2026 22:34:58 UTC] PHP Notice:  Function WP_Block_Type_Registry::register was called <strong>incorrectly</strong>. Block type "core/query-pagination-numbers" is already registered. Please see <a href="https://developer.wordpress.org/advanced-administration/debug/debug-wordpress/">Debugging in WordPress</a> for more information. (This message was added in version 5.0.0.) in C:\xampp\htdocs\malumere\wp-includes\functions.php on line 6260
[22-Sep-2026 22:34:58 UTC] PHP Notice:  Function WP_Block_Type_Registry::register was called <strong>incorrectly</strong>. Block type "core/query-pagination-previous" is already registered. Please see <a href="https://developer.wordpress.org/advanced-administration/debug/debug-wordpress/">Debugging in WordPress</a> for more information. (This message was added in version 5.0.0.) in C:\xampp\htdocs\malumere\wp-includes\functions.php on line 6260
[22-Sep-2026 22:34:58 UTC] PHP Notice:  Function WP_Block_Type_Registry::register was called <strong>incorrectly</strong>. Block type "core/query-title" is already registered. Please see <a href="https://developer.wordpress.org/advanced-administration/debug/debug-wordpress/">Debugging in WordPress</a> for more information. (This message was added in version 5.0.0.) in C:\xampp\htdocs\malumere\wp-includes\functions.php on line 6260
[22-Sep-2026 22:34:58 UTC] PHP Notice:  Function WP_Block_Type_Registry::register was called <strong>incorrectly</strong>. Block type "core/query-total" is already registered. Please see <a href="https://developer.wordpress.org/advanced-administration/debug/debug-wordpress/">Debugging in WordPress</a> for more information. (This message was added in version 5.0.0.) in C:\xampp\htdocs\malumere\wp-includes\functions.php on line 6260
[22-Sep-2026 22:34:58 UTC] PHP Notice:  Function WP_Block_Type_Registry::register was called <strong>incorrectly</strong>. Block type "core/read-more" is already registered. Please see <a href="https://developer.wordpress.org/advanced-administration/debug/debug-wordpress/">Debugging in WordPress</a> for more information. (This message was added in version 5.0.0.) in C:\xampp\htdocs\malumere\wp-includes\functions.php on line 6260
[22-Sep-2026 22:34:58 UTC] PHP Notice:  Function WP_Block_Type_Registry::register was called <strong>incorrectly</strong>. Block type "core/rss" is already registered. Please see <a href="https://developer.wordpress.org/advanced-administration/debug/debug-wordpress/">Debugging in WordPress</a> for more information. (This message was added in version 5.0.0.) in C:\xampp\htdocs\malumere\wp-includes\functions.php on line 6260
[22-Sep-2026 22:34:58 UTC] PHP Notice:  Function WP_Block_Type_Registry::register was called <strong>incorrectly</strong>. Block type "core/search" is already registered. Please see <a href="https://developer.wordpress.org/advanced-administration/debug/debug-wordpress/">Debugging in WordPress</a> for more information. (This message was added in version 5.0.0.) in C:\xampp\htdocs\malumere\wp-includes\functions.php on line 6260
[22-Sep-2026 22:34:58 UTC] PHP Notice:  Function WP_Block_Type_Registry::register was called <strong>incorrectly</strong>. Block type "core/shortcode" is already registered. Please see <a href="https://developer.wordpress.org/advanced-administration/debug/debug-wordpress/">Debugging in WordPress</a> for more information. (This message was added in version 5.0.0.) in C:\xampp\htdocs\malumere\wp-includes\functions.php on line 6260
[22-Sep-2026 22:34:58 UTC] PHP Notice:  Function WP_Block_Type_Registry::register was called <strong>incorrectly</strong>. Block type "core/site-logo" is already registered. Please see <a href="https://developer.wordpress.org/advanced-administration/debug/debug-wordpress/">Debugging in WordPress</a> for more information. (This message was added in version 5.0.0.) in C:\xampp\htdocs\malumere\wp-includes\functions.php on line 6260
[22-Sep-2026 22:34:58 UTC] PHP Notice:  Function WP_Block_Type_Registry::register was called <strong>incorrectly</strong>. Block type "core/site-tagline" is already registered. Please see <a href="https://developer.wordpress.org/advanced-administration/debug/debug-wordpress/">Debugging in WordPress</a> for more information. (This message was added in version 5.0.0.) in C:\xampp\htdocs\malumere\wp-includes\functions.php on line 6260
[22-Sep-2026 22:34:58 UTC] PHP Notice:  Function WP_Block_Type_Registry::register was called <strong>incorrectly</strong>. Block type "core/site-title" is already registered. Please see <a href="https://developer.wordpress.org/advanced-administration/debug/debug-wordpress/">Debugging in WordPress</a> for more information. (This message was added in version 5.0.0.) in C:\xampp\htdocs\malumere\wp-includes\functions.php on line 6260
[22-Sep-2026 22:34:58 UTC] PHP Notice:  Function WP_Block_Type_Registry::register was called <strong>incorrectly</strong>. Block type "core/social-link" is already registered. Please see <a href="https://developer.wordpress.org/advanced-administration/debug/debug-wordpress/">Debugging in WordPress</a> for more information. (This message was added in version 5.0.0.) in C:\xampp\htdocs\malumere\wp-includes\functions.php on line 6260
[22-Sep-2026 22:34:58 UTC] PHP Notice:  Function WP_Block_Type_Registry::register was called <strong>incorrectly</strong>. Block type "core/tab-list" is already registered. Please see <a href="https://developer.wordpress.org/advanced-administration/debug/debug-wordpress/">Debugging in WordPress</a> for more information. (This message was added in version 5.0.0.) in C:\xampp\htdocs\malumere\wp-includes\functions.php on line 6260
[22-Sep-2026 22:34:58 UTC] PHP Notice:  Function WP_Block_Type_Registry::register was called <strong>incorrectly</strong>. Block type "core/tab-panel" is already registered. Please see <a href="https://developer.wordpress.org/advanced-administration/debug/debug-wordpress/">Debugging in WordPress</a> for more information. (This message was added in version 5.0.0.) in C:\xampp\htdocs\malumere\wp-includes\functions.php on line 6260
[22-Sep-2026 22:34:58 UTC] PHP Notice:  Function WP_Block_Type_Registry::register was called <strong>incorrectly</strong>. Block type "core/tabs" is already registered. Please see <a href="https://developer.wordpress.org/advanced-administration/debug/debug-wordpress/">Debugging in WordPress</a> for more information. (This message was added in version 5.0.0.) in C:\xampp\htdocs\malumere\wp-includes\functions.php on line 6260
[22-Sep-2026 22:34:58 UTC] PHP Notice:  Function WP_Block_Type_Registry::register was called <strong>incorrectly</strong>. Block type "core/tag-cloud" is already registered. Please see <a href="https://developer.wordpress.org/advanced-administration/debug/debug-wordpress/">Debugging in WordPress</a> for more information. (This message was added in version 5.0.0.) in C:\xampp\htdocs\malumere\wp-includes\functions.php on line 6260
[22-Sep-2026 22:34:58 UTC] PHP Notice:  Function WP_Block_Type_Registry::register was called <strong>incorrectly</strong>. Block type "core/template-part" is already registered. Please see <a href="https://developer.wordpress.org/advanced-administration/debug/debug-wordpress/">Debugging in WordPress</a> for more information. (This message was added in version 5.0.0.) in C:\xampp\htdocs\malumere\wp-includes\functions.php on line 6260
[22-Sep-2026 22:34:58 UTC] PHP Notice:  Function WP_Block_Type_Registry::register was called <strong>incorrectly</strong>. Block type "core/term-count" is already registered. Please see <a href="https://developer.wordpress.org/advanced-administration/debug/debug-wordpress/">Debugging in WordPress</a> for more information. (This message was added in version 5.0.0.) in C:\xampp\htdocs\malumere\wp-includes\functions.php on line 6260
[22-Sep-2026 22:34:58 UTC] PHP Notice:  Function WP_Block_Type_Registry::register was called <strong>incorrectly</strong>. Block type "core/term-description" is already registered. Please see <a href="https://developer.wordpress.org/advanced-administration/debug/debug-wordpress/">Debugging in WordPress</a> for more information. (This message was added in version 5.0.0.) in C:\xampp\htdocs\malumere\wp-includes\functions.php on line 6260
[22-Sep-2026 22:34:58 UTC] PHP Notice:  Function WP_Block_Type_Registry::register was called <strong>incorrectly</strong>. Block type "core/term-name" is already registered. Please see <a href="https://developer.wordpress.org/advanced-administration/debug/debug-wordpress/">Debugging in WordPress</a> for more information. (This message was added in version 5.0.0.) in C:\xampp\htdocs\malumere\wp-includes\functions.php on line 6260
[22-Sep-2026 22:34:58 UTC] PHP Notice:  Function WP_Block_Type_Registry::register was called <strong>incorrectly</strong>. Block type "core/term-template" is already registered. Please see <a href="https://developer.wordpress.org/advanced-administration/debug/debug-wordpress/">Debugging in WordPress</a> for more information. (This message was added in version 5.0.0.) in C:\xampp\htdocs\malumere\wp-includes\functions.php on line 6260
[22-Sep-2026 22:34:58 UTC] PHP Notice:  Function WP_Block_Type_Registry::register was called <strong>incorrectly</strong>. Block type "core/video" is already registered. Please see <a href="https://developer.wordpress.org/advanced-administration/debug/debug-wordpress/">Debugging in WordPress</a> for more information. (This message was added in version 5.0.0.) in C:\xampp\htdocs\malumere\wp-includes\functions.php on line 6260
[22-Sep-2026 22:34:58 UTC] PHP Notice:  Function WP_Block_Type_Registry::register was called <strong>incorrectly</strong>. Block type "core/accordion-heading" is already registered. Please see <a href="https://developer.wordpress.org/advanced-administration/debug/debug-wordpress/">Debugging in WordPress</a> for more information. (This message was added in version 5.0.0.) in C:\xampp\htdocs\malumere\wp-includes\functions.php on line 6260
[22-Sep-2026 22:34:58 UTC] PHP Notice:  Function WP_Block_Type_Registry::register was called <strong>incorrectly</strong>. Block type "core/accordion-panel" is already registered. Please see <a href="https://developer.wordpress.org/advanced-administration/debug/debug-wordpress/">Debugging in WordPress</a> for more information. (This message was added in version 5.0.0.) in C:\xampp\htdocs\malumere\wp-includes\functions.php on line 6260
[22-Sep-2026 22:34:58 UTC] PHP Notice:  Function WP_Block_Type_Registry::register was called <strong>incorrectly</strong>. Block type "core/audio" is already registered. Please see <a href="https://developer.wordpress.org/advanced-administration/debug/debug-wordpress/">Debugging in WordPress</a> for more information. (This message was added in version 5.0.0.) in C:\xampp\htdocs\malumere\wp-includes\functions.php on line 6260
[22-Sep-2026 22:34:58 UTC] PHP Notice:  Function WP_Block_Type_Registry::register was called <strong>incorrectly</strong>. Block type "core/buttons" is already registered. Please see <a href="https://developer.wordpress.org/advanced-administration/debug/debug-wordpress/">Debugging in WordPress</a> for more information. (This message was added in version 5.0.0.) in C:\xampp\htdocs\malumere\wp-includes\functions.php on line 6260
[22-Sep-2026 22:34:58 UTC] PHP Notice:  Function WP_Block_Type_Registry::register was called <strong>incorrectly</strong>. Block type "core/code" is already registered. Please see <a href="https://developer.wordpress.org/advanced-administration/debug/debug-wordpress/">Debugging in WordPress</a> for more information. (This message was added in version 5.0.0.) in C:\xampp\htdocs\malumere\wp-includes\functions.php on line 6260
[22-Sep-2026 22:34:58 UTC] PHP Notice:  Function WP_Block_Type_Registry::register was called <strong>incorrectly</strong>. Block type "core/column" is already registered. Please see <a href="https://developer.wordpress.org/advanced-administration/debug/debug-wordpress/">Debugging in WordPress</a> for more information. (This message was added in version 5.0.0.) in C:\xampp\htdocs\malumere\wp-includes\functions.php on line 6260
[22-Sep-2026 22:34:58 UTC] PHP Notice:  Function WP_Block_Type_Registry::register was called <strong>incorrectly</strong>. Block type "core/columns" is already registered. Please see <a href="https://developer.wordpress.org/advanced-administration/debug/debug-wordpress/">Debugging in WordPress</a> for more information. (This message was added in version 5.0.0.) in C:\xampp\htdocs\malumere\wp-includes\functions.php on line 6260
[22-Sep-2026 22:34:58 UTC] PHP Notice:  Function WP_Block_Type_Registry::register was called <strong>incorrectly</strong>. Block type "core/embed" is already registered. Please see <a href="https://developer.wordpress.org/advanced-administration/debug/debug-wordpress/">Debugging in WordPress</a> for more information. (This message was added in version 5.0.0.) in C:\xampp\htdocs\malumere\wp-includes\functions.php on line 6260
[22-Sep-2026 22:34:58 UTC] PHP Notice:  Function WP_Block_Type_Registry::register was called <strong>incorrectly</strong>. Block type "core/freeform" is already registered. Please see <a href="https://developer.wordpress.org/advanced-administration/debug/debug-wordpress/">Debugging in WordPress</a> for more information. (This message was added in version 5.0.0.) in C:\xampp\htdocs\malumere\wp-includes\functions.php on line 6260
[22-Sep-2026 22:34:58 UTC] PHP Notice:  Function WP_Block_Type_Registry::register was called <strong>incorrectly</strong>. Block type "core/group" is already registered. Please see <a href="https://developer.wordpress.org/advanced-administration/debug/debug-wordpress/">Debugging in WordPress</a> for more information. (This message was added in version 5.0.0.) in C:\xampp\htdocs\malumere\wp-includes\functions.php on line 6260
[22-Sep-2026 22:34:58 UTC] PHP Notice:  Function WP_Block_Type_Registry::register was called <strong>incorrectly</strong>. Block type "core/html" is already registered. Please see <a href="https://developer.wordpress.org/advanced-administration/debug/debug-wordpress/">Debugging in WordPress</a> for more information. (This message was added in version 5.0.0.) in C:\xampp\htdocs\malumere\wp-includes\functions.php on line 6260
[22-Sep-2026 22:34:58 UTC] PHP Notice:  Function WP_Block_Type_Registry::register was called <strong>incorrectly</strong>. Block type "core/list-item" is already registered. Please see <a href="https://developer.wordpress.org/advanced-administration/debug/debug-wordpress/">Debugging in WordPress</a> for more information. (This message was added in version 5.0.0.) in C:\xampp\htdocs\malumere\wp-includes\functions.php on line 6260
[22-Sep-2026 22:34:58 UTC] PHP Notice:  Function WP_Block_Type_Registry::register was called <strong>incorrectly</strong>. Block type "core/math" is already registered. Please see <a href="https://developer.wordpress.org/advanced-administration/debug/debug-wordpress/">Debugging in WordPress</a> for more information. (This message was added in version 5.0.0.) in C:\xampp\htdocs\malumere\wp-includes\functions.php on line 6260
[22-Sep-2026 22:34:58 UTC] PHP Notice:  Function WP_Block_Type_Registry::register was called <strong>incorrectly</strong>. Block type "core/missing" is already registered. Please see <a href="https://developer.wordpress.org/advanced-administration/debug/debug-wordpress/">Debugging in WordPress</a> for more information. (This message was added in version 5.0.0.) in C:\xampp\htdocs\malumere\wp-includes\functions.php on line 6260
[22-Sep-2026 22:34:58 UTC] PHP Notice:  Function WP_Block_Type_Registry::register was called <strong>incorrectly</strong>. Block type "core/more" is already registered. Please see <a href="https://developer.wordpress.org/advanced-administration/debug/debug-wordpress/">Debugging in WordPress</a> for more information. (This message was added in version 5.0.0.) in C:\xampp\htdocs\malumere\wp-includes\functions.php on line 6260
[22-Sep-2026 22:34:58 UTC] PHP Notice:  Function WP_Block_Type_Registry::register was called <strong>incorrectly</strong>. Block type "core/nextpage" is already registered. Please see <a href="https://developer.wordpress.org/advanced-administration/debug/debug-wordpress/">Debugging in WordPress</a> for more information. (This message was added in version 5.0.0.) in C:\xampp\htdocs\malumere\wp-includes\functions.php on line 6260
[22-Sep-2026 22:34:58 UTC] PHP Notice:  Function WP_Block_Type_Registry::register was called <strong>incorrectly</strong>. Block type "core/preformatted" is already registered. Please see <a href="https://developer.wordpress.org/advanced-administration/debug/debug-wordpress/">Debugging in WordPress</a> for more information. (This message was added in version 5.0.0.) in C:\xampp\htdocs\malumere\wp-includes\functions.php on line 6260
[22-Sep-2026 22:34:58 UTC] PHP Notice:  Function WP_Block_Type_Registry::register was called <strong>incorrectly</strong>. Block type "core/pullquote" is already registered. Please see <a href="https://developer.wordpress.org/advanced-administration/debug/debug-wordpress/">Debugging in WordPress</a> for more information. (This message was added in version 5.0.0.) in C:\xampp\htdocs\malumere\wp-includes\functions.php on line 6260
[22-Sep-2026 22:34:58 UTC] PHP Notice:  Function WP_Block_Type_Registry::register was called <strong>incorrectly</strong>. Block type "core/quote" is already registered. Please see <a href="https://developer.wordpress.org/advanced-administration/debug/debug-wordpress/">Debugging in WordPress</a> for more information. (This message was added in version 5.0.0.) in C:\xampp\htdocs\malumere\wp-includes\functions.php on line 6260
[22-Sep-2026 22:34:58 UTC] PHP Notice:  Function WP_Block_Type_Registry::register was called <strong>incorrectly</strong>. Block type "core/separator" is already registered. Please see <a href="https://developer.wordpress.org/advanced-administration/debug/debug-wordpress/">Debugging in WordPress</a> for more information. (This message was added in version 5.0.0.) in C:\xampp\htdocs\malumere\wp-includes\functions.php on line 6260
[22-Sep-2026 22:34:58 UTC] PHP Notice:  Function WP_Block_Type_Registry::register was called <strong>incorrectly</strong>. Block type "core/social-links" is already registered. Please see <a href="https://developer.wordpress.org/advanced-administration/debug/debug-wordpress/">Debugging in WordPress</a> for more information. (This message was added in version 5.0.0.) in C:\xampp\htdocs\malumere\wp-includes\functions.php on line 6260
[22-Sep-2026 22:34:58 UTC] PHP Notice:  Function WP_Block_Type_Registry::register was called <strong>incorrectly</strong>. Block type "core/spacer" is already registered. Please see <a href="https://developer.wordpress.org/advanced-administration/debug/debug-wordpress/">Debugging in WordPress</a> for more information. (This message was added in version 5.0.0.) in C:\xampp\htdocs\malumere\wp-includes\functions.php on line 6260
[22-Sep-2026 22:34:58 UTC] PHP Notice:  Function WP_Block_Type_Registry::register was called <strong>incorrectly</strong>. Block type "core/tab-panels" is already registered. Please see <a href="https://developer.wordpress.org/advanced-administration/debug/debug-wordpress/">Debugging in WordPress</a> for more information. (This message was added in version 5.0.0.) in C:\xampp\htdocs\malumere\wp-includes\functions.php on line 6260
[22-Sep-2026 22:34:58 UTC] PHP Notice:  Function WP_Block_Type_Registry::register was called <strong>incorrectly</strong>. Block type "core/table" is already registered. Please see <a href="https://developer.wordpress.org/advanced-administration/debug/debug-wordpress/">Debugging in WordPress</a> for more information. (This message was added in version 5.0.0.) in C:\xampp\htdocs\malumere\wp-includes\functions.php on line 6260
[22-Sep-2026 22:34:58 UTC] PHP Notice:  Function WP_Block_Type_Registry::register was called <strong>incorrectly</strong>. Block type "core/terms-query" is already registered. Please see <a href="https://developer.wordpress.org/advanced-administration/debug/debug-wordpress/">Debugging in WordPress</a> for more information. (This message was added in version 5.0.0.) in C:\xampp\htdocs\malumere\wp-includes\functions.php on line 6260
[22-Sep-2026 22:34:58 UTC] PHP Notice:  Function WP_Block_Type_Registry::register was called <strong>incorrectly</strong>. Block type "core/text-columns" is already registered. Please see <a href="https://developer.wordpress.org/advanced-administration/debug/debug-wordpress/">Debugging in WordPress</a> for more information. (This message was added in version 5.0.0.) in C:\xampp\htdocs\malumere\wp-includes\functions.php on line 6260
[22-Sep-2026 22:34:58 UTC] PHP Notice:  Function WP_Block_Type_Registry::register was called <strong>incorrectly</strong>. Block type "core/verse" is already registered. Please see <a href="https://developer.wordpress.org/advanced-administration/debug/debug-wordpress/">Debugging in WordPress</a> for more information. (This message was added in version 5.0.0.) in C:\xampp\htdocs\malumere\wp-includes\functions.php on line 6260
[22-Sep-2026 22:35:14 UTC] PHP Notice:  Function WP_Icon_Collections_Registry::register was called <strong>incorrectly</strong>. Icon collection is already registered. Please see <a href="https://developer.wordpress.org/advanced-administration/debug/debug-wordpress/">Debugging in WordPress</a> for more information. (This message was added in version 7.1.0.) in C:\xampp\htdocs\malumere\wp-includes\functions.php on line 6260
[22-Sep-2026 22:35:14 UTC] PHP Notice:  Function WP_Font_Library::register_font_collection was called <strong>incorrectly</strong>. Font collection with slug: "google-fonts" is already registered. Please see <a href="https://developer.wordpress.org/advanced-administration/debug/debug-wordpress/">Debugging in WordPress</a> for more information. (This message was added in version 6.5.0.) in C:\xampp\htdocs\malumere\wp-includes\functions.php on line 6260
[22-Sep-2026 22:35:14 UTC] PHP Notice:  Function WP_Icons_Registry::register was called <strong>incorrectly</strong>. Icon is already registered. Please see <a href="https://developer.wordpress.org/advanced-administration/debug/debug-wordpress/">Debugging in WordPress</a> for more information. (This message was added in version 7.1.0.) in C:\xampp\htdocs\malumere\wp-includes\functions.php on line 6260
[22-Sep-2026 22:35:14 UTC] PHP Notice:  Function WP_Icons_Registry::register was called <strong>incorrectly</strong>. Icon is already registered. Please see <a href="https://developer.wordpress.org/advanced-administration/debug/debug-wordpress/">Debugging in WordPress</a> for more information. (This message was added in version 7.1.0.) in C:\xampp\htdocs\malumere\wp-includes\functions.php on line 6260
[22-Sep-2026 22:35:14 UTC] PHP Notice:  Function WP_Icons_Registry::register was called <strong>incorrectly</strong>. Icon is already registered. Please see <a href="https://developer.wordpress.org/advanced-administration/debug/debug-wordpress/">Debugging in WordPress</a> for more information. (This message was added in version 7.1.0.) in C:\xampp\htdocs\malumere\wp-includes\functions.php on line 6260
[22-Sep-2026 22:35:14 UTC] PHP Notice:  Function WP_Icons_Registry::register was called <strong>incorrectly</strong>. Icon is already registered. Please see <a href="https://developer.wordpress.org/advanced-administration/debug/debug-wordpress/">Debugging in WordPress</a> for more information. (This message was added in version 7.1.0.) in C:\xampp\htdocs\malumere\wp-includes\functions.php on line 6260
[22-Sep-2026 22:35:14 UTC] PHP Notice:  Function WP_Icons_Registry::register was called <strong>incorrectly</strong>. Icon is already registered. Please see <a href="https://developer.wordpress.org/advanced-administration/debug/debug-wordpress/">Debugging in WordPress</a> for more information. (This message was added in version 7.1.0.) in C:\xampp\htdocs\malumere\wp-includes\functions.php on line 6260
[22-Sep-2026 22:35:14 UTC] PHP Notice:  Function WP_Icons_Registry::register was called <strong>incorrectly</strong>. Icon is already registered. Please see <a href="https://developer.wordpress.org/advanced-administration/debug/debug-wordpress/">Debugging in WordPress</a> for more information. (This message was added in version 7.1.0.) in C:\xampp\htdocs\malumere\wp-includes\functions.php on line 6260
[22-Sep-2026 22:35:14 UTC] PHP Notice:  Function WP_Icons_Registry::register was called <strong>incorrectly</strong>. Icon is already registered. Please see <a href="https://developer.wordpress.org/advanced-administration/debug/debug-wordpress/">Debugging in WordPress</a> for more information. (This message was added in version 7.1.0.) in C:\xampp\htdocs\malumere\wp-includes\functions.php on line 6260
[22-Sep-2026 22:35:14 UTC] PHP Notice:  Function WP_Icons_Registry::register was called <strong>incorrectly</strong>. Icon is already registered. Please see <a href="https://developer.wordpress.org/advanced-administration/debug/debug-wordpress/">Debugging in WordPress</a> for more information. (This message was added in version 7.1.0.) in C:\xampp\htdocs\malumere\wp-includes\functions.php on line 6260
[22-Sep-2026 22:35:14 UTC] PHP Notice:  Function WP_Icons_Registry::register was called <strong>incorrectly</strong>. Icon is already registered. Please see <a href="https://developer.wordpress.org/advanced-administration/debug/debug-wordpress/">Debugging in WordPress</a> for more information. (This message was added in version 7.1.0.) in C:\xampp\htdocs\malumere\wp-includes\functions.php on line 6260
[22-Sep-2026 22:35:14 UTC] PHP Notice:  Function WP_Icons_Registry::register was called <strong>incorrectly</strong>. Icon is already registered. Please see <a href="https://developer.wordpress.org/advanced-administration/debug/debug-wordpress/">Debugging in WordPress</a> for more information. (This message was added in version 7.1.0.) in C:\xampp\htdocs\malumere\wp-includes\functions.php on line 6260
[22-Sep-2026 22:35:14 UTC] PHP Notice:  Function WP_Icons_Registry::register was called <strong>incorrectly</strong>. Icon is already registered. Please see <a href="https://developer.wordpress.org/advanced-administration/debug/debug-wordpress/">Debugging in WordPress</a> for more information. (This message was added in version 7.1.0.) in C:\xampp\htdocs\malumere\wp-includes\functions.php on line 6260
[22-Sep-2026 22:35:14 UTC] PHP Notice:  Function WP_Icons_Registry::register was called <strong>incorrectly</strong>. Icon is already registered. Please see <a href="https://developer.wordpress.org/advanced-administration/debug/debug-wordpress/">Debugging in WordPress</a> for more information. (This message was added in version 7.1.0.) in C:\xampp\htdocs\malumere\wp-includes\functions.php on line 6260
[22-Sep-2026 22:35:14 UTC] PHP Notice:  Function WP_Icons_Registry::register was called <strong>incorrectly</strong>. Icon is already registered. Please see <a href="https://developer.wordpress.org/advanced-administration/debug/debug-wordpress/">Debugging in WordPress</a> for more information. (This message was added in version 7.1.0.) in C:\xampp\htdocs\malumere\wp-includes\functions.php on line 6260
[22-Sep-2026 22:35:14 UTC] PHP Notice:  Function WP_Icons_Registry::register was called <strong>incorrectly</strong>. Icon is already registered. Please see <a href="https://developer.wordpress.org/advanced-administration/debug/debug-wordpress/">Debugging in WordPress</a> for more information. (This message was added in version 7.1.0.) in C:\xampp\htdocs\malumere\wp-includes\functions.php on line 6260
[22-Sep-2026 22:35:14 UTC] PHP Notice:  Function WP_Icons_Registry::register was called <strong>incorrectly</strong>. Icon is already registered. Please see <a href="https://developer.wordpress.org/advanced-administration/debug/debug-wordpress/">Debugging in WordPress</a> for more information. (This message was added in version 7.1.0.) in C:\xampp\htdocs\malumere\wp-includes\functions.php on line 6260
[22-Sep-2026 22:35:14 UTC] PHP Notice:  Function WP_Icons_Registry::register was called <strong>incorrectly</strong>. Icon is already registered. Please see <a href="https://developer.wordpress.org/advanced-administration/debug/debug-wordpress/">Debugging in WordPress</a> for more information. (This message was added in version 7.1.0.) in C:\xampp\htdocs\malumere\wp-includes\functions.php on line 6260
[22-Sep-2026 22:35:14 UTC] PHP Notice:  Function WP_Icons_Registry::register was called <strong>incorrectly</strong>. Icon is already registered. Please see <a href="https://developer.wordpress.org/advanced-administration/debug/debug-wordpress/">Debugging in WordPress</a> for more information. (This message was added in version 7.1.0.) in C:\xampp\htdocs\malumere\wp-includes\functions.php on line 6260
[22-Sep-2026 22:35:14 UTC] PHP Notice:  Function WP_Icons_Registry::register was called <strong>incorrectly</strong>. Icon is already registered. Please see <a href="https://developer.wordpress.org/advanced-administration/debug/debug-wordpress/">Debugging in WordPress</a> for more information. (This message was added in version 7.1.0.) in C:\xampp\htdocs\malumere\wp-includes\functions.php on line 6260
[22-Sep-2026 22:35:14 UTC] PHP Notice:  Function WP_Icons_Registry::register was called <strong>incorrectly</strong>. Icon is already registered. Please see <a href="https://developer.wordpress.org/advanced-administration/debug/debug-wordpress/">Debugging in WordPress</a> for more information. (This message was added in version 7.1.0.) in C:\xampp\htdocs\malumere\wp-includes\functions.php on line 6260
[22-Sep-2026 22:35:14 UTC] PHP Notice:  Function WP_Icons_Registry::register was called <strong>incorrectly</strong>. Icon is already registered. Please see <a href="https://developer.wordpress.org/advanced-administration/debug/debug-wordpress/">Debugging in WordPress</a> for more information. (This message was added in version 7.1.0.) in C:\xampp\htdocs\malumere\wp-includes\functions.php on line 6260
[22-Sep-2026 22:35:14 UTC] PHP Notice:  Function WP_Icons_Registry::register was called <strong>incorrectly</strong>. Icon is already registered. Please see <a href="https://developer.wordpress.org/advanced-administration/debug/debug-wordpress/">Debugging in WordPress</a> for more information. (This message was added in version 7.1.0.) in C:\xampp\htdocs\malumere\wp-includes\functions.php on line 6260
[22-Sep-2026 22:35:14 UTC] PHP Notice:  Function WP_Icons_Registry::register was called <strong>incorrectly</strong>. Icon is already registered. Please see <a href="https://developer.wordpress.org/advanced-administration/debug/debug-wordpress/">Debugging in WordPress</a> for more information. (This message was added in version 7.1.0.) in C:\xampp\htdocs\malumere\wp-includes\functions.php on line 6260
[22-Sep-2026 22:35:14 UTC] PHP Notice:  Function WP_Icons_Registry::register was called <strong>incorrectly</strong>. Icon is already registered. Please see <a href="https://developer.wordpress.org/advanced-administration/debug/debug-wordpress/">Debugging in WordPress</a> for more information. (This message was added in version 7.1.0.) in C:\xampp\htdocs\malumere\wp-includes\functions.php on line 6260
[22-Sep-2026 22:35:14 UTC] PHP Notice:  Function WP_Icons_Registry::register was called <strong>incorrectly</strong>. Icon is already registered. Please see <a href="https://developer.wordpress.org/advanced-administration/debug/debug-wordpress/">Debugging in WordPress</a> for more information. (This message was added in version 7.1.0.) in C:\xampp\htdocs\malumere\wp-includes\functions.php on line 6260
[22-Sep-2026 22:35:14 UTC] PHP Notice:  Function WP_Icons_Registry::register was called <strong>incorrectly</strong>. Icon is already registered. Please see <a href="https://developer.wordpress.org/advanced-administration/debug/debug-wordpress/">Debugging in WordPress</a> for more information. (This message was added in version 7.1.0.) in C:\xampp\htdocs\malumere\wp-includes\functions.php on line 6260
[22-Sep-2026 22:35:14 UTC] PHP Notice:  Function WP_Icons_Registry::register was called <strong>incorrectly</strong>. Icon is already registered. Please see <a href="https://developer.wordpress.org/advanced-administration/debug/debug-wordpress/">Debugging in WordPress</a> for more information. (This message was added in version 7.1.0.) in C:\xampp\htdocs\malumere\wp-includes\functions.php on line 6260
[22-Sep-2026 22:35:14 UTC] PHP Notice:  Function WP_Icons_Registry::register was called <strong>incorrectly</strong>. Icon is already registered. Please see <a href="https://developer.wordpress.org/advanced-administration/debug/debug-wordpress/">Debugging in WordPress</a> for more information. (This message was added in version 7.1.0.) in C:\xampp\htdocs\malumere\wp-includes\functions.php on line 6260
[22-Sep-2026 22:35:14 UTC] PHP Notice:  Function WP_Icons_Registry::register was called <strong>incorrectly</strong>. Icon is already registered. Please see <a href="https://developer.wordpress.org/advanced-administration/debug/debug-wordpress/">Debugging in WordPress</a> for more information. (This message was added in version 7.1.0.) in C:\xampp\htdocs\malumere\wp-includes\functions.php on line 6260
[22-Sep-2026 22:35:14 UTC] PHP Notice:  Function WP_Icons_Registry::register was called <strong>incorrectly</strong>. Icon is already registered. Please see <a href="https://developer.wordpress.org/advanced-administration/debug/debug-wordpress/">Debugging in WordPress</a> for more information. (This message was added in version 7.1.0.) in C:\xampp\htdocs\malumere\wp-includes\functions.php on line 6260
[22-Sep-2026 22:35:14 UTC] PHP Notice:  Function WP_Icons_Registry::register was called <strong>incorrectly</strong>. Icon is already registered. Please see <a href="https://developer.wordpress.org/advanced-administration/debug/debug-wordpress/">Debugging in WordPress</a> for more information. (This message was added in version 7.1.0.) in C:\xampp\htdocs\malumere\wp-includes\functions.php on line 6260
[22-Sep-2026 22:35:14 UTC] PHP Notice:  Function WP_Icons_Registry::register was called <strong>incorrectly</strong>. Icon is already registered. Please see <a href="https://developer.wordpress.org/advanced-administration/debug/debug-wordpress/">Debugging in WordPress</a> for more information. (This message was added in version 7.1.0.) in C:\xampp\htdocs\malumere\wp-includes\functions.php on line 6260
[22-Sep-2026 22:35:14 UTC] PHP Notice:  Function WP_Icons_Registry::register was called <strong>incorrectly</strong>. Icon is already registered. Please see <a href="https://developer.wordpress.org/advanced-administration/debug/debug-wordpress/">Debugging in WordPress</a> for more information. (This message was added in version 7.1.0.) in C:\xampp\htdocs\malumere\wp-includes\functions.php on line 6260
[22-Sep-2026 22:35:14 UTC] PHP Notice:  Function WP_Icons_Registry::register was called <strong>incorrectly</strong>. Icon is already registered. Please see <a href="https://developer.wordpress.org/advanced-administration/debug/debug-wordpress/">Debugging in WordPress</a> for more information. (This message was added in version 7.1.0.) in C:\xampp\htdocs\malumere\wp-includes\functions.php on line 6260
[22-Sep-2026 22:35:14 UTC] PHP Notice:  Function WP_Icons_Registry::register was called <strong>incorrectly</strong>. Icon is already registered. Please see <a href="https://developer.wordpress.org/advanced-administration/debug/debug-wordpress/">Debugging in WordPress</a> for more information. (This message was added in version 7.1.0.) in C:\xampp\htdocs\malumere\wp-includes\functions.php on line 6260
[22-Sep-2026 22:35:14 UTC] PHP Notice:  Function WP_Icons_Registry::register was called <strong>incorrectly</strong>. Icon is already registered. Please see <a href="https://developer.wordpress.org/advanced-administration/debug/debug-wordpress/">Debugging in WordPress</a> for more information. (This message was added in version 7.1.0.) in C:\xampp\htdocs\malumere\wp-includes\functions.php on line 6260
[22-Sep-2026 22:35:14 UTC] PHP Notice:  Function WP_Icons_Registry::register was called <strong>incorrectly</strong>. Icon is already registered. Please see <a href="https://developer.wordpress.org/advanced-administration/debug/debug-wordpress/">Debugging in WordPress</a> for more information. (This message was added in version 7.1.0.) in C:\xampp\htdocs\malumere\wp-includes\functions.php on line 6260
[22-Sep-2026 22:35:14 UTC] PHP Notice:  Function WP_Icons_Registry::register was called <strong>incorrectly</strong>. Icon is already registered. Please see <a href="https://developer.wordpress.org/advanced-administration/debug/debug-wordpress/">Debugging in WordPress</a> for more information. (This message was added in version 7.1.0.) in C:\xampp\htdocs\malumere\wp-includes\functions.php on line 6260
[22-Sep-2026 22:35:14 UTC] PHP Notice:  Function WP_Icons_Registry::register was called <strong>incorrectly</strong>. Icon is already registered. Please see <a href="https://developer.wordpress.org/advanced-administration/debug/debug-wordpress/">Debugging in WordPress</a> for more information. (This message was added in version 7.1.0.) in C:\xampp\htdocs\malumere\wp-includes\functions.php on line 6260
[22-Sep-2026 22:35:14 UTC] PHP Notice:  Function WP_Icons_Registry::register was called <strong>incorrectly</strong>. Icon is already registered. Please see <a href="https://developer.wordpress.org/advanced-administration/debug/debug-wordpress/">Debugging in WordPress</a> for more information. (This message was added in version 7.1.0.) in C:\xampp\htdocs\malumere\wp-includes\functions.php on line 6260
[22-Sep-2026 22:35:14 UTC] PHP Notice:  Function WP_Icons_Registry::register was called <strong>incorrectly</strong>. Icon is already registered. Please see <a href="https://developer.wordpress.org/advanced-administration/debug/debug-wordpress/">Debugging in WordPress</a> for more information. (This message was added in version 7.1.0.) in C:\xampp\htdocs\malumere\wp-includes\functions.php on line 6260
[22-Sep-2026 22:35:14 UTC] PHP Notice:  Function WP_Icons_Registry::register was called <strong>incorrectly</strong>. Icon is already registered. Please see <a href="https://developer.wordpress.org/advanced-administration/debug/debug-wordpress/">Debugging in WordPress</a> for more information. (This message was added in version 7.1.0.) in C:\xampp\htdocs\malumere\wp-includes\functions.php on line 6260
[22-Sep-2026 22:35:14 UTC] PHP Notice:  Function WP_Icons_Registry::register was called <strong>incorrectly</strong>. Icon is already registered. Please see <a href="https://developer.wordpress.org/advanced-administration/debug/debug-wordpress/">Debugging in WordPress</a> for more information. (This message was added in version 7.1.0.) in C:\xampp\htdocs\malumere\wp-includes\functions.php on line 6260
[22-Sep-2026 22:35:14 UTC] PHP Notice:  Function WP_Icons_Registry::register was called <strong>incorrectly</strong>. Icon is already registered. Please see <a href="https://developer.wordpress.org/advanced-administration/debug/debug-wordpress/">Debugging in WordPress</a> for more information. (This message was added in version 7.1.0.) in C:\xampp\htdocs\malumere\wp-includes\functions.php on line 6260
[22-Sep-2026 22:35:14 UTC] PHP Notice:  Function WP_Icons_Registry::register was called <strong>incorrectly</strong>. Icon is already registered. Please see <a href="https://developer.wordpress.org/advanced-administration/debug/debug-wordpress/">Debugging in WordPress</a> for more information. (This message was added in version 7.1.0.) in C:\xampp\htdocs\malumere\wp-includes\functions.php on line 6260
[22-Sep-2026 22:35:14 UTC] PHP Notice:  Function WP_Icons_Registry::register was called <strong>incorrectly</strong>. Icon is already registered. Please see <a href="https://developer.wordpress.org/advanced-administration/debug/debug-wordpress/">Debugging in WordPress</a> for more information. (This message was added in version 7.1.0.) in C:\xampp\htdocs\malumere\wp-includes\functions.php on line 6260
[22-Sep-2026 22:35:14 UTC] PHP Notice:  Function WP_Icons_Registry::register was called <strong>incorrectly</strong>. Icon is already registered. Please see <a href="https://developer.wordpress.org/advanced-administration/debug/debug-wordpress/">Debugging in WordPress</a> for more information. (This message was added in version 7.1.0.) in C:\xampp\htdocs\malumere\wp-includes\functions.php on line 6260
[22-Sep-2026 22:35:14 UTC] PHP Notice:  Function WP_Icons_Registry::register was called <strong>incorrectly</strong>. Icon is already registered. Please see <a href="https://developer.wordpress.org/advanced-administration/debug/debug-wordpress/">Debugging in WordPress</a> for more information. (This message was added in version 7.1.0.) in C:\xampp\htdocs\malumere\wp-includes\functions.php on line 6260
[22-Sep-2026 22:35:14 UTC] PHP Notice:  Function WP_Icons_Registry::register was called <strong>incorrectly</strong>. Icon is already registered. Please see <a href="https://developer.wordpress.org/advanced-administration/debug/debug-wordpress/">Debugging in WordPress</a> for more information. (This message was added in version 7.1.0.) in C:\xampp\htdocs\malumere\wp-includes\functions.php on line 6260
[22-Sep-2026 22:35:14 UTC] PHP Notice:  Function WP_Icons_Registry::register was called <strong>incorrectly</strong>. Icon is already registered. Please see <a href="https://developer.wordpress.org/advanced-administration/debug/debug-wordpress/">Debugging in WordPress</a> for more information. (This message was added in version 7.1.0.) in C:\xampp\htdocs\malumere\wp-includes\functions.php on line 6260
[22-Sep-2026 22:35:14 UTC] PHP Notice:  Function WP_Icons_Registry::register was called <strong>incorrectly</strong>. Icon is already registered. Please see <a href="https://developer.wordpress.org/advanced-administration/debug/debug-wordpress/">Debugging in WordPress</a> for more information. (This message was added in version 7.1.0.) in C:\xampp\htdocs\malumere\wp-includes\functions.php on line 6260
[22-Sep-2026 22:35:14 UTC] PHP Notice:  Function WP_Icons_Registry::register was called <strong>incorrectly</strong>. Icon is already registered. Please see <a href="https://developer.wordpress.org/advanced-administration/debug/debug-wordpress/">Debugging in WordPress</a> for more information. (This message was added in version 7.1.0.) in C:\xampp\htdocs\malumere\wp-includes\functions.php on line 6260
[22-Sep-2026 22:35:14 UTC] PHP Notice:  Function WP_Icons_Registry::register was called <strong>incorrectly</strong>. Icon is already registered. Please see <a href="https://developer.wordpress.org/advanced-administration/debug/debug-wordpress/">Debugging in WordPress</a> for more information. (This message was added in version 7.1.0.) in C:\xampp\htdocs\malumere\wp-includes\functions.php on line 6260
[22-Sep-2026 22:35:14 UTC] PHP Notice:  Function WP_Icons_Registry::register was called <strong>incorrectly</strong>. Icon is already registered. Please see <a href="https://developer.wordpress.org/advanced-administration/debug/debug-wordpress/">Debugging in WordPress</a> for more information. (This message was added in version 7.1.0.) in C:\xampp\htdocs\malumere\wp-includes\functions.php on line 6260
[22-Sep-2026 22:35:14 UTC] PHP Notice:  Function WP_Icons_Registry::register was called <strong>incorrectly</strong>. Icon is already registered. Please see <a href="https://developer.wordpress.org/advanced-administration/debug/debug-wordpress/">Debugging in WordPress</a> for more information. (This message was added in version 7.1.0.) in C:\xampp\htdocs\malumere\wp-includes\functions.php on line 6260
[22-Sep-2026 22:35:14 UTC] PHP Notice:  Function WP_Icons_Registry::register was called <strong>incorrectly</strong>. Icon is already registered. Please see <a href="https://developer.wordpress.org/advanced-administration/debug/debug-wordpress/">Debugging in WordPress</a> for more information. (This message was added in version 7.1.0.) in C:\xampp\htdocs\malumere\wp-includes\functions.php on line 6260
[22-Sep-2026 22:35:14 UTC] PHP Notice:  Function WP_Icons_Registry::register was called <strong>incorrectly</strong>. Icon is already registered. Please see <a href="https://developer.wordpress.org/advanced-administration/debug/debug-wordpress/">Debugging in WordPress</a> for more information. (This message was added in version 7.1.0.) in C:\xampp\htdocs\malumere\wp-includes\functions.php on line 6260
[22-Sep-2026 22:35:14 UTC] PHP Notice:  Function WP_Icons_Registry::register was called <strong>incorrectly</strong>. Icon is already registered. Please see <a href="https://developer.wordpress.org/advanced-administration/debug/debug-wordpress/">Debugging in WordPress</a> for more information. (This message was added in version 7.1.0.) in C:\xampp\htdocs\malumere\wp-includes\functions.php on line 6260
[22-Sep-2026 22:35:14 UTC] PHP Notice:  Function WP_Icons_Registry::register was called <strong>incorrectly</strong>. Icon is already registered. Please see <a href="https://developer.wordpress.org/advanced-administration/debug/debug-wordpress/">Debugging in WordPress</a> for more information. (This message was added in version 7.1.0.) in C:\xampp\htdocs\malumere\wp-includes\functions.php on line 6260
[22-Sep-2026 22:35:14 UTC] PHP Notice:  Function WP_Icons_Registry::register was called <strong>incorrectly</strong>. Icon is already registered. Please see <a href="https://developer.wordpress.org/advanced-administration/debug/debug-wordpress/">Debugging in WordPress</a> for more information. (This message was added in version 7.1.0.) in C:\xampp\htdocs\malumere\wp-includes\functions.php on line 6260
[22-Sep-2026 22:35:14 UTC] PHP Notice:  Function WP_Icons_Registry::register was called <strong>incorrectly</strong>. Icon is already registered. Please see <a href="https://developer.wordpress.org/advanced-administration/debug/debug-wordpress/">Debugging in WordPress</a> for more information. (This message was added in version 7.1.0.) in C:\xampp\htdocs\malumere\wp-includes\functions.php on line 6260
[22-Sep-2026 22:35:14 UTC] PHP Notice:  Function WP_Icons_Registry::register was called <strong>incorrectly</strong>. Icon is already registered. Please see <a href="https://developer.wordpress.org/advanced-administration/debug/debug-wordpress/">Debugging in WordPress</a> for more information. (This message was added in version 7.1.0.) in C:\xampp\htdocs\malumere\wp-includes\functions.php on line 6260
[22-Sep-2026 22:35:14 UTC] PHP Notice:  Function WP_Icons_Registry::register was called <strong>incorrectly</strong>. Icon is already registered. Please see <a href="https://developer.wordpress.org/advanced-administration/debug/debug-wordpress/">Debugging in WordPress</a> for more information. (This message was added in version 7.1.0.) in C:\xampp\htdocs\malumere\wp-includes\functions.php on line 6260
[22-Sep-2026 22:35:14 UTC] PHP Notice:  Function WP_Icons_Registry::register was called <strong>incorrectly</strong>. Icon is already registered. Please see <a href="https://developer.wordpress.org/advanced-administration/debug/debug-wordpress/">Debugging in WordPress</a> for more information. (This message was added in version 7.1.0.) in C:\xampp\htdocs\malumere\wp-includes\functions.php on line 6260
[22-Sep-2026 22:35:14 UTC] PHP Notice:  Function WP_Icons_Registry::register was called <strong>incorrectly</strong>. Icon is already registered. Please see <a href="https://developer.wordpress.org/advanced-administration/debug/debug-wordpress/">Debugging in WordPress</a> for more information. (This message was added in version 7.1.0.) in C:\xampp\htdocs\malumere\wp-includes\functions.php on line 6260
[22-Sep-2026 22:35:14 UTC] PHP Notice:  Function WP_Icons_Registry::register was called <strong>incorrectly</strong>. Icon is already registered. Please see <a href="https://developer.wordpress.org/advanced-administration/debug/debug-wordpress/">Debugging in WordPress</a> for more information. (This message was added in version 7.1.0.) in C:\xampp\htdocs\malumere\wp-includes\functions.php on line 6260
[22-Sep-2026 22:35:14 UTC] PHP Notice:  Function WP_Icons_Registry::register was called <strong>incorrectly</strong>. Icon is already registered. Please see <a href="https://developer.wordpress.org/advanced-administration/debug/debug-wordpress/">Debugging in WordPress</a> for more information. (This message was added in version 7.1.0.) in C:\xampp\htdocs\malumere\wp-includes\functions.php on line 6260
[22-Sep-2026 22:35:14 UTC] PHP Notice:  Function WP_Icons_Registry::register was called <strong>incorrectly</strong>. Icon is already registered. Please see <a href="https://developer.wordpress.org/advanced-administration/debug/debug-wordpress/">Debugging in WordPress</a> for more information. (This message was added in version 7.1.0.) in C:\xampp\htdocs\malumere\wp-includes\functions.php on line 6260
[22-Sep-2026 22:35:14 UTC] PHP Notice:  Function WP_Icons_Registry::register was called <strong>incorrectly</strong>. Icon is already registered. Please see <a href="https://developer.wordpress.org/advanced-administration/debug/debug-wordpress/">Debugging in WordPress</a> for more information. (This message was added in version 7.1.0.) in C:\xampp\htdocs\malumere\wp-includes\functions.php on line 6260
[22-Sep-2026 22:35:14 UTC] PHP Notice:  Function WP_Icons_Registry::register was called <strong>incorrectly</strong>. Icon is already registered. Please see <a href="https://developer.wordpress.org/advanced-administration/debug/debug-wordpress/">Debugging in WordPress</a> for more information. (This message was added in version 7.1.0.) in C:\xampp\htdocs\malumere\wp-includes\functions.php on line 6260
[22-Sep-2026 22:35:14 UTC] PHP Notice:  Function WP_Icons_Registry::register was called <strong>incorrectly</strong>. Icon is already registered. Please see <a href="https://developer.wordpress.org/advanced-administration/debug/debug-wordpress/">Debugging in WordPress</a> for more information. (This message was added in version 7.1.0.) in C:\xampp\htdocs\malumere\wp-includes\functions.php on line 6260
[22-Sep-2026 22:35:14 UTC] PHP Notice:  Function WP_Icons_Registry::register was called <strong>incorrectly</strong>. Icon is already registered. Please see <a href="https://developer.wordpress.org/advanced-administration/debug/debug-wordpress/">Debugging in WordPress</a> for more information. (This message was added in version 7.1.0.) in C:\xampp\htdocs\malumere\wp-includes\functions.php on line 6260
[22-Sep-2026 22:35:14 UTC] PHP Notice:  Function WP_Icons_Registry::register was called <strong>incorrectly</strong>. Icon is already registered. Please see <a href="https://developer.wordpress.org/advanced-administration/debug/debug-wordpress/">Debugging in WordPress</a> for more information. (This message was added in version 7.1.0.) in C:\xampp\htdocs\malumere\wp-includes\functions.php on line 6260
[22-Sep-2026 22:35:14 UTC] PHP Notice:  Function WP_Icons_Registry::register was called <strong>incorrectly</strong>. Icon is already registered. Please see <a href="https://developer.wordpress.org/advanced-administration/debug/debug-wordpress/">Debugging in WordPress</a> for more information. (This message was added in version 7.1.0.) in C:\xampp\htdocs\malumere\wp-includes\functions.php on line 6260
[22-Sep-2026 22:35:14 UTC] PHP Notice:  Function WP_Icons_Registry::register was called <strong>incorrectly</strong>. Icon is already registered. Please see <a href="https://developer.wordpress.org/advanced-administration/debug/debug-wordpress/">Debugging in WordPress</a> for more information. (This message was added in version 7.1.0.) in C:\xampp\htdocs\malumere\wp-includes\functions.php on line 6260
[22-Sep-2026 22:35:14 UTC] PHP Notice:  Function WP_Icons_Registry::register was called <strong>incorrectly</strong>. Icon is already registered. Please see <a href="https://developer.wordpress.org/advanced-administration/debug/debug-wordpress/">Debugging in WordPress</a> for more information. (This message was added in version 7.1.0.) in C:\xampp\htdocs\malumere\wp-includes\functions.php on line 6260
[22-Sep-2026 22:35:14 UTC] PHP Notice:  Function WP_Icons_Registry::register was called <strong>incorrectly</strong>. Icon is already registered. Please see <a href="https://developer.wordpress.org/advanced-administration/debug/debug-wordpress/">Debugging in WordPress</a> for more information. (This message was added in version 7.1.0.) in C:\xampp\htdocs\malumere\wp-includes\functions.php on line 6260
[22-Sep-2026 22:35:14 UTC] PHP Notice:  Function WP_Icons_Registry::register was called <strong>incorrectly</strong>. Icon is already registered. Please see <a href="https://developer.wordpress.org/advanced-administration/debug/debug-wordpress/">Debugging in WordPress</a> for more information. (This message was added in version 7.1.0.) in C:\xampp\htdocs\malumere\wp-includes\functions.php on line 6260
[22-Sep-2026 22:35:14 UTC] PHP Notice:  Function WP_Icons_Registry::register was called <strong>incorrectly</strong>. Icon is already registered. Please see <a href="https://developer.wordpress.org/advanced-administration/debug/debug-wordpress/">Debugging in WordPress</a> for more information. (This message was added in version 7.1.0.) in C:\xampp\htdocs\malumere\wp-includes\functions.php on line 6260
[22-Sep-2026 22:35:14 UTC] PHP Notice:  Function WP_Icons_Registry::register was called <strong>incorrectly</strong>. Icon is already registered. Please see <a href="https://developer.wordpress.org/advanced-administration/debug/debug-wordpress/">Debugging in WordPress</a> for more information. (This message was added in version 7.1.0.) in C:\xampp\htdocs\malumere\wp-includes\functions.php on line 6260
[22-Sep-2026 22:35:14 UTC] PHP Notice:  Function WP_Icons_Registry::register was called <strong>incorrectly</strong>. Icon is already registered. Please see <a href="https://developer.wordpress.org/advanced-administration/debug/debug-wordpress/">Debugging in WordPress</a> for more information. (This message was added in version 7.1.0.) in C:\xampp\htdocs\malumere\wp-includes\functions.php on line 6260
[22-Sep-2026 22:35:14 UTC] PHP Notice:  Function WP_Icons_Registry::register was called <strong>incorrectly</strong>. Icon is already registered. Please see <a href="https://developer.wordpress.org/advanced-administration/debug/debug-wordpress/">Debugging in WordPress</a> for more information. (This message was added in version 7.1.0.) in C:\xampp\htdocs\malumere\wp-includes\functions.php on line 6260
[22-Sep-2026 22:35:14 UTC] PHP Notice:  Function WP_Icons_Registry::register was called <strong>incorrectly</strong>. Icon is already registered. Please see <a href="https://developer.wordpress.org/advanced-administration/debug/debug-wordpress/">Debugging in WordPress</a> for more information. (This message was added in version 7.1.0.) in C:\xampp\htdocs\malumere\wp-includes\functions.php on line 6260
[22-Sep-2026 22:35:14 UTC] PHP Notice:  Function WP_Icons_Registry::register was called <strong>incorrectly</strong>. Icon is already registered. Please see <a href="https://developer.wordpress.org/advanced-administration/debug/debug-wordpress/">Debugging in WordPress</a> for more information. (This message was added in version 7.1.0.) in C:\xampp\htdocs\malumere\wp-includes\functions.php on line 6260
[22-Sep-2026 22:35:14 UTC] PHP Notice:  Function WP_Icons_Registry::register was called <strong>incorrectly</strong>. Icon is already registered. Please see <a href="https://developer.wordpress.org/advanced-administration/debug/debug-wordpress/">Debugging in WordPress</a> for more information. (This message was added in version 7.1.0.) in C:\xampp\htdocs\malumere\wp-includes\functions.php on line 6260
[22-Sep-2026 22:35:14 UTC] PHP Notice:  Function WP_Icons_Registry::register was called <strong>incorrectly</strong>. Icon is already registered. Please see <a href="https://developer.wordpress.org/advanced-administration/debug/debug-wordpress/">Debugging in WordPress</a> for more information. (This message was added in version 7.1.0.) in C:\xampp\htdocs\malumere\wp-includes\functions.php on line 6260
[22-Sep-2026 22:35:14 UTC] PHP Notice:  Function WP_Icons_Registry::register was called <strong>incorrectly</strong>. Icon is already registered. Please see <a href="https://developer.wordpress.org/advanced-administration/debug/debug-wordpress/">Debugging in WordPress</a> for more information. (This message was added in version 7.1.0.) in C:\xampp\htdocs\malumere\wp-includes\functions.php on line 6260
[22-Sep-2026 22:35:14 UTC] PHP Notice:  Function WP_Icons_Registry::register was called <strong>incorrectly</strong>. Icon is already registered. Please see <a href="https://developer.wordpress.org/advanced-administration/debug/debug-wordpress/">Debugging in WordPress</a> for more information. (This message was added in version 7.1.0.) in C:\xampp\htdocs\malumere\wp-includes\functions.php on line 6260
[22-Sep-2026 22:35:14 UTC] PHP Notice:  Function WP_Icons_Registry::register was called <strong>incorrectly</strong>. Icon is already registered. Please see <a href="https://developer.wordpress.org/advanced-administration/debug/debug-wordpress/">Debugging in WordPress</a> for more information. (This message was added in version 7.1.0.) in C:\xampp\htdocs\malumere\wp-includes\functions.php on line 6260
[22-Sep-2026 22:35:14 UTC] PHP Notice:  Function WP_Block_Bindings_Registry::register was called <strong>incorrectly</strong>. Block bindings source "core/pattern-overrides" already registered. Please see <a href="https://developer.wordpress.org/advanced-administration/debug/debug-wordpress/">Debugging in WordPress</a> for more information. (This message was added in version 6.5.0.) in C:\xampp\htdocs\malumere\wp-includes\functions.php on line 6260
[22-Sep-2026 22:35:14 UTC] PHP Notice:  Function WP_Block_Bindings_Registry::register was called <strong>incorrectly</strong>. Block bindings source "core/post-data" already registered. Please see <a href="https://developer.wordpress.org/advanced-administration/debug/debug-wordpress/">Debugging in WordPress</a> for more information. (This message was added in version 6.5.0.) in C:\xampp\htdocs\malumere\wp-includes\functions.php on line 6260
[22-Sep-2026 22:35:14 UTC] PHP Notice:  Function WP_Block_Bindings_Registry::register was called <strong>incorrectly</strong>. Block bindings source "core/post-meta" already registered. Please see <a href="https://developer.wordpress.org/advanced-administration/debug/debug-wordpress/">Debugging in WordPress</a> for more information. (This message was added in version 6.5.0.) in C:\xampp\htdocs\malumere\wp-includes\functions.php on line 6260
[22-Sep-2026 22:35:14 UTC] PHP Notice:  Function WP_Block_Type_Registry::register was called <strong>incorrectly</strong>. Block type "core/legacy-widget" is already registered. Please see <a href="https://developer.wordpress.org/advanced-administration/debug/debug-wordpress/">Debugging in WordPress</a> for more information. (This message was added in version 5.0.0.) in C:\xampp\htdocs\malumere\wp-includes\functions.php on line 6260
[22-Sep-2026 22:35:14 UTC] PHP Notice:  Function WP_Block_Type_Registry::register was called <strong>incorrectly</strong>. Block type "core/widget-group" is already registered. Please see <a href="https://developer.wordpress.org/advanced-administration/debug/debug-wordpress/">Debugging in WordPress</a> for more information. (This message was added in version 5.0.0.) in C:\xampp\htdocs\malumere\wp-includes\functions.php on line 6260
[22-Sep-2026 22:35:14 UTC] PHP Notice:  Function WP_Block_Type_Registry::register was called <strong>incorrectly</strong>. Block type "core/accordion" is already registered. Please see <a href="https://developer.wordpress.org/advanced-administration/debug/debug-wordpress/">Debugging in WordPress</a> for more information. (This message was added in version 5.0.0.) in C:\xampp\htdocs\malumere\wp-includes\functions.php on line 6260
[22-Sep-2026 22:35:14 UTC] PHP Notice:  Function WP_Block_Type_Registry::register was called <strong>incorrectly</strong>. Block type "core/accordion-item" is already registered. Please see <a href="https://developer.wordpress.org/advanced-administration/debug/debug-wordpress/">Debugging in WordPress</a> for more information. (This message was added in version 5.0.0.) in C:\xampp\htdocs\malumere\wp-includes\functions.php on line 6260
[22-Sep-2026 22:35:14 UTC] PHP Notice:  Function WP_Block_Type_Registry::register was called <strong>incorrectly</strong>. Block type "core/archives" is already registered. Please see <a href="https://developer.wordpress.org/advanced-administration/debug/debug-wordpress/">Debugging in WordPress</a> for more information. (This message was added in version 5.0.0.) in C:\xampp\htdocs\malumere\wp-includes\functions.php on line 6260
[22-Sep-2026 22:35:14 UTC] PHP Notice:  Function WP_Block_Type_Registry::register was called <strong>incorrectly</strong>. Block type "core/avatar" is already registered. Please see <a href="https://developer.wordpress.org/advanced-administration/debug/debug-wordpress/">Debugging in WordPress</a> for more information. (This message was added in version 5.0.0.) in C:\xampp\htdocs\malumere\wp-includes\functions.php on line 6260
[22-Sep-2026 22:35:14 UTC] PHP Notice:  Function WP_Block_Type_Registry::register was called <strong>incorrectly</strong>. Block type "core/block" is already registered. Please see <a href="https://developer.wordpress.org/advanced-administration/debug/debug-wordpress/">Debugging in WordPress</a> for more information. (This message was added in version 5.0.0.) in C:\xampp\htdocs\malumere\wp-includes\functions.php on line 6260
[22-Sep-2026 22:35:14 UTC] PHP Notice:  Function WP_Block_Type_Registry::register was called <strong>incorrectly</strong>. Block type "core/breadcrumbs" is already registered. Please see <a href="https://developer.wordpress.org/advanced-administration/debug/debug-wordpress/">Debugging in WordPress</a> for more information. (This message was added in version 5.0.0.) in C:\xampp\htdocs\malumere\wp-includes\functions.php on line 6260
[22-Sep-2026 22:35:14 UTC] PHP Notice:  Function WP_Block_Type_Registry::register was called <strong>incorrectly</strong>. Block type "core/button" is already registered. Please see <a href="https://developer.wordpress.org/advanced-administration/debug/debug-wordpress/">Debugging in WordPress</a> for more information. (This message was added in version 5.0.0.) in C:\xampp\htdocs\malumere\wp-includes\functions.php on line 6260
[22-Sep-2026 22:35:14 UTC] PHP Notice:  Function WP_Block_Type_Registry::register was called <strong>incorrectly</strong>. Block type "core/calendar" is already registered. Please see <a href="https://developer.wordpress.org/advanced-administration/debug/debug-wordpress/">Debugging in WordPress</a> for more information. (This message was added in version 5.0.0.) in C:\xampp\htdocs\malumere\wp-includes\functions.php on line 6260
[22-Sep-2026 22:35:14 UTC] PHP Notice:  Function WP_Block_Type_Registry::register was called <strong>incorrectly</strong>. Block type "core/categories" is already registered. Please see <a href="https://developer.wordpress.org/advanced-administration/debug/debug-wordpress/">Debugging in WordPress</a> for more information. (This message was added in version 5.0.0.) in C:\xampp\htdocs\malumere\wp-includes\functions.php on line 6260
[22-Sep-2026 22:35:14 UTC] PHP Notice:  Function WP_Block_Type_Registry::register was called <strong>incorrectly</strong>. Block type "core/comment-author-name" is already registered. Please see <a href="https://developer.wordpress.org/advanced-administration/debug/debug-wordpress/">Debugging in WordPress</a> for more information. (This message was added in version 5.0.0.) in C:\xampp\htdocs\malumere\wp-includes\functions.php on line 6260
[22-Sep-2026 22:35:14 UTC] PHP Notice:  Function WP_Block_Type_Registry::register was called <strong>incorrectly</strong>. Block type "core/comment-content" is already registered. Please see <a href="https://developer.wordpress.org/advanced-administration/debug/debug-wordpress/">Debugging in WordPress</a> for more information. (This message was added in version 5.0.0.) in C:\xampp\htdocs\malumere\wp-includes\functions.php on line 6260
[22-Sep-2026 22:35:14 UTC] PHP Notice:  Function WP_Block_Type_Registry::register was called <strong>incorrectly</strong>. Block type "core/comment-date" is already registered. Please see <a href="https://developer.wordpress.org/advanced-administration/debug/debug-wordpress/">Debugging in WordPress</a> for more information. (This message was added in version 5.0.0.) in C:\xampp\htdocs\malumere\wp-includes\functions.php on line 6260
[22-Sep-2026 22:35:14 UTC] PHP Notice:  Function WP_Block_Type_Registry::register was called <strong>incorrectly</strong>. Block type "core/comment-edit-link" is already registered. Please see <a href="https://developer.wordpress.org/advanced-administration/debug/debug-wordpress/">Debugging in WordPress</a> for more information. (This message was added in version 5.0.0.) in C:\xampp\htdocs\malumere\wp-includes\functions.php on line 6260
[22-Sep-2026 22:35:14 UTC] PHP Notice:  Function WP_Block_Type_Registry::register was called <strong>incorrectly</strong>. Block type "core/comment-reply-link" is already registered. Please see <a href="https://developer.wordpress.org/advanced-administration/debug/debug-wordpress/">Debugging in WordPress</a> for more information. (This message was added in version 5.0.0.) in C:\xampp\htdocs\malumere\wp-includes\functions.php on line 6260
[22-Sep-2026 22:35:14 UTC] PHP Notice:  Function WP_Block_Type_Registry::register was called <strong>incorrectly</strong>. Block type "core/comment-template" is already registered. Please see <a href="https://developer.wordpress.org/advanced-administration/debug/debug-wordpress/">Debugging in WordPress</a> for more information. (This message was added in version 5.0.0.) in C:\xampp\htdocs\malumere\wp-includes\functions.php on line 6260
[22-Sep-2026 22:35:14 UTC] PHP Notice:  Function WP_Block_Type_Registry::register was called <strong>incorrectly</strong>. Block type "core/comments" is already registered. Please see <a href="https://developer.wordpress.org/advanced-administration/debug/debug-wordpress/">Debugging in WordPress</a> for more information. (This message was added in version 5.0.0.) in C:\xampp\htdocs\malumere\wp-includes\functions.php on line 6260
[22-Sep-2026 22:35:14 UTC] PHP Notice:  Function WP_Block_Type_Registry::register was called <strong>incorrectly</strong>. Block type "core/comments-pagination" is already registered. Please see <a href="https://developer.wordpress.org/advanced-administration/debug/debug-wordpress/">Debugging in WordPress</a> for more information. (This message was added in version 5.0.0.) in C:\xampp\htdocs\malumere\wp-includes\functions.php on line 6260
[22-Sep-2026 22:35:14 UTC] PHP Notice:  Function WP_Block_Type_Registry::register was called <strong>incorrectly</strong>. Block type "core/comments-pagination-next" is already registered. Please see <a href="https://developer.wordpress.org/advanced-administration/debug/debug-wordpress/">Debugging in WordPress</a> for more information. (This message was added in version 5.0.0.) in C:\xampp\htdocs\malumere\wp-includes\functions.php on line 6260
[22-Sep-2026 22:35:14 UTC] PHP Notice:  Function WP_Block_Type_Registry::register was called <strong>incorrectly</strong>. Block type "core/comments-pagination-numbers" is already registered. Please see <a href="https://developer.wordpress.org/advanced-administration/debug/debug-wordpress/">Debugging in WordPress</a> for more information. (This message was added in version 5.0.0.) in C:\xampp\htdocs\malumere\wp-includes\functions.php on line 6260
[22-Sep-2026 22:35:14 UTC] PHP Notice:  Function WP_Block_Type_Registry::register was called <strong>incorrectly</strong>. Block type "core/comments-pagination-previous" is already registered. Please see <a href="https://developer.wordpress.org/advanced-administration/debug/debug-wordpress/">Debugging in WordPress</a> for more information. (This message was added in version 5.0.0.) in C:\xampp\htdocs\malumere\wp-includes\functions.php on line 6260
[22-Sep-2026 22:35:14 UTC] PHP Notice:  Function WP_Block_Type_Registry::register was called <strong>incorrectly</strong>. Block type "core/comments-title" is already registered. Please see <a href="https://developer.wordpress.org/advanced-administration/debug/debug-wordpress/">Debugging in WordPress</a> for more information. (This message was added in version 5.0.0.) in C:\xampp\htdocs\malumere\wp-includes\functions.php on line 6260
[22-Sep-2026 22:35:14 UTC] PHP Notice:  Function WP_Block_Type_Registry::register was called <strong>incorrectly</strong>. Block type "core/cover" is already registered. Please see <a href="https://developer.wordpress.org/advanced-administration/debug/debug-wordpress/">Debugging in WordPress</a> for more information. (This message was added in version 5.0.0.) in C:\xampp\htdocs\malumere\wp-includes\functions.php on line 6260
[22-Sep-2026 22:35:14 UTC] PHP Notice:  Function WP_Block_Type_Registry::register was called <strong>incorrectly</strong>. Block type "core/details" is already registered. Please see <a href="https://developer.wordpress.org/advanced-administration/debug/debug-wordpress/">Debugging in WordPress</a> for more information. (This message was added in version 5.0.0.) in C:\xampp\htdocs\malumere\wp-includes\functions.php on line 6260
[22-Sep-2026 22:35:14 UTC] PHP Notice:  Function WP_Block_Type_Registry::register was called <strong>incorrectly</strong>. Block type "core/file" is already registered. Please see <a href="https://developer.wordpress.org/advanced-administration/debug/debug-wordpress/">Debugging in WordPress</a> for more information. (This message was added in version 5.0.0.) in C:\xampp\htdocs\malumere\wp-includes\functions.php on line 6260
[22-Sep-2026 22:35:14 UTC] PHP Notice:  Function WP_Block_Type_Registry::register was called <strong>incorrectly</strong>. Block type "core/footnotes" is already registered. Please see <a href="https://developer.wordpress.org/advanced-administration/debug/debug-wordpress/">Debugging in WordPress</a> for more information. (This message was added in version 5.0.0.) in C:\xampp\htdocs\malumere\wp-includes\functions.php on line 6260
[22-Sep-2026 22:35:14 UTC] PHP Notice:  Function WP_Block_Type_Registry::register was called <strong>incorrectly</strong>. Block type "core/gallery" is already registered. Please see <a href="https://developer.wordpress.org/advanced-administration/debug/debug-wordpress/">Debugging in WordPress</a> for more information. (This message was added in version 5.0.0.) in C:\xampp\htdocs\malumere\wp-includes\functions.php on line 6260
[22-Sep-2026 22:35:14 UTC] PHP Notice:  Function WP_Block_Type_Registry::register was called <strong>incorrectly</strong>. Block type "core/heading" is already registered. Please see <a href="https://developer.wordpress.org/advanced-administration/debug/debug-wordpress/">Debugging in WordPress</a> for more information. (This message was added in version 5.0.0.) in C:\xampp\htdocs\malumere\wp-includes\functions.php on line 6260
[22-Sep-2026 22:35:14 UTC] PHP Notice:  Function WP_Block_Type_Registry::register was called <strong>incorrectly</strong>. Block type "core/home-link" is already registered. Please see <a href="https://developer.wordpress.org/advanced-administration/debug/debug-wordpress/">Debugging in WordPress</a> for more information. (This message was added in version 5.0.0.) in C:\xampp\htdocs\malumere\wp-includes\functions.php on line 6260
[22-Sep-2026 22:35:14 UTC] PHP Notice:  Function WP_Block_Type_Registry::register was called <strong>incorrectly</strong>. Block type "core/icon" is already registered. Please see <a href="https://developer.wordpress.org/advanced-administration/debug/debug-wordpress/">Debugging in WordPress</a> for more information. (This message was added in version 5.0.0.) in C:\xampp\htdocs\malumere\wp-includes\functions.php on line 6260
[22-Sep-2026 22:35:14 UTC] PHP Notice:  Function WP_Block_Type_Registry::register was called <strong>incorrectly</strong>. Block type "core/image" is already registered. Please see <a href="https://developer.wordpress.org/advanced-administration/debug/debug-wordpress/">Debugging in WordPress</a> for more information. (This message was added in version 5.0.0.) in C:\xampp\htdocs\malumere\wp-includes\functions.php on line 6260
[22-Sep-2026 22:35:14 UTC] PHP Notice:  Function WP_Block_Type_Registry::register was called <strong>incorrectly</strong>. Block type "core/latest-comments" is already registered. Please see <a href="https://developer.wordpress.org/advanced-administration/debug/debug-wordpress/">Debugging in WordPress</a> for more information. (This message was added in version 5.0.0.) in C:\xampp\htdocs\malumere\wp-includes\functions.php on line 6260
[22-Sep-2026 22:35:14 UTC] PHP Notice:  Function WP_Block_Type_Registry::register was called <strong>incorrectly</strong>. Block type "core/latest-posts" is already registered. Please see <a href="https://developer.wordpress.org/advanced-administration/debug/debug-wordpress/">Debugging in WordPress</a> for more information. (This message was added in version 5.0.0.) in C:\xampp\htdocs\malumere\wp-includes\functions.php on line 6260
[22-Sep-2026 22:35:14 UTC] PHP Notice:  Function WP_Block_Type_Registry::register was called <strong>incorrectly</strong>. Block type "core/list" is already registered. Please see <a href="https://developer.wordpress.org/advanced-administration/debug/debug-wordpress/">Debugging in WordPress</a> for more information. (This message was added in version 5.0.0.) in C:\xampp\htdocs\malumere\wp-includes\functions.php on line 6260
[22-Sep-2026 22:35:14 UTC] PHP Notice:  Function WP_Block_Type_Registry::register was called <strong>incorrectly</strong>. Block type "core/loginout" is already registered. Please see <a href="https://developer.wordpress.org/advanced-administration/debug/debug-wordpress/">Debugging in WordPress</a> for more information. (This message was added in version 5.0.0.) in C:\xampp\htdocs\malumere\wp-includes\functions.php on line 6260
[22-Sep-2026 22:35:14 UTC] PHP Notice:  Function WP_Block_Type_Registry::register was called <strong>incorrectly</strong>. Block type "core/media-text" is already registered. Please see <a href="https://developer.wordpress.org/advanced-administration/debug/debug-wordpress/">Debugging in WordPress</a> for more information. (This message was added in version 5.0.0.) in C:\xampp\htdocs\malumere\wp-includes\functions.php on line 6260
[22-Sep-2026 22:35:14 UTC] PHP Notice:  Function WP_Block_Type_Registry::register was called <strong>incorrectly</strong>. Block type "core/navigation" is already registered. Please see <a href="https://developer.wordpress.org/advanced-administration/debug/debug-wordpress/">Debugging in WordPress</a> for more information. (This message was added in version 5.0.0.) in C:\xampp\htdocs\malumere\wp-includes\functions.php on line 6260
[22-Sep-2026 22:35:14 UTC] PHP Notice:  Function WP_Block_Type_Registry::register was called <strong>incorrectly</strong>. Block type "core/navigation-link" is already registered. Please see <a href="https://developer.wordpress.org/advanced-administration/debug/debug-wordpress/">Debugging in WordPress</a> for more information. (This message was added in version 5.0.0.) in C:\xampp\htdocs\malumere\wp-includes\functions.php on line 6260
[22-Sep-2026 22:35:14 UTC] PHP Notice:  Function WP_Block_Type_Registry::register was called <strong>incorrectly</strong>. Block type "core/navigation-overlay-close" is already registered. Please see <a href="https://developer.wordpress.org/advanced-administration/debug/debug-wordpress/">Debugging in WordPress</a> for more information. (This message was added in version 5.0.0.) in C:\xampp\htdocs\malumere\wp-includes\functions.php on line 6260
[22-Sep-2026 22:35:14 UTC] PHP Notice:  Function WP_Block_Type_Registry::register was called <strong>incorrectly</strong>. Block type "core/navigation-submenu" is already registered. Please see <a href="https://developer.wordpress.org/advanced-administration/debug/debug-wordpress/">Debugging in WordPress</a> for more information. (This message was added in version 5.0.0.) in C:\xampp\htdocs\malumere\wp-includes\functions.php on line 6260
[22-Sep-2026 22:35:14 UTC] PHP Notice:  Function WP_Block_Type_Registry::register was called <strong>incorrectly</strong>. Block type "core/page-list" is already registered. Please see <a href="https://developer.wordpress.org/advanced-administration/debug/debug-wordpress/">Debugging in WordPress</a> for more information. (This message was added in version 5.0.0.) in C:\xampp\htdocs\malumere\wp-includes\functions.php on line 6260
[22-Sep-2026 22:35:14 UTC] PHP Notice:  Function WP_Block_Type_Registry::register was called <strong>incorrectly</strong>. Block type "core/page-list-item" is already registered. Please see <a href="https://developer.wordpress.org/advanced-administration/debug/debug-wordpress/">Debugging in WordPress</a> for more information. (This message was added in version 5.0.0.) in C:\xampp\htdocs\malumere\wp-includes\functions.php on line 6260
[22-Sep-2026 22:35:14 UTC] PHP Notice:  Function WP_Block_Type_Registry::register was called <strong>incorrectly</strong>. Block type "core/paragraph" is already registered. Please see <a href="https://developer.wordpress.org/advanced-administration/debug/debug-wordpress/">Debugging in WordPress</a> for more information. (This message was added in version 5.0.0.) in C:\xampp\htdocs\malumere\wp-includes\functions.php on line 6260
[22-Sep-2026 22:35:14 UTC] PHP Notice:  Function WP_Block_Type_Registry::register was called <strong>incorrectly</strong>. Block type "core/pattern" is already registered. Please see <a href="https://developer.wordpress.org/advanced-administration/debug/debug-wordpress/">Debugging in WordPress</a> for more information. (This message was added in version 5.0.0.) in C:\xampp\htdocs\malumere\wp-includes\functions.php on line 6260
[22-Sep-2026 22:35:14 UTC] PHP Notice:  Function WP_Block_Type_Registry::register was called <strong>incorrectly</strong>. Block type "core/playlist" is already registered. Please see <a href="https://developer.wordpress.org/advanced-administration/debug/debug-wordpress/">Debugging in WordPress</a> for more information. (This message was added in version 5.0.0.) in C:\xampp\htdocs\malumere\wp-includes\functions.php on line 6260
[22-Sep-2026 22:35:14 UTC] PHP Notice:  Function WP_Block_Type_Registry::register was called <strong>incorrectly</strong>. Block type "core/playlist-track" is already registered. Please see <a href="https://developer.wordpress.org/advanced-administration/debug/debug-wordpress/">Debugging in WordPress</a> for more information. (This message was added in version 5.0.0.) in C:\xampp\htdocs\malumere\wp-includes\functions.php on line 6260
[22-Sep-2026 22:35:14 UTC] PHP Notice:  Function WP_Block_Type_Registry::register was called <strong>incorrectly</strong>. Block type "core/post-author" is already registered. Please see <a href="https://developer.wordpress.org/advanced-administration/debug/debug-wordpress/">Debugging in WordPress</a> for more information. (This message was added in version 5.0.0.) in C:\xampp\htdocs\malumere\wp-includes\functions.php on line 6260
[22-Sep-2026 22:35:14 UTC] PHP Notice:  Function WP_Block_Type_Registry::register was called <strong>incorrectly</strong>. Block type "core/post-author-biography" is already registered. Please see <a href="https://developer.wordpress.org/advanced-administration/debug/debug-wordpress/">Debugging in WordPress</a> for more information. (This message was added in version 5.0.0.) in C:\xampp\htdocs\malumere\wp-includes\functions.php on line 6260
[22-Sep-2026 22:35:14 UTC] PHP Notice:  Function WP_Block_Type_Registry::register was called <strong>incorrectly</strong>. Block type "core/post-author-name" is already registered. Please see <a href="https://developer.wordpress.org/advanced-administration/debug/debug-wordpress/">Debugging in WordPress</a> for more information. (This message was added in version 5.0.0.) in C:\xampp\htdocs\malumere\wp-includes\functions.php on line 6260
[22-Sep-2026 22:35:14 UTC] PHP Notice:  Function WP_Block_Type_Registry::register was called <strong>incorrectly</strong>. Block type "core/post-comments-count" is already registered. Please see <a href="https://developer.wordpress.org/advanced-administration/debug/debug-wordpress/">Debugging in WordPress</a> for more information. (This message was added in version 5.0.0.) in C:\xampp\htdocs\malumere\wp-includes\functions.php on line 6260
[22-Sep-2026 22:35:14 UTC] PHP Notice:  Function WP_Block_Type_Registry::register was called <strong>incorrectly</strong>. Block type "core/post-comments-form" is already registered. Please see <a href="https://developer.wordpress.org/advanced-administration/debug/debug-wordpress/">Debugging in WordPress</a> for more information. (This message was added in version 5.0.0.) in C:\xampp\htdocs\malumere\wp-includes\functions.php on line 6260
[22-Sep-2026 22:35:14 UTC] PHP Notice:  Function WP_Block_Type_Registry::register was called <strong>incorrectly</strong>. Block type "core/post-comments-link" is already registered. Please see <a href="https://developer.wordpress.org/advanced-administration/debug/debug-wordpress/">Debugging in WordPress</a> for more information. (This message was added in version 5.0.0.) in C:\xampp\htdocs\malumere\wp-includes\functions.php on line 6260
[22-Sep-2026 22:35:14 UTC] PHP Notice:  Function WP_Block_Type_Registry::register was called <strong>incorrectly</strong>. Block type "core/post-content" is already registered. Please see <a href="https://developer.wordpress.org/advanced-administration/debug/debug-wordpress/">Debugging in WordPress</a> for more information. (This message was added in version 5.0.0.) in C:\xampp\htdocs\malumere\wp-includes\functions.php on line 6260
[22-Sep-2026 22:35:14 UTC] PHP Notice:  Function WP_Block_Type_Registry::register was called <strong>incorrectly</strong>. Block type "core/post-date" is already registered. Please see <a href="https://developer.wordpress.org/advanced-administration/debug/debug-wordpress/">Debugging in WordPress</a> for more information. (This message was added in version 5.0.0.) in C:\xampp\htdocs\malumere\wp-includes\functions.php on line 6260
[22-Sep-2026 22:35:14 UTC] PHP Notice:  Function WP_Block_Type_Registry::register was called <strong>incorrectly</strong>. Block type "core/post-excerpt" is already registered. Please see <a href="https://developer.wordpress.org/advanced-administration/debug/debug-wordpress/">Debugging in WordPress</a> for more information. (This message was added in version 5.0.0.) in C:\xampp\htdocs\malumere\wp-includes\functions.php on line 6260
[22-Sep-2026 22:35:14 UTC] PHP Notice:  Function WP_Block_Type_Registry::register was called <strong>incorrectly</strong>. Block type "core/post-featured-image" is already registered. Please see <a href="https://developer.wordpress.org/advanced-administration/debug/debug-wordpress/">Debugging in WordPress</a> for more information. (This message was added in version 5.0.0.) in C:\xampp\htdocs\malumere\wp-includes\functions.php on line 6260
[22-Sep-2026 22:35:14 UTC] PHP Notice:  Function WP_Block_Type_Registry::register was called <strong>incorrectly</strong>. Block type "core/post-navigation-link" is already registered. Please see <a href="https://developer.wordpress.org/advanced-administration/debug/debug-wordpress/">Debugging in WordPress</a> for more information. (This message was added in version 5.0.0.) in C:\xampp\htdocs\malumere\wp-includes\functions.php on line 6260
[22-Sep-2026 22:35:14 UTC] PHP Notice:  Function WP_Block_Type_Registry::register was called <strong>incorrectly</strong>. Block type "core/post-template" is already registered. Please see <a href="https://developer.wordpress.org/advanced-administration/debug/debug-wordpress/">Debugging in WordPress</a> for more information. (This message was added in version 5.0.0.) in C:\xampp\htdocs\malumere\wp-includes\functions.php on line 6260
[22-Sep-2026 22:35:14 UTC] PHP Notice:  Function WP_Block_Type_Registry::register was called <strong>incorrectly</strong>. Block type "core/post-terms" is already registered. Please see <a href="https://developer.wordpress.org/advanced-administration/debug/debug-wordpress/">Debugging in WordPress</a> for more information. (This message was added in version 5.0.0.) in C:\xampp\htdocs\malumere\wp-includes\functions.php on line 6260
[22-Sep-2026 22:35:14 UTC] PHP Notice:  Function WP_Block_Type_Registry::register was called <strong>incorrectly</strong>. Block type "core/post-time-to-read" is already registered. Please see <a href="https://developer.wordpress.org/advanced-administration/debug/debug-wordpress/">Debugging in WordPress</a> for more information. (This message was added in version 5.0.0.) in C:\xampp\htdocs\malumere\wp-includes\functions.php on line 6260
[22-Sep-2026 22:35:14 UTC] PHP Notice:  Function WP_Block_Type_Registry::register was called <strong>incorrectly</strong>. Block type "core/post-title" is already registered. Please see <a href="https://developer.wordpress.org/advanced-administration/debug/debug-wordpress/">Debugging in WordPress</a> for more information. (This message was added in version 5.0.0.) in C:\xampp\htdocs\malumere\wp-includes\functions.php on line 6260
[22-Sep-2026 22:35:14 UTC] PHP Notice:  Function WP_Block_Type_Registry::register was called <strong>incorrectly</strong>. Block type "core/query" is already registered. Please see <a href="https://developer.wordpress.org/advanced-administration/debug/debug-wordpress/">Debugging in WordPress</a> for more information. (This message was added in version 5.0.0.) in C:\xampp\htdocs\malumere\wp-includes\functions.php on line 6260
[22-Sep-2026 22:35:14 UTC] PHP Notice:  Function WP_Block_Type_Registry::register was called <strong>incorrectly</strong>. Block type "core/query-no-results" is already registered. Please see <a href="https://developer.wordpress.org/advanced-administration/debug/debug-wordpress/">Debugging in WordPress</a> for more information. (This message was added in version 5.0.0.) in C:\xampp\htdocs\malumere\wp-includes\functions.php on line 6260
[22-Sep-2026 22:35:14 UTC] PHP Notice:  Function WP_Block_Type_Registry::register was called <strong>incorrectly</strong>. Block type "core/query-pagination" is already registered. Please see <a href="https://developer.wordpress.org/advanced-administration/debug/debug-wordpress/">Debugging in WordPress</a> for more information. (This message was added in version 5.0.0.) in C:\xampp\htdocs\malumere\wp-includes\functions.php on line 6260
[22-Sep-2026 22:35:14 UTC] PHP Notice:  Function WP_Block_Type_Registry::register was called <strong>incorrectly</strong>. Block type "core/query-pagination-next" is already registered. Please see <a href="https://developer.wordpress.org/advanced-administration/debug/debug-wordpress/">Debugging in WordPress</a> for more information. (This message was added in version 5.0.0.) in C:\xampp\htdocs\malumere\wp-includes\functions.php on line 6260
[22-Sep-2026 22:35:14 UTC] PHP Notice:  Function WP_Block_Type_Registry::register was called <strong>incorrectly</strong>. Block type "core/query-pagination-numbers" is already registered. Please see <a href="https://developer.wordpress.org/advanced-administration/debug/debug-wordpress/">Debugging in WordPress</a> for more information. (This message was added in version 5.0.0.) in C:\xampp\htdocs\malumere\wp-includes\functions.php on line 6260
[22-Sep-2026 22:35:14 UTC] PHP Notice:  Function WP_Block_Type_Registry::register was called <strong>incorrectly</strong>. Block type "core/query-pagination-previous" is already registered. Please see <a href="https://developer.wordpress.org/advanced-administration/debug/debug-wordpress/">Debugging in WordPress</a> for more information. (This message was added in version 5.0.0.) in C:\xampp\htdocs\malumere\wp-includes\functions.php on line 6260
[22-Sep-2026 22:35:14 UTC] PHP Notice:  Function WP_Block_Type_Registry::register was called <strong>incorrectly</strong>. Block type "core/query-title" is already registered. Please see <a href="https://developer.wordpress.org/advanced-administration/debug/debug-wordpress/">Debugging in WordPress</a> for more information. (This message was added in version 5.0.0.) in C:\xampp\htdocs\malumere\wp-includes\functions.php on line 6260
[22-Sep-2026 22:35:14 UTC] PHP Notice:  Function WP_Block_Type_Registry::register was called <strong>incorrectly</strong>. Block type "core/query-total" is already registered. Please see <a href="https://developer.wordpress.org/advanced-administration/debug/debug-wordpress/">Debugging in WordPress</a> for more information. (This message was added in version 5.0.0.) in C:\xampp\htdocs\malumere\wp-includes\functions.php on line 6260
[22-Sep-2026 22:35:14 UTC] PHP Notice:  Function WP_Block_Type_Registry::register was called <strong>incorrectly</strong>. Block type "core/read-more" is already registered. Please see <a href="https://developer.wordpress.org/advanced-administration/debug/debug-wordpress/">Debugging in WordPress</a> for more information. (This message was added in version 5.0.0.) in C:\xampp\htdocs\malumere\wp-includes\functions.php on line 6260
[22-Sep-2026 22:35:14 UTC] PHP Notice:  Function WP_Block_Type_Registry::register was called <strong>incorrectly</strong>. Block type "core/rss" is already registered. Please see <a href="https://developer.wordpress.org/advanced-administration/debug/debug-wordpress/">Debugging in WordPress</a> for more information. (This message was added in version 5.0.0.) in C:\xampp\htdocs\malumere\wp-includes\functions.php on line 6260
[22-Sep-2026 22:35:14 UTC] PHP Notice:  Function WP_Block_Type_Registry::register was called <strong>incorrectly</strong>. Block type "core/search" is already registered. Please see <a href="https://developer.wordpress.org/advanced-administration/debug/debug-wordpress/">Debugging in WordPress</a> for more information. (This message was added in version 5.0.0.) in C:\xampp\htdocs\malumere\wp-includes\functions.php on line 6260
[22-Sep-2026 22:35:14 UTC] PHP Notice:  Function WP_Block_Type_Registry::register was called <strong>incorrectly</strong>. Block type "core/shortcode" is already registered. Please see <a href="https://developer.wordpress.org/advanced-administration/debug/debug-wordpress/">Debugging in WordPress</a> for more information. (This message was added in version 5.0.0.) in C:\xampp\htdocs\malumere\wp-includes\functions.php on line 6260
[22-Sep-2026 22:35:14 UTC] PHP Notice:  Function WP_Block_Type_Registry::register was called <strong>incorrectly</strong>. Block type "core/site-logo" is already registered. Please see <a href="https://developer.wordpress.org/advanced-administration/debug/debug-wordpress/">Debugging in WordPress</a> for more information. (This message was added in version 5.0.0.) in C:\xampp\htdocs\malumere\wp-includes\functions.php on line 6260
[22-Sep-2026 22:35:14 UTC] PHP Notice:  Function WP_Block_Type_Registry::register was called <strong>incorrectly</strong>. Block type "core/site-tagline" is already registered. Please see <a href="https://developer.wordpress.org/advanced-administration/debug/debug-wordpress/">Debugging in WordPress</a> for more information. (This message was added in version 5.0.0.) in C:\xampp\htdocs\malumere\wp-includes\functions.php on line 6260
[22-Sep-2026 22:35:14 UTC] PHP Notice:  Function WP_Block_Type_Registry::register was called <strong>incorrectly</strong>. Block type "core/site-title" is already registered. Please see <a href="https://developer.wordpress.org/advanced-administration/debug/debug-wordpress/">Debugging in WordPress</a> for more information. (This message was added in version 5.0.0.) in C:\xampp\htdocs\malumere\wp-includes\functions.php on line 6260
[22-Sep-2026 22:35:14 UTC] PHP Notice:  Function WP_Block_Type_Registry::register was called <strong>incorrectly</strong>. Block type "core/social-link" is already registered. Please see <a href="https://developer.wordpress.org/advanced-administration/debug/debug-wordpress/">Debugging in WordPress</a> for more information. (This message was added in version 5.0.0.) in C:\xampp\htdocs\malumere\wp-includes\functions.php on line 6260
[22-Sep-2026 22:35:14 UTC] PHP Notice:  Function WP_Block_Type_Registry::register was called <strong>incorrectly</strong>. Block type "core/tab-list" is already registered. Please see <a href="https://developer.wordpress.org/advanced-administration/debug/debug-wordpress/">Debugging in WordPress</a> for more information. (This message was added in version 5.0.0.) in C:\xampp\htdocs\malumere\wp-includes\functions.php on line 6260
[22-Sep-2026 22:35:14 UTC] PHP Notice:  Function WP_Block_Type_Registry::register was called <strong>incorrectly</strong>. Block type "core/tab-panel" is already registered. Please see <a href="https://developer.wordpress.org/advanced-administration/debug/debug-wordpress/">Debugging in WordPress</a> for more information. (This message was added in version 5.0.0.) in C:\xampp\htdocs\malumere\wp-includes\functions.php on line 6260
[22-Sep-2026 22:35:14 UTC] PHP Notice:  Function WP_Block_Type_Registry::register was called <strong>incorrectly</strong>. Block type "core/tabs" is already registered. Please see <a href="https://developer.wordpress.org/advanced-administration/debug/debug-wordpress/">Debugging in WordPress</a> for more information. (This message was added in version 5.0.0.) in C:\xampp\htdocs\malumere\wp-includes\functions.php on line 6260
[22-Sep-2026 22:35:14 UTC] PHP Notice:  Function WP_Block_Type_Registry::register was called <strong>incorrectly</strong>. Block type "core/tag-cloud" is already registered. Please see <a href="https://developer.wordpress.org/advanced-administration/debug/debug-wordpress/">Debugging in WordPress</a> for more information. (This message was added in version 5.0.0.) in C:\xampp\htdocs\malumere\wp-includes\functions.php on line 6260
[22-Sep-2026 22:35:14 UTC] PHP Notice:  Function WP_Block_Type_Registry::register was called <strong>incorrectly</strong>. Block type "core/template-part" is already registered. Please see <a href="https://developer.wordpress.org/advanced-administration/debug/debug-wordpress/">Debugging in WordPress</a> for more information. (This message was added in version 5.0.0.) in C:\xampp\htdocs\malumere\wp-includes\functions.php on line 6260
[22-Sep-2026 22:35:14 UTC] PHP Notice:  Function WP_Block_Type_Registry::register was called <strong>incorrectly</strong>. Block type "core/term-count" is already registered. Please see <a href="https://developer.wordpress.org/advanced-administration/debug/debug-wordpress/">Debugging in WordPress</a> for more information. (This message was added in version 5.0.0.) in C:\xampp\htdocs\malumere\wp-includes\functions.php on line 6260
[22-Sep-2026 22:35:14 UTC] PHP Notice:  Function WP_Block_Type_Registry::register was called <strong>incorrectly</strong>. Block type "core/term-description" is already registered. Please see <a href="https://developer.wordpress.org/advanced-administration/debug/debug-wordpress/">Debugging in WordPress</a> for more information. (This message was added in version 5.0.0.) in C:\xampp\htdocs\malumere\wp-includes\functions.php on line 6260
[22-Sep-2026 22:35:14 UTC] PHP Notice:  Function WP_Block_Type_Registry::register was called <strong>incorrectly</strong>. Block type "core/term-name" is already registered. Please see <a href="https://developer.wordpress.org/advanced-administration/debug/debug-wordpress/">Debugging in WordPress</a> for more information. (This message was added in version 5.0.0.) in C:\xampp\htdocs\malumere\wp-includes\functions.php on line 6260
[22-Sep-2026 22:35:14 UTC] PHP Notice:  Function WP_Block_Type_Registry::register was called <strong>incorrectly</strong>. Block type "core/term-template" is already registered. Please see <a href="https://developer.wordpress.org/advanced-administration/debug/debug-wordpress/">Debugging in WordPress</a> for more information. (This message was added in version 5.0.0.) in C:\xampp\htdocs\malumere\wp-includes\functions.php on line 6260
[22-Sep-2026 22:35:14 UTC] PHP Notice:  Function WP_Block_Type_Registry::register was called <strong>incorrectly</strong>. Block type "core/video" is already registered. Please see <a href="https://developer.wordpress.org/advanced-administration/debug/debug-wordpress/">Debugging in WordPress</a> for more information. (This message was added in version 5.0.0.) in C:\xampp\htdocs\malumere\wp-includes\functions.php on line 6260
[22-Sep-2026 22:35:14 UTC] PHP Notice:  Function WP_Block_Type_Registry::register was called <strong>incorrectly</strong>. Block type "core/accordion-heading" is already registered. Please see <a href="https://developer.wordpress.org/advanced-administration/debug/debug-wordpress/">Debugging in WordPress</a> for more information. (This message was added in version 5.0.0.) in C:\xampp\htdocs\malumere\wp-includes\functions.php on line 6260
[22-Sep-2026 22:35:14 UTC] PHP Notice:  Function WP_Block_Type_Registry::register was called <strong>incorrectly</strong>. Block type "core/accordion-panel" is already registered. Please see <a href="https://developer.wordpress.org/advanced-administration/debug/debug-wordpress/">Debugging in WordPress</a> for more information. (This message was added in version 5.0.0.) in C:\xampp\htdocs\malumere\wp-includes\functions.php on line 6260
[22-Sep-2026 22:35:14 UTC] PHP Notice:  Function WP_Block_Type_Registry::register was called <strong>incorrectly</strong>. Block type "core/audio" is already registered. Please see <a href="https://developer.wordpress.org/advanced-administration/debug/debug-wordpress/">Debugging in WordPress</a> for more information. (This message was added in version 5.0.0.) in C:\xampp\htdocs\malumere\wp-includes\functions.php on line 6260
[22-Sep-2026 22:35:14 UTC] PHP Notice:  Function WP_Block_Type_Registry::register was called <strong>incorrectly</strong>. Block type "core/buttons" is already registered. Please see <a href="https://developer.wordpress.org/advanced-administration/debug/debug-wordpress/">Debugging in WordPress</a> for more information. (This message was added in version 5.0.0.) in C:\xampp\htdocs\malumere\wp-includes\functions.php on line 6260
[22-Sep-2026 22:35:14 UTC] PHP Notice:  Function WP_Block_Type_Registry::register was called <strong>incorrectly</strong>. Block type "core/code" is already registered. Please see <a href="https://developer.wordpress.org/advanced-administration/debug/debug-wordpress/">Debugging in WordPress</a> for more information. (This message was added in version 5.0.0.) in C:\xampp\htdocs\malumere\wp-includes\functions.php on line 6260
[22-Sep-2026 22:35:14 UTC] PHP Notice:  Function WP_Block_Type_Registry::register was called <strong>incorrectly</strong>. Block type "core/column" is already registered. Please see <a href="https://developer.wordpress.org/advanced-administration/debug/debug-wordpress/">Debugging in WordPress</a> for more information. (This message was added in version 5.0.0.) in C:\xampp\htdocs\malumere\wp-includes\functions.php on line 6260
[22-Sep-2026 22:35:14 UTC] PHP Notice:  Function WP_Block_Type_Registry::register was called <strong>incorrectly</strong>. Block type "core/columns" is already registered. Please see <a href="https://developer.wordpress.org/advanced-administration/debug/debug-wordpress/">Debugging in WordPress</a> for more information. (This message was added in version 5.0.0.) in C:\xampp\htdocs\malumere\wp-includes\functions.php on line 6260
[22-Sep-2026 22:35:14 UTC] PHP Notice:  Function WP_Block_Type_Registry::register was called <strong>incorrectly</strong>. Block type "core/embed" is already registered. Please see <a href="https://developer.wordpress.org/advanced-administration/debug/debug-wordpress/">Debugging in WordPress</a> for more information. (This message was added in version 5.0.0.) in C:\xampp\htdocs\malumere\wp-includes\functions.php on line 6260
[22-Sep-2026 22:35:14 UTC] PHP Notice:  Function WP_Block_Type_Registry::register was called <strong>incorrectly</strong>. Block type "core/freeform" is already registered. Please see <a href="https://developer.wordpress.org/advanced-administration/debug/debug-wordpress/">Debugging in WordPress</a> for more information. (This message was added in version 5.0.0.) in C:\xampp\htdocs\malumere\wp-includes\functions.php on line 6260
[22-Sep-2026 22:35:14 UTC] PHP Notice:  Function WP_Block_Type_Registry::register was called <strong>incorrectly</strong>. Block type "core/group" is already registered. Please see <a href="https://developer.wordpress.org/advanced-administration/debug/debug-wordpress/">Debugging in WordPress</a> for more information. (This message was added in version 5.0.0.) in C:\xampp\htdocs\malumere\wp-includes\functions.php on line 6260
[22-Sep-2026 22:35:14 UTC] PHP Notice:  Function WP_Block_Type_Registry::register was called <strong>incorrectly</strong>. Block type "core/html" is already registered. Please see <a href="https://developer.wordpress.org/advanced-administration/debug/debug-wordpress/">Debugging in WordPress</a> for more information. (This message was added in version 5.0.0.) in C:\xampp\htdocs\malumere\wp-includes\functions.php on line 6260
[22-Sep-2026 22:35:14 UTC] PHP Notice:  Function WP_Block_Type_Registry::register was called <strong>incorrectly</strong>. Block type "core/list-item" is already registered. Please see <a href="https://developer.wordpress.org/advanced-administration/debug/debug-wordpress/">Debugging in WordPress</a> for more information. (This message was added in version 5.0.0.) in C:\xampp\htdocs\malumere\wp-includes\functions.php on line 6260
[22-Sep-2026 22:35:14 UTC] PHP Notice:  Function WP_Block_Type_Registry::register was called <strong>incorrectly</strong>. Block type "core/math" is already registered. Please see <a href="https://developer.wordpress.org/advanced-administration/debug/debug-wordpress/">Debugging in WordPress</a> for more information. (This message was added in version 5.0.0.) in C:\xampp\htdocs\malumere\wp-includes\functions.php on line 6260
[22-Sep-2026 22:35:14 UTC] PHP Notice:  Function WP_Block_Type_Registry::register was called <strong>incorrectly</strong>. Block type "core/missing" is already registered. Please see <a href="https://developer.wordpress.org/advanced-administration/debug/debug-wordpress/">Debugging in WordPress</a> for more information. (This message was added in version 5.0.0.) in C:\xampp\htdocs\malumere\wp-includes\functions.php on line 6260
[22-Sep-2026 22:35:14 UTC] PHP Notice:  Function WP_Block_Type_Registry::register was called <strong>incorrectly</strong>. Block type "core/more" is already registered. Please see <a href="https://developer.wordpress.org/advanced-administration/debug/debug-wordpress/">Debugging in WordPress</a> for more information. (This message was added in version 5.0.0.) in C:\xampp\htdocs\malumere\wp-includes\functions.php on line 6260
[22-Sep-2026 22:35:14 UTC] PHP Notice:  Function WP_Block_Type_Registry::register was called <strong>incorrectly</strong>. Block type "core/nextpage" is already registered. Please see <a href="https://developer.wordpress.org/advanced-administration/debug/debug-wordpress/">Debugging in WordPress</a> for more information. (This message was added in version 5.0.0.) in C:\xampp\htdocs\malumere\wp-includes\functions.php on line 6260
[22-Sep-2026 22:35:14 UTC] PHP Notice:  Function WP_Block_Type_Registry::register was called <strong>incorrectly</strong>. Block type "core/preformatted" is already registered. Please see <a href="https://developer.wordpress.org/advanced-administration/debug/debug-wordpress/">Debugging in WordPress</a> for more information. (This message was added in version 5.0.0.) in C:\xampp\htdocs\malumere\wp-includes\functions.php on line 6260
[22-Sep-2026 22:35:14 UTC] PHP Notice:  Function WP_Block_Type_Registry::register was called <strong>incorrectly</strong>. Block type "core/pullquote" is already registered. Please see <a href="https://developer.wordpress.org/advanced-administration/debug/debug-wordpress/">Debugging in WordPress</a> for more information. (This message was added in version 5.0.0.) in C:\xampp\htdocs\malumere\wp-includes\functions.php on line 6260
[22-Sep-2026 22:35:14 UTC] PHP Notice:  Function WP_Block_Type_Registry::register was called <strong>incorrectly</strong>. Block type "core/quote" is already registered. Please see <a href="https://developer.wordpress.org/advanced-administration/debug/debug-wordpress/">Debugging in WordPress</a> for more information. (This message was added in version 5.0.0.) in C:\xampp\htdocs\malumere\wp-includes\functions.php on line 6260
[22-Sep-2026 22:35:14 UTC] PHP Notice:  Function WP_Block_Type_Registry::register was called <strong>incorrectly</strong>. Block type "core/separator" is already registered. Please see <a href="https://developer.wordpress.org/advanced-administration/debug/debug-wordpress/">Debugging in WordPress</a> for more information. (This message was added in version 5.0.0.) in C:\xampp\htdocs\malumere\wp-includes\functions.php on line 6260
[22-Sep-2026 22:35:14 UTC] PHP Notice:  Function WP_Block_Type_Registry::register was called <strong>incorrectly</strong>. Block type "core/social-links" is already registered. Please see <a href="https://developer.wordpress.org/advanced-administration/debug/debug-wordpress/">Debugging in WordPress</a> for more information. (This message was added in version 5.0.0.) in C:\xampp\htdocs\malumere\wp-includes\functions.php on line 6260
[22-Sep-2026 22:35:14 UTC] PHP Notice:  Function WP_Block_Type_Registry::register was called <strong>incorrectly</strong>. Block type "core/spacer" is already registered. Please see <a href="https://developer.wordpress.org/advanced-administration/debug/debug-wordpress/">Debugging in WordPress</a> for more information. (This message was added in version 5.0.0.) in C:\xampp\htdocs\malumere\wp-includes\functions.php on line 6260
[22-Sep-2026 22:35:14 UTC] PHP Notice:  Function WP_Block_Type_Registry::register was called <strong>incorrectly</strong>. Block type "core/tab-panels" is already registered. Please see <a href="https://developer.wordpress.org/advanced-administration/debug/debug-wordpress/">Debugging in WordPress</a> for more information. (This message was added in version 5.0.0.) in C:\xampp\htdocs\malumere\wp-includes\functions.php on line 6260
[22-Sep-2026 22:35:14 UTC] PHP Notice:  Function WP_Block_Type_Registry::register was called <strong>incorrectly</strong>. Block type "core/table" is already registered. Please see <a href="https://developer.wordpress.org/advanced-administration/debug/debug-wordpress/">Debugging in WordPress</a> for more information. (This message was added in version 5.0.0.) in C:\xampp\htdocs\malumere\wp-includes\functions.php on line 6260
[22-Sep-2026 22:35:14 UTC] PHP Notice:  Function WP_Block_Type_Registry::register was called <strong>incorrectly</strong>. Block type "core/terms-query" is already registered. Please see <a href="https://developer.wordpress.org/advanced-administration/debug/debug-wordpress/">Debugging in WordPress</a> for more information. (This message was added in version 5.0.0.) in C:\xampp\htdocs\malumere\wp-includes\functions.php on line 6260
[22-Sep-2026 22:35:14 UTC] PHP Notice:  Function WP_Block_Type_Registry::register was called <strong>incorrectly</strong>. Block type "core/text-columns" is already registered. Please see <a href="https://developer.wordpress.org/advanced-administration/debug/debug-wordpress/">Debugging in WordPress</a> for more information. (This message was added in version 5.0.0.) in C:\xampp\htdocs\malumere\wp-includes\functions.php on line 6260
[22-Sep-2026 22:35:14 UTC] PHP Notice:  Function WP_Block_Type_Registry::register was called <strong>incorrectly</strong>. Block type "core/verse" is already registered. Please see <a href="https://developer.wordpress.org/advanced-administration/debug/debug-wordpress/">Debugging in WordPress</a> for more information. (This message was added in version 5.0.0.) in C:\xampp\htdocs\malumere\wp-includes\functions.php on line 6260
[22-Sep-2026 22:40:47 UTC] PHP Fatal error:  Uncaught Error: Call to undefined function wp_delete_user() in C:\Users\Jay\AppData\Local\Temp\opencode\cleanup6.php:63
Stack trace:
#0 {main}
  thrown in C:\Users\Jay\AppData\Local\Temp\opencode\cleanup6.php on line 63
[22-Sep-2026 22:42:11 UTC] PHP Notice:  Function WP_Icon_Collections_Registry::register was called <strong>incorrectly</strong>. Icon collection is already registered. Please see <a href="https://developer.wordpress.org/advanced-administration/debug/debug-wordpress/">Debugging in WordPress</a> for more information. (This message was added in version 7.1.0.) in C:\xampp\htdocs\malumere\wp-includes\functions.php on line 6260
[22-Sep-2026 22:42:11 UTC] PHP Notice:  Function WP_Font_Library::register_font_collection was called <strong>incorrectly</strong>. Font collection with slug: "google-fonts" is already registered. Please see <a href="https://developer.wordpress.org/advanced-administration/debug/debug-wordpress/">Debugging in WordPress</a> for more information. (This message was added in version 6.5.0.) in C:\xampp\htdocs\malumere\wp-includes\functions.php on line 6260
[22-Sep-2026 22:42:11 UTC] PHP Notice:  Function WP_Icons_Registry::register was called <strong>incorrectly</strong>. Icon is already registered. Please see <a href="https://developer.wordpress.org/advanced-administration/debug/debug-wordpress/">Debugging in WordPress</a> for more information. (This message was added in version 7.1.0.) in C:\xampp\htdocs\malumere\wp-includes\functions.php on line 6260
[22-Sep-2026 22:42:11 UTC] PHP Notice:  Function WP_Icons_Registry::register was called <strong>incorrectly</strong>. Icon is already registered. Please see <a href="https://developer.wordpress.org/advanced-administration/debug/debug-wordpress/">Debugging in WordPress</a> for more information. (This message was added in version 7.1.0.) in C:\xampp\htdocs\malumere\wp-includes\functions.php on line 6260
[22-Sep-2026 22:42:11 UTC] PHP Notice:  Function WP_Icons_Registry::register was called <strong>incorrectly</strong>. Icon is already registered. Please see <a href="https://developer.wordpress.org/advanced-administration/debug/debug-wordpress/">Debugging in WordPress</a> for more information. (This message was added in version 7.1.0.) in C:\xampp\htdocs\malumere\wp-includes\functions.php on line 6260
[22-Sep-2026 22:42:11 UTC] PHP Notice:  Function WP_Icons_Registry::register was called <strong>incorrectly</strong>. Icon is already registered. Please see <a href="https://developer.wordpress.org/advanced-administration/debug/debug-wordpress/">Debugging in WordPress</a> for more information. (This message was added in version 7.1.0.) in C:\xampp\htdocs\malumere\wp-includes\functions.php on line 6260
[22-Sep-2026 22:42:11 UTC] PHP Notice:  Function WP_Icons_Registry::register was called <strong>incorrectly</strong>. Icon is already registered. Please see <a href="https://developer.wordpress.org/advanced-administration/debug/debug-wordpress/">Debugging in WordPress</a> for more information. (This message was added in version 7.1.0.) in C:\xampp\htdocs\malumere\wp-includes\functions.php on line 6260
[22-Sep-2026 22:42:11 UTC] PHP Notice:  Function WP_Icons_Registry::register was called <strong>incorrectly</strong>. Icon is already registered. Please see <a href="https://developer.wordpress.org/advanced-administration/debug/debug-wordpress/">Debugging in WordPress</a> for more information. (This message was added in version 7.1.0.) in C:\xampp\htdocs\malumere\wp-includes\functions.php on line 6260
[22-Sep-2026 22:42:11 UTC] PHP Notice:  Function WP_Icons_Registry::register was called <strong>incorrectly</strong>. Icon is already registered. Please see <a href="https://developer.wordpress.org/advanced-administration/debug/debug-wordpress/">Debugging in WordPress</a> for more information. (This message was added in version 7.1.0.) in C:\xampp\htdocs\malumere\wp-includes\functions.php on line 6260
[22-Sep-2026 22:42:11 UTC] PHP Notice:  Function WP_Icons_Registry::register was called <strong>incorrectly</strong>. Icon is already registered. Please see <a href="https://developer.wordpress.org/advanced-administration/debug/debug-wordpress/">Debugging in WordPress</a> for more information. (This message was added in version 7.1.0.) in C:\xampp\htdocs\malumere\wp-includes\functions.php on line 6260
[22-Sep-2026 22:42:11 UTC] PHP Notice:  Function WP_Icons_Registry::register was called <strong>incorrectly</strong>. Icon is already registered. Please see <a href="https://developer.wordpress.org/advanced-administration/debug/debug-wordpress/">Debugging in WordPress</a> for more information. (This message was added in version 7.1.0.) in C:\xampp\htdocs\malumere\wp-includes\functions.php on line 6260
[22-Sep-2026 22:42:11 UTC] PHP Notice:  Function WP_Icons_Registry::register was called <strong>incorrectly</strong>. Icon is already registered. Please see <a href="https://developer.wordpress.org/advanced-administration/debug/debug-wordpress/">Debugging in WordPress</a> for more information. (This message was added in version 7.1.0.) in C:\xampp\htdocs\malumere\wp-includes\functions.php on line 6260
[22-Sep-2026 22:42:11 UTC] PHP Notice:  Function WP_Icons_Registry::register was called <strong>incorrectly</strong>. Icon is already registered. Please see <a href="https://developer.wordpress.org/advanced-administration/debug/debug-wordpress/">Debugging in WordPress</a> for more information. (This message was added in version 7.1.0.) in C:\xampp\htdocs\malumere\wp-includes\functions.php on line 6260
[22-Sep-2026 22:42:11 UTC] PHP Notice:  Function WP_Icons_Registry::register was called <strong>incorrectly</strong>. Icon is already registered. Please see <a href="https://developer.wordpress.org/advanced-administration/debug/debug-wordpress/">Debugging in WordPress</a> for more information. (This message was added in version 7.1.0.) in C:\xampp\htdocs\malumere\wp-includes\functions.php on line 6260
[22-Sep-2026 22:42:11 UTC] PHP Notice:  Function WP_Icons_Registry::register was called <strong>incorrectly</strong>. Icon is already registered. Please see <a href="https://developer.wordpress.org/advanced-administration/debug/debug-wordpress/">Debugging in WordPress</a> for more information. (This message was added in version 7.1.0.) in C:\xampp\htdocs\malumere\wp-includes\functions.php on line 6260
[22-Sep-2026 22:42:11 UTC] PHP Notice:  Function WP_Icons_Registry::register was called <strong>incorrectly</strong>. Icon is already registered. Please see <a href="https://developer.wordpress.org/advanced-administration/debug/debug-wordpress/">Debugging in WordPress</a> for more information. (This message was added in version 7.1.0.) in C:\xampp\htdocs\malumere\wp-includes\functions.php on line 6260
[22-Sep-2026 22:42:11 UTC] PHP Notice:  Function WP_Icons_Registry::register was called <strong>incorrectly</strong>. Icon is already registered. Please see <a href="https://developer.wordpress.org/advanced-administration/debug/debug-wordpress/">Debugging in WordPress</a> for more information. (This message was added in version 7.1.0.) in C:\xampp\htdocs\malumere\wp-includes\functions.php on line 6260
[22-Sep-2026 22:42:11 UTC] PHP Notice:  Function WP_Icons_Registry::register was called <strong>incorrectly</strong>. Icon is already registered. Please see <a href="https://developer.wordpress.org/advanced-administration/debug/debug-wordpress/">Debugging in WordPress</a> for more information. (This message was added in version 7.1.0.) in C:\xampp\htdocs\malumere\wp-includes\functions.php on line 6260
[22-Sep-2026 22:42:11 UTC] PHP Notice:  Function WP_Icons_Registry::register was called <strong>incorrectly</strong>. Icon is already registered. Please see <a href="https://developer.wordpress.org/advanced-administration/debug/debug-wordpress/">Debugging in WordPress</a> for more information. (This message was added in version 7.1.0.) in C:\xampp\htdocs\malumere\wp-includes\functions.php on line 6260
[22-Sep-2026 22:42:11 UTC] PHP Notice:  Function WP_Icons_Registry::register was called <strong>incorrectly</strong>. Icon is already registered. Please see <a href="https://developer.wordpress.org/advanced-administration/debug/debug-wordpress/">Debugging in WordPress</a> for more information. (This message was added in version 7.1.0.) in C:\xampp\htdocs\malumere\wp-includes\functions.php on line 6260
[22-Sep-2026 22:42:11 UTC] PHP Notice:  Function WP_Icons_Registry::register was called <strong>incorrectly</strong>. Icon is already registered. Please see <a href="https://developer.wordpress.org/advanced-administration/debug/debug-wordpress/">Debugging in WordPress</a> for more information. (This message was added in version 7.1.0.) in C:\xampp\htdocs\malumere\wp-includes\functions.php on line 6260
[22-Sep-2026 22:42:11 UTC] PHP Notice:  Function WP_Icons_Registry::register was called <strong>incorrectly</strong>. Icon is already registered. Please see <a href="https://developer.wordpress.org/advanced-administration/debug/debug-wordpress/">Debugging in WordPress</a> for more information. (This message was added in version 7.1.0.) in C:\xampp\htdocs\malumere\wp-includes\functions.php on line 6260
[22-Sep-2026 22:42:11 UTC] PHP Notice:  Function WP_Icons_Registry::register was called <strong>incorrectly</strong>. Icon is already registered. Please see <a href="https://developer.wordpress.org/advanced-administration/debug/debug-wordpress/">Debugging in WordPress</a> for more information. (This message was added in version 7.1.0.) in C:\xampp\htdocs\malumere\wp-includes\functions.php on line 6260
[22-Sep-2026 22:42:11 UTC] PHP Notice:  Function WP_Icons_Registry::register was called <strong>incorrectly</strong>. Icon is already registered. Please see <a href="https://developer.wordpress.org/advanced-administration/debug/debug-wordpress/">Debugging in WordPress</a> for more information. (This message was added in version 7.1.0.) in C:\xampp\htdocs\malumere\wp-includes\functions.php on line 6260
[22-Sep-2026 22:42:11 UTC] PHP Notice:  Function WP_Icons_Registry::register was called <strong>incorrectly</strong>. Icon is already registered. Please see <a href="https://developer.wordpress.org/advanced-administration/debug/debug-wordpress/">Debugging in WordPress</a> for more information. (This message was added in version 7.1.0.) in C:\xampp\htdocs\malumere\wp-includes\functions.php on line 6260
[22-Sep-2026 22:42:11 UTC] PHP Notice:  Function WP_Icons_Registry::register was called <strong>incorrectly</strong>. Icon is already registered. Please see <a href="https://developer.wordpress.org/advanced-administration/debug/debug-wordpress/">Debugging in WordPress</a> for more information. (This message was added in version 7.1.0.) in C:\xampp\htdocs\malumere\wp-includes\functions.php on line 6260
[22-Sep-2026 22:42:11 UTC] PHP Notice:  Function WP_Icons_Registry::register was called <strong>incorrectly</strong>. Icon is already registered. Please see <a href="https://developer.wordpress.org/advanced-administration/debug/debug-wordpress/">Debugging in WordPress</a> for more information. (This message was added in version 7.1.0.) in C:\xampp\htdocs\malumere\wp-includes\functions.php on line 6260
[22-Sep-2026 22:42:11 UTC] PHP Notice:  Function WP_Icons_Registry::register was called <strong>incorrectly</strong>. Icon is already registered. Please see <a href="https://developer.wordpress.org/advanced-administration/debug/debug-wordpress/">Debugging in WordPress</a> for more information. (This message was added in version 7.1.0.) in C:\xampp\htdocs\malumere\wp-includes\functions.php on line 6260
[22-Sep-2026 22:42:11 UTC] PHP Notice:  Function WP_Icons_Registry::register was called <strong>incorrectly</strong>. Icon is already registered. Please see <a href="https://developer.wordpress.org/advanced-administration/debug/debug-wordpress/">Debugging in WordPress</a> for more information. (This message was added in version 7.1.0.) in C:\xampp\htdocs\malumere\wp-includes\functions.php on line 6260
[22-Sep-2026 22:42:11 UTC] PHP Notice:  Function WP_Icons_Registry::register was called <strong>incorrectly</strong>. Icon is already registered. Please see <a href="https://developer.wordpress.org/advanced-administration/debug/debug-wordpress/">Debugging in WordPress</a> for more information. (This message was added in version 7.1.0.) in C:\xampp\htdocs\malumere\wp-includes\functions.php on line 6260
[22-Sep-2026 22:42:11 UTC] PHP Notice:  Function WP_Icons_Registry::register was called <strong>incorrectly</strong>. Icon is already registered. Please see <a href="https://developer.wordpress.org/advanced-administration/debug/debug-wordpress/">Debugging in WordPress</a> for more information. (This message was added in version 7.1.0.) in C:\xampp\htdocs\malumere\wp-includes\functions.php on line 6260
[22-Sep-2026 22:42:11 UTC] PHP Notice:  Function WP_Icons_Registry::register was called <strong>incorrectly</strong>. Icon is already registered. Please see <a href="https://developer.wordpress.org/advanced-administration/debug/debug-wordpress/">Debugging in WordPress</a> for more information. (This message was added in version 7.1.0.) in C:\xampp\htdocs\malumere\wp-includes\functions.php on line 6260
[22-Sep-2026 22:42:11 UTC] PHP Notice:  Function WP_Icons_Registry::register was called <strong>incorrectly</strong>. Icon is already registered. Please see <a href="https://developer.wordpress.org/advanced-administration/debug/debug-wordpress/">Debugging in WordPress</a> for more information. (This message was added in version 7.1.0.) in C:\xampp\htdocs\malumere\wp-includes\functions.php on line 6260
[22-Sep-2026 22:42:11 UTC] PHP Notice:  Function WP_Icons_Registry::register was called <strong>incorrectly</strong>. Icon is already registered. Please see <a href="https://developer.wordpress.org/advanced-administration/debug/debug-wordpress/">Debugging in WordPress</a> for more information. (This message was added in version 7.1.0.) in C:\xampp\htdocs\malumere\wp-includes\functions.php on line 6260
[22-Sep-2026 22:42:11 UTC] PHP Notice:  Function WP_Icons_Registry::register was called <strong>incorrectly</strong>. Icon is already registered. Please see <a href="https://developer.wordpress.org/advanced-administration/debug/debug-wordpress/">Debugging in WordPress</a> for more information. (This message was added in version 7.1.0.) in C:\xampp\htdocs\malumere\wp-includes\functions.php on line 6260
[22-Sep-2026 22:42:11 UTC] PHP Notice:  Function WP_Icons_Registry::register was called <strong>incorrectly</strong>. Icon is already registered. Please see <a href="https://developer.wordpress.org/advanced-administration/debug/debug-wordpress/">Debugging in WordPress</a> for more information. (This message was added in version 7.1.0.) in C:\xampp\htdocs\malumere\wp-includes\functions.php on line 6260
[22-Sep-2026 22:42:11 UTC] PHP Notice:  Function WP_Icons_Registry::register was called <strong>incorrectly</strong>. Icon is already registered. Please see <a href="https://developer.wordpress.org/advanced-administration/debug/debug-wordpress/">Debugging in WordPress</a> for more information. (This message was added in version 7.1.0.) in C:\xampp\htdocs\malumere\wp-includes\functions.php on line 6260
[22-Sep-2026 22:42:11 UTC] PHP Notice:  Function WP_Icons_Registry::register was called <strong>incorrectly</strong>. Icon is already registered. Please see <a href="https://developer.wordpress.org/advanced-administration/debug/debug-wordpress/">Debugging in WordPress</a> for more information. (This message was added in version 7.1.0.) in C:\xampp\htdocs\malumere\wp-includes\functions.php on line 6260
[22-Sep-2026 22:42:11 UTC] PHP Notice:  Function WP_Icons_Registry::register was called <strong>incorrectly</strong>. Icon is already registered. Please see <a href="https://developer.wordpress.org/advanced-administration/debug/debug-wordpress/">Debugging in WordPress</a> for more information. (This message was added in version 7.1.0.) in C:\xampp\htdocs\malumere\wp-includes\functions.php on line 6260
[22-Sep-2026 22:42:11 UTC] PHP Notice:  Function WP_Icons_Registry::register was called <strong>incorrectly</strong>. Icon is already registered. Please see <a href="https://developer.wordpress.org/advanced-administration/debug/debug-wordpress/">Debugging in WordPress</a> for more information. (This message was added in version 7.1.0.) in C:\xampp\htdocs\malumere\wp-includes\functions.php on line 6260
[22-Sep-2026 22:42:11 UTC] PHP Notice:  Function WP_Icons_Registry::register was called <strong>incorrectly</strong>. Icon is already registered. Please see <a href="https://developer.wordpress.org/advanced-administration/debug/debug-wordpress/">Debugging in WordPress</a> for more information. (This message was added in version 7.1.0.) in C:\xampp\htdocs\malumere\wp-includes\functions.php on line 6260
[22-Sep-2026 22:42:11 UTC] PHP Notice:  Function WP_Icons_Registry::register was called <strong>incorrectly</strong>. Icon is already registered. Please see <a href="https://developer.wordpress.org/advanced-administration/debug/debug-wordpress/">Debugging in WordPress</a> for more information. (This message was added in version 7.1.0.) in C:\xampp\htdocs\malumere\wp-includes\functions.php on line 6260
[22-Sep-2026 22:42:11 UTC] PHP Notice:  Function WP_Icons_Registry::register was called <strong>incorrectly</strong>. Icon is already registered. Please see <a href="https://developer.wordpress.org/advanced-administration/debug/debug-wordpress/">Debugging in WordPress</a> for more information. (This message was added in version 7.1.0.) in C:\xampp\htdocs\malumere\wp-includes\functions.php on line 6260
[22-Sep-2026 22:42:11 UTC] PHP Notice:  Function WP_Icons_Registry::register was called <strong>incorrectly</strong>. Icon is already registered. Please see <a href="https://developer.wordpress.org/advanced-administration/debug/debug-wordpress/">Debugging in WordPress</a> for more information. (This message was added in version 7.1.0.) in C:\xampp\htdocs\malumere\wp-includes\functions.php on line 6260
[22-Sep-2026 22:42:11 UTC] PHP Notice:  Function WP_Icons_Registry::register was called <strong>incorrectly</strong>. Icon is already registered. Please see <a href="https://developer.wordpress.org/advanced-administration/debug/debug-wordpress/">Debugging in WordPress</a> for more information. (This message was added in version 7.1.0.) in C:\xampp\htdocs\malumere\wp-includes\functions.php on line 6260
[22-Sep-2026 22:42:11 UTC] PHP Notice:  Function WP_Icons_Registry::register was called <strong>incorrectly</strong>. Icon is already registered. Please see <a href="https://developer.wordpress.org/advanced-administration/debug/debug-wordpress/">Debugging in WordPress</a> for more information. (This message was added in version 7.1.0.) in C:\xampp\htdocs\malumere\wp-includes\functions.php on line 6260
[22-Sep-2026 22:42:11 UTC] PHP Notice:  Function WP_Icons_Registry::register was called <strong>incorrectly</strong>. Icon is already registered. Please see <a href="https://developer.wordpress.org/advanced-administration/debug/debug-wordpress/">Debugging in WordPress</a> for more information. (This message was added in version 7.1.0.) in C:\xampp\htdocs\malumere\wp-includes\functions.php on line 6260
[22-Sep-2026 22:42:11 UTC] PHP Notice:  Function WP_Icons_Registry::register was called <strong>incorrectly</strong>. Icon is already registered. Please see <a href="https://developer.wordpress.org/advanced-administration/debug/debug-wordpress/">Debugging in WordPress</a> for more information. (This message was added in version 7.1.0.) in C:\xampp\htdocs\malumere\wp-includes\functions.php on line 6260
[22-Sep-2026 22:42:11 UTC] PHP Notice:  Function WP_Icons_Registry::register was called <strong>incorrectly</strong>. Icon is already registered. Please see <a href="https://developer.wordpress.org/advanced-administration/debug/debug-wordpress/">Debugging in WordPress</a> for more information. (This message was added in version 7.1.0.) in C:\xampp\htdocs\malumere\wp-includes\functions.php on line 6260
[22-Sep-2026 22:42:11 UTC] PHP Notice:  Function WP_Icons_Registry::register was called <strong>incorrectly</strong>. Icon is already registered. Please see <a href="https://developer.wordpress.org/advanced-administration/debug/debug-wordpress/">Debugging in WordPress</a> for more information. (This message was added in version 7.1.0.) in C:\xampp\htdocs\malumere\wp-includes\functions.php on line 6260
[22-Sep-2026 22:42:11 UTC] PHP Notice:  Function WP_Icons_Registry::register was called <strong>incorrectly</strong>. Icon is already registered. Please see <a href="https://developer.wordpress.org/advanced-administration/debug/debug-wordpress/">Debugging in WordPress</a> for more information. (This message was added in version 7.1.0.) in C:\xampp\htdocs\malumere\wp-includes\functions.php on line 6260
[22-Sep-2026 22:42:11 UTC] PHP Notice:  Function WP_Icons_Registry::register was called <strong>incorrectly</strong>. Icon is already registered. Please see <a href="https://developer.wordpress.org/advanced-administration/debug/debug-wordpress/">Debugging in WordPress</a> for more information. (This message was added in version 7.1.0.) in C:\xampp\htdocs\malumere\wp-includes\functions.php on line 6260
[22-Sep-2026 22:42:11 UTC] PHP Notice:  Function WP_Icons_Registry::register was called <strong>incorrectly</strong>. Icon is already registered. Please see <a href="https://developer.wordpress.org/advanced-administration/debug/debug-wordpress/">Debugging in WordPress</a> for more information. (This message was added in version 7.1.0.) in C:\xampp\htdocs\malumere\wp-includes\functions.php on line 6260
[22-Sep-2026 22:42:11 UTC] PHP Notice:  Function WP_Icons_Registry::register was called <strong>incorrectly</strong>. Icon is already registered. Please see <a href="https://developer.wordpress.org/advanced-administration/debug/debug-wordpress/">Debugging in WordPress</a> for more information. (This message was added in version 7.1.0.) in C:\xampp\htdocs\malumere\wp-includes\functions.php on line 6260
[22-Sep-2026 22:42:11 UTC] PHP Notice:  Function WP_Icons_Registry::register was called <strong>incorrectly</strong>. Icon is already registered. Please see <a href="https://developer.wordpress.org/advanced-administration/debug/debug-wordpress/">Debugging in WordPress</a> for more information. (This message was added in version 7.1.0.) in C:\xampp\htdocs\malumere\wp-includes\functions.php on line 6260
[22-Sep-2026 22:42:11 UTC] PHP Notice:  Function WP_Icons_Registry::register was called <strong>incorrectly</strong>. Icon is already registered. Please see <a href="https://developer.wordpress.org/advanced-administration/debug/debug-wordpress/">Debugging in WordPress</a> for more information. (This message was added in version 7.1.0.) in C:\xampp\htdocs\malumere\wp-includes\functions.php on line 6260
[22-Sep-2026 22:42:11 UTC] PHP Notice:  Function WP_Icons_Registry::register was called <strong>incorrectly</strong>. Icon is already registered. Please see <a href="https://developer.wordpress.org/advanced-administration/debug/debug-wordpress/">Debugging in WordPress</a> for more information. (This message was added in version 7.1.0.) in C:\xampp\htdocs\malumere\wp-includes\functions.php on line 6260
[22-Sep-2026 22:42:11 UTC] PHP Notice:  Function WP_Icons_Registry::register was called <strong>incorrectly</strong>. Icon is already registered. Please see <a href="https://developer.wordpress.org/advanced-administration/debug/debug-wordpress/">Debugging in WordPress</a> for more information. (This message was added in version 7.1.0.) in C:\xampp\htdocs\malumere\wp-includes\functions.php on line 6260
[22-Sep-2026 22:42:11 UTC] PHP Notice:  Function WP_Icons_Registry::register was called <strong>incorrectly</strong>. Icon is already registered. Please see <a href="https://developer.wordpress.org/advanced-administration/debug/debug-wordpress/">Debugging in WordPress</a> for more information. (This message was added in version 7.1.0.) in C:\xampp\htdocs\malumere\wp-includes\functions.php on line 6260
[22-Sep-2026 22:42:11 UTC] PHP Notice:  Function WP_Icons_Registry::register was called <strong>incorrectly</strong>. Icon is already registered. Please see <a href="https://developer.wordpress.org/advanced-administration/debug/debug-wordpress/">Debugging in WordPress</a> for more information. (This message was added in version 7.1.0.) in C:\xampp\htdocs\malumere\wp-includes\functions.php on line 6260
[22-Sep-2026 22:42:11 UTC] PHP Notice:  Function WP_Icons_Registry::register was called <strong>incorrectly</strong>. Icon is already registered. Please see <a href="https://developer.wordpress.org/advanced-administration/debug/debug-wordpress/">Debugging in WordPress</a> for more information. (This message was added in version 7.1.0.) in C:\xampp\htdocs\malumere\wp-includes\functions.php on line 6260
[22-Sep-2026 22:42:11 UTC] PHP Notice:  Function WP_Icons_Registry::register was called <strong>incorrectly</strong>. Icon is already registered. Please see <a href="https://developer.wordpress.org/advanced-administration/debug/debug-wordpress/">Debugging in WordPress</a> for more information. (This message was added in version 7.1.0.) in C:\xampp\htdocs\malumere\wp-includes\functions.php on line 6260
[22-Sep-2026 22:42:11 UTC] PHP Notice:  Function WP_Icons_Registry::register was called <strong>incorrectly</strong>. Icon is already registered. Please see <a href="https://developer.wordpress.org/advanced-administration/debug/debug-wordpress/">Debugging in WordPress</a> for more information. (This message was added in version 7.1.0.) in C:\xampp\htdocs\malumere\wp-includes\functions.php on line 6260
[22-Sep-2026 22:42:11 UTC] PHP Notice:  Function WP_Icons_Registry::register was called <strong>incorrectly</strong>. Icon is already registered. Please see <a href="https://developer.wordpress.org/advanced-administration/debug/debug-wordpress/">Debugging in WordPress</a> for more information. (This message was added in version 7.1.0.) in C:\xampp\htdocs\malumere\wp-includes\functions.php on line 6260
[22-Sep-2026 22:42:11 UTC] PHP Notice:  Function WP_Icons_Registry::register was called <strong>incorrectly</strong>. Icon is already registered. Please see <a href="https://developer.wordpress.org/advanced-administration/debug/debug-wordpress/">Debugging in WordPress</a> for more information. (This message was added in version 7.1.0.) in C:\xampp\htdocs\malumere\wp-includes\functions.php on line 6260
[22-Sep-2026 22:42:11 UTC] PHP Notice:  Function WP_Icons_Registry::register was called <strong>incorrectly</strong>. Icon is already registered. Please see <a href="https://developer.wordpress.org/advanced-administration/debug/debug-wordpress/">Debugging in WordPress</a> for more information. (This message was added in version 7.1.0.) in C:\xampp\htdocs\malumere\wp-includes\functions.php on line 6260
[22-Sep-2026 22:42:11 UTC] PHP Notice:  Function WP_Icons_Registry::register was called <strong>incorrectly</strong>. Icon is already registered. Please see <a href="https://developer.wordpress.org/advanced-administration/debug/debug-wordpress/">Debugging in WordPress</a> for more information. (This message was added in version 7.1.0.) in C:\xampp\htdocs\malumere\wp-includes\functions.php on line 6260
[22-Sep-2026 22:42:11 UTC] PHP Notice:  Function WP_Icons_Registry::register was called <strong>incorrectly</strong>. Icon is already registered. Please see <a href="https://developer.wordpress.org/advanced-administration/debug/debug-wordpress/">Debugging in WordPress</a> for more information. (This message was added in version 7.1.0.) in C:\xampp\htdocs\malumere\wp-includes\functions.php on line 6260
[22-Sep-2026 22:42:11 UTC] PHP Notice:  Function WP_Icons_Registry::register was called <strong>incorrectly</strong>. Icon is already registered. Please see <a href="https://developer.wordpress.org/advanced-administration/debug/debug-wordpress/">Debugging in WordPress</a> for more information. (This message was added in version 7.1.0.) in C:\xampp\htdocs\malumere\wp-includes\functions.php on line 6260
[22-Sep-2026 22:42:11 UTC] PHP Notice:  Function WP_Icons_Registry::register was called <strong>incorrectly</strong>. Icon is already registered. Please see <a href="https://developer.wordpress.org/advanced-administration/debug/debug-wordpress/">Debugging in WordPress</a> for more information. (This message was added in version 7.1.0.) in C:\xampp\htdocs\malumere\wp-includes\functions.php on line 6260
[22-Sep-2026 22:42:11 UTC] PHP Notice:  Function WP_Icons_Registry::register was called <strong>incorrectly</strong>. Icon is already registered. Please see <a href="https://developer.wordpress.org/advanced-administration/debug/debug-wordpress/">Debugging in WordPress</a> for more information. (This message was added in version 7.1.0.) in C:\xampp\htdocs\malumere\wp-includes\functions.php on line 6260
[22-Sep-2026 22:42:11 UTC] PHP Notice:  Function WP_Icons_Registry::register was called <strong>incorrectly</strong>. Icon is already registered. Please see <a href="https://developer.wordpress.org/advanced-administration/debug/debug-wordpress/">Debugging in WordPress</a> for more information. (This message was added in version 7.1.0.) in C:\xampp\htdocs\malumere\wp-includes\functions.php on line 6260
[22-Sep-2026 22:42:11 UTC] PHP Notice:  Function WP_Icons_Registry::register was called <strong>incorrectly</strong>. Icon is already registered. Please see <a href="https://developer.wordpress.org/advanced-administration/debug/debug-wordpress/">Debugging in WordPress</a> for more information. (This message was added in version 7.1.0.) in C:\xampp\htdocs\malumere\wp-includes\functions.php on line 6260
[22-Sep-2026 22:42:11 UTC] PHP Notice:  Function WP_Icons_Registry::register was called <strong>incorrectly</strong>. Icon is already registered. Please see <a href="https://developer.wordpress.org/advanced-administration/debug/debug-wordpress/">Debugging in WordPress</a> for more information. (This message was added in version 7.1.0.) in C:\xampp\htdocs\malumere\wp-includes\functions.php on line 6260
[22-Sep-2026 22:42:11 UTC] PHP Notice:  Function WP_Icons_Registry::register was called <strong>incorrectly</strong>. Icon is already registered. Please see <a href="https://developer.wordpress.org/advanced-administration/debug/debug-wordpress/">Debugging in WordPress</a> for more information. (This message was added in version 7.1.0.) in C:\xampp\htdocs\malumere\wp-includes\functions.php on line 6260
[22-Sep-2026 22:42:11 UTC] PHP Notice:  Function WP_Icons_Registry::register was called <strong>incorrectly</strong>. Icon is already registered. Please see <a href="https://developer.wordpress.org/advanced-administration/debug/debug-wordpress/">Debugging in WordPress</a> for more information. (This message was added in version 7.1.0.) in C:\xampp\htdocs\malumere\wp-includes\functions.php on line 6260
[22-Sep-2026 22:42:11 UTC] PHP Notice:  Function WP_Icons_Registry::register was called <strong>incorrectly</strong>. Icon is already registered. Please see <a href="https://developer.wordpress.org/advanced-administration/debug/debug-wordpress/">Debugging in WordPress</a> for more information. (This message was added in version 7.1.0.) in C:\xampp\htdocs\malumere\wp-includes\functions.php on line 6260
[22-Sep-2026 22:42:11 UTC] PHP Notice:  Function WP_Icons_Registry::register was called <strong>incorrectly</strong>. Icon is already registered. Please see <a href="https://developer.wordpress.org/advanced-administration/debug/debug-wordpress/">Debugging in WordPress</a> for more information. (This message was added in version 7.1.0.) in C:\xampp\htdocs\malumere\wp-includes\functions.php on line 6260
[22-Sep-2026 22:42:11 UTC] PHP Notice:  Function WP_Icons_Registry::register was called <strong>incorrectly</strong>. Icon is already registered. Please see <a href="https://developer.wordpress.org/advanced-administration/debug/debug-wordpress/">Debugging in WordPress</a> for more information. (This message was added in version 7.1.0.) in C:\xampp\htdocs\malumere\wp-includes\functions.php on line 6260
[22-Sep-2026 22:42:11 UTC] PHP Notice:  Function WP_Icons_Registry::register was called <strong>incorrectly</strong>. Icon is already registered. Please see <a href="https://developer.wordpress.org/advanced-administration/debug/debug-wordpress/">Debugging in WordPress</a> for more information. (This message was added in version 7.1.0.) in C:\xampp\htdocs\malumere\wp-includes\functions.php on line 6260
[22-Sep-2026 22:42:11 UTC] PHP Notice:  Function WP_Icons_Registry::register was called <strong>incorrectly</strong>. Icon is already registered. Please see <a href="https://developer.wordpress.org/advanced-administration/debug/debug-wordpress/">Debugging in WordPress</a> for more information. (This message was added in version 7.1.0.) in C:\xampp\htdocs\malumere\wp-includes\functions.php on line 6260
[22-Sep-2026 22:42:11 UTC] PHP Notice:  Function WP_Icons_Registry::register was called <strong>incorrectly</strong>. Icon is already registered. Please see <a href="https://developer.wordpress.org/advanced-administration/debug/debug-wordpress/">Debugging in WordPress</a> for more information. (This message was added in version 7.1.0.) in C:\xampp\htdocs\malumere\wp-includes\functions.php on line 6260
[22-Sep-2026 22:42:11 UTC] PHP Notice:  Function WP_Icons_Registry::register was called <strong>incorrectly</strong>. Icon is already registered. Please see <a href="https://developer.wordpress.org/advanced-administration/debug/debug-wordpress/">Debugging in WordPress</a> for more information. (This message was added in version 7.1.0.) in C:\xampp\htdocs\malumere\wp-includes\functions.php on line 6260
[22-Sep-2026 22:42:11 UTC] PHP Notice:  Function WP_Icons_Registry::register was called <strong>incorrectly</strong>. Icon is already registered. Please see <a href="https://developer.wordpress.org/advanced-administration/debug/debug-wordpress/">Debugging in WordPress</a> for more information. (This message was added in version 7.1.0.) in C:\xampp\htdocs\malumere\wp-includes\functions.php on line 6260
[22-Sep-2026 22:42:11 UTC] PHP Notice:  Function WP_Icons_Registry::register was called <strong>incorrectly</strong>. Icon is already registered. Please see <a href="https://developer.wordpress.org/advanced-administration/debug/debug-wordpress/">Debugging in WordPress</a> for more information. (This message was added in version 7.1.0.) in C:\xampp\htdocs\malumere\wp-includes\functions.php on line 6260
[22-Sep-2026 22:42:11 UTC] PHP Notice:  Function WP_Icons_Registry::register was called <strong>incorrectly</strong>. Icon is already registered. Please see <a href="https://developer.wordpress.org/advanced-administration/debug/debug-wordpress/">Debugging in WordPress</a> for more information. (This message was added in version 7.1.0.) in C:\xampp\htdocs\malumere\wp-includes\functions.php on line 6260
[22-Sep-2026 22:42:11 UTC] PHP Notice:  Function WP_Icons_Registry::register was called <strong>incorrectly</strong>. Icon is already registered. Please see <a href="https://developer.wordpress.org/advanced-administration/debug/debug-wordpress/">Debugging in WordPress</a> for more information. (This message was added in version 7.1.0.) in C:\xampp\htdocs\malumere\wp-includes\functions.php on line 6260
[22-Sep-2026 22:42:11 UTC] PHP Notice:  Function WP_Icons_Registry::register was called <strong>incorrectly</strong>. Icon is already registered. Please see <a href="https://developer.wordpress.org/advanced-administration/debug/debug-wordpress/">Debugging in WordPress</a> for more information. (This message was added in version 7.1.0.) in C:\xampp\htdocs\malumere\wp-includes\functions.php on line 6260
[22-Sep-2026 22:42:11 UTC] PHP Notice:  Function WP_Icons_Registry::register was called <strong>incorrectly</strong>. Icon is already registered. Please see <a href="https://developer.wordpress.org/advanced-administration/debug/debug-wordpress/">Debugging in WordPress</a> for more information. (This message was added in version 7.1.0.) in C:\xampp\htdocs\malumere\wp-includes\functions.php on line 6260
[22-Sep-2026 22:42:11 UTC] PHP Notice:  Function WP_Icons_Registry::register was called <strong>incorrectly</strong>. Icon is already registered. Please see <a href="https://developer.wordpress.org/advanced-administration/debug/debug-wordpress/">Debugging in WordPress</a> for more information. (This message was added in version 7.1.0.) in C:\xampp\htdocs\malumere\wp-includes\functions.php on line 6260
[22-Sep-2026 22:42:11 UTC] PHP Notice:  Function WP_Block_Bindings_Registry::register was called <strong>incorrectly</strong>. Block bindings source "core/pattern-overrides" already registered. Please see <a href="https://developer.wordpress.org/advanced-administration/debug/debug-wordpress/">Debugging in WordPress</a> for more information. (This message was added in version 6.5.0.) in C:\xampp\htdocs\malumere\wp-includes\functions.php on line 6260
[22-Sep-2026 22:42:11 UTC] PHP Notice:  Function WP_Block_Bindings_Registry::register was called <strong>incorrectly</strong>. Block bindings source "core/post-data" already registered. Please see <a href="https://developer.wordpress.org/advanced-administration/debug/debug-wordpress/">Debugging in WordPress</a> for more information. (This message was added in version 6.5.0.) in C:\xampp\htdocs\malumere\wp-includes\functions.php on line 6260
[22-Sep-2026 22:42:11 UTC] PHP Notice:  Function WP_Block_Bindings_Registry::register was called <strong>incorrectly</strong>. Block bindings source "core/post-meta" already registered. Please see <a href="https://developer.wordpress.org/advanced-administration/debug/debug-wordpress/">Debugging in WordPress</a> for more information. (This message was added in version 6.5.0.) in C:\xampp\htdocs\malumere\wp-includes\functions.php on line 6260
[22-Sep-2026 22:42:11 UTC] PHP Notice:  Function WP_Block_Type_Registry::register was called <strong>incorrectly</strong>. Block type "core/legacy-widget" is already registered. Please see <a href="https://developer.wordpress.org/advanced-administration/debug/debug-wordpress/">Debugging in WordPress</a> for more information. (This message was added in version 5.0.0.) in C:\xampp\htdocs\malumere\wp-includes\functions.php on line 6260
[22-Sep-2026 22:42:11 UTC] PHP Notice:  Function WP_Block_Type_Registry::register was called <strong>incorrectly</strong>. Block type "core/widget-group" is already registered. Please see <a href="https://developer.wordpress.org/advanced-administration/debug/debug-wordpress/">Debugging in WordPress</a> for more information. (This message was added in version 5.0.0.) in C:\xampp\htdocs\malumere\wp-includes\functions.php on line 6260
[22-Sep-2026 22:42:11 UTC] PHP Notice:  Function WP_Block_Type_Registry::register was called <strong>incorrectly</strong>. Block type "core/accordion" is already registered. Please see <a href="https://developer.wordpress.org/advanced-administration/debug/debug-wordpress/">Debugging in WordPress</a> for more information. (This message was added in version 5.0.0.) in C:\xampp\htdocs\malumere\wp-includes\functions.php on line 6260
[22-Sep-2026 22:42:11 UTC] PHP Notice:  Function WP_Block_Type_Registry::register was called <strong>incorrectly</strong>. Block type "core/accordion-item" is already registered. Please see <a href="https://developer.wordpress.org/advanced-administration/debug/debug-wordpress/">Debugging in WordPress</a> for more information. (This message was added in version 5.0.0.) in C:\xampp\htdocs\malumere\wp-includes\functions.php on line 6260
[22-Sep-2026 22:42:11 UTC] PHP Notice:  Function WP_Block_Type_Registry::register was called <strong>incorrectly</strong>. Block type "core/archives" is already registered. Please see <a href="https://developer.wordpress.org/advanced-administration/debug/debug-wordpress/">Debugging in WordPress</a> for more information. (This message was added in version 5.0.0.) in C:\xampp\htdocs\malumere\wp-includes\functions.php on line 6260
[22-Sep-2026 22:42:11 UTC] PHP Notice:  Function WP_Block_Type_Registry::register was called <strong>incorrectly</strong>. Block type "core/avatar" is already registered. Please see <a href="https://developer.wordpress.org/advanced-administration/debug/debug-wordpress/">Debugging in WordPress</a> for more information. (This message was added in version 5.0.0.) in C:\xampp\htdocs\malumere\wp-includes\functions.php on line 6260
[22-Sep-2026 22:42:11 UTC] PHP Notice:  Function WP_Block_Type_Registry::register was called <strong>incorrectly</strong>. Block type "core/block" is already registered. Please see <a href="https://developer.wordpress.org/advanced-administration/debug/debug-wordpress/">Debugging in WordPress</a> for more information. (This message was added in version 5.0.0.) in C:\xampp\htdocs\malumere\wp-includes\functions.php on line 6260
[22-Sep-2026 22:42:11 UTC] PHP Notice:  Function WP_Block_Type_Registry::register was called <strong>incorrectly</strong>. Block type "core/breadcrumbs" is already registered. Please see <a href="https://developer.wordpress.org/advanced-administration/debug/debug-wordpress/">Debugging in WordPress</a> for more information. (This message was added in version 5.0.0.) in C:\xampp\htdocs\malumere\wp-includes\functions.php on line 6260
[22-Sep-2026 22:42:11 UTC] PHP Notice:  Function WP_Block_Type_Registry::register was called <strong>incorrectly</strong>. Block type "core/button" is already registered. Please see <a href="https://developer.wordpress.org/advanced-administration/debug/debug-wordpress/">Debugging in WordPress</a> for more information. (This message was added in version 5.0.0.) in C:\xampp\htdocs\malumere\wp-includes\functions.php on line 6260
[22-Sep-2026 22:42:11 UTC] PHP Notice:  Function WP_Block_Type_Registry::register was called <strong>incorrectly</strong>. Block type "core/calendar" is already registered. Please see <a href="https://developer.wordpress.org/advanced-administration/debug/debug-wordpress/">Debugging in WordPress</a> for more information. (This message was added in version 5.0.0.) in C:\xampp\htdocs\malumere\wp-includes\functions.php on line 6260
[22-Sep-2026 22:42:11 UTC] PHP Notice:  Function WP_Block_Type_Registry::register was called <strong>incorrectly</strong>. Block type "core/categories" is already registered. Please see <a href="https://developer.wordpress.org/advanced-administration/debug/debug-wordpress/">Debugging in WordPress</a> for more information. (This message was added in version 5.0.0.) in C:\xampp\htdocs\malumere\wp-includes\functions.php on line 6260
[22-Sep-2026 22:42:11 UTC] PHP Notice:  Function WP_Block_Type_Registry::register was called <strong>incorrectly</strong>. Block type "core/comment-author-name" is already registered. Please see <a href="https://developer.wordpress.org/advanced-administration/debug/debug-wordpress/">Debugging in WordPress</a> for more information. (This message was added in version 5.0.0.) in C:\xampp\htdocs\malumere\wp-includes\functions.php on line 6260
[22-Sep-2026 22:42:11 UTC] PHP Notice:  Function WP_Block_Type_Registry::register was called <strong>incorrectly</strong>. Block type "core/comment-content" is already registered. Please see <a href="https://developer.wordpress.org/advanced-administration/debug/debug-wordpress/">Debugging in WordPress</a> for more information. (This message was added in version 5.0.0.) in C:\xampp\htdocs\malumere\wp-includes\functions.php on line 6260
[22-Sep-2026 22:42:11 UTC] PHP Notice:  Function WP_Block_Type_Registry::register was called <strong>incorrectly</strong>. Block type "core/comment-date" is already registered. Please see <a href="https://developer.wordpress.org/advanced-administration/debug/debug-wordpress/">Debugging in WordPress</a> for more information. (This message was added in version 5.0.0.) in C:\xampp\htdocs\malumere\wp-includes\functions.php on line 6260
[22-Sep-2026 22:42:11 UTC] PHP Notice:  Function WP_Block_Type_Registry::register was called <strong>incorrectly</strong>. Block type "core/comment-edit-link" is already registered. Please see <a href="https://developer.wordpress.org/advanced-administration/debug/debug-wordpress/">Debugging in WordPress</a> for more information. (This message was added in version 5.0.0.) in C:\xampp\htdocs\malumere\wp-includes\functions.php on line 6260
[22-Sep-2026 22:42:11 UTC] PHP Notice:  Function WP_Block_Type_Registry::register was called <strong>incorrectly</strong>. Block type "core/comment-reply-link" is already registered. Please see <a href="https://developer.wordpress.org/advanced-administration/debug/debug-wordpress/">Debugging in WordPress</a> for more information. (This message was added in version 5.0.0.) in C:\xampp\htdocs\malumere\wp-includes\functions.php on line 6260
[22-Sep-2026 22:42:11 UTC] PHP Notice:  Function WP_Block_Type_Registry::register was called <strong>incorrectly</strong>. Block type "core/comment-template" is already registered. Please see <a href="https://developer.wordpress.org/advanced-administration/debug/debug-wordpress/">Debugging in WordPress</a> for more information. (This message was added in version 5.0.0.) in C:\xampp\htdocs\malumere\wp-includes\functions.php on line 6260
[22-Sep-2026 22:42:11 UTC] PHP Notice:  Function WP_Block_Type_Registry::register was called <strong>incorrectly</strong>. Block type "core/comments" is already registered. Please see <a href="https://developer.wordpress.org/advanced-administration/debug/debug-wordpress/">Debugging in WordPress</a> for more information. (This message was added in version 5.0.0.) in C:\xampp\htdocs\malumere\wp-includes\functions.php on line 6260
[22-Sep-2026 22:42:11 UTC] PHP Notice:  Function WP_Block_Type_Registry::register was called <strong>incorrectly</strong>. Block type "core/comments-pagination" is already registered. Please see <a href="https://developer.wordpress.org/advanced-administration/debug/debug-wordpress/">Debugging in WordPress</a> for more information. (This message was added in version 5.0.0.) in C:\xampp\htdocs\malumere\wp-includes\functions.php on line 6260
[22-Sep-2026 22:42:11 UTC] PHP Notice:  Function WP_Block_Type_Registry::register was called <strong>incorrectly</strong>. Block type "core/comments-pagination-next" is already registered. Please see <a href="https://developer.wordpress.org/advanced-administration/debug/debug-wordpress/">Debugging in WordPress</a> for more information. (This message was added in version 5.0.0.) in C:\xampp\htdocs\malumere\wp-includes\functions.php on line 6260
[22-Sep-2026 22:42:11 UTC] PHP Notice:  Function WP_Block_Type_Registry::register was called <strong>incorrectly</strong>. Block type "core/comments-pagination-numbers" is already registered. Please see <a href="https://developer.wordpress.org/advanced-administration/debug/debug-wordpress/">Debugging in WordPress</a> for more information. (This message was added in version 5.0.0.) in C:\xampp\htdocs\malumere\wp-includes\functions.php on line 6260
[22-Sep-2026 22:42:11 UTC] PHP Notice:  Function WP_Block_Type_Registry::register was called <strong>incorrectly</strong>. Block type "core/comments-pagination-previous" is already registered. Please see <a href="https://developer.wordpress.org/advanced-administration/debug/debug-wordpress/">Debugging in WordPress</a> for more information. (This message was added in version 5.0.0.) in C:\xampp\htdocs\malumere\wp-includes\functions.php on line 6260
[22-Sep-2026 22:42:11 UTC] PHP Notice:  Function WP_Block_Type_Registry::register was called <strong>incorrectly</strong>. Block type "core/comments-title" is already registered. Please see <a href="https://developer.wordpress.org/advanced-administration/debug/debug-wordpress/">Debugging in WordPress</a> for more information. (This message was added in version 5.0.0.) in C:\xampp\htdocs\malumere\wp-includes\functions.php on line 6260
[22-Sep-2026 22:42:11 UTC] PHP Notice:  Function WP_Block_Type_Registry::register was called <strong>incorrectly</strong>. Block type "core/cover" is already registered. Please see <a href="https://developer.wordpress.org/advanced-administration/debug/debug-wordpress/">Debugging in WordPress</a> for more information. (This message was added in version 5.0.0.) in C:\xampp\htdocs\malumere\wp-includes\functions.php on line 6260
[22-Sep-2026 22:42:11 UTC] PHP Notice:  Function WP_Block_Type_Registry::register was called <strong>incorrectly</strong>. Block type "core/details" is already registered. Please see <a href="https://developer.wordpress.org/advanced-administration/debug/debug-wordpress/">Debugging in WordPress</a> for more information. (This message was added in version 5.0.0.) in C:\xampp\htdocs\malumere\wp-includes\functions.php on line 6260
[22-Sep-2026 22:42:11 UTC] PHP Notice:  Function WP_Block_Type_Registry::register was called <strong>incorrectly</strong>. Block type "core/file" is already registered. Please see <a href="https://developer.wordpress.org/advanced-administration/debug/debug-wordpress/">Debugging in WordPress</a> for more information. (This message was added in version 5.0.0.) in C:\xampp\htdocs\malumere\wp-includes\functions.php on line 6260
[22-Sep-2026 22:42:11 UTC] PHP Notice:  Function WP_Block_Type_Registry::register was called <strong>incorrectly</strong>. Block type "core/footnotes" is already registered. Please see <a href="https://developer.wordpress.org/advanced-administration/debug/debug-wordpress/">Debugging in WordPress</a> for more information. (This message was added in version 5.0.0.) in C:\xampp\htdocs\malumere\wp-includes\functions.php on line 6260
[22-Sep-2026 22:42:11 UTC] PHP Notice:  Function WP_Block_Type_Registry::register was called <strong>incorrectly</strong>. Block type "core/gallery" is already registered. Please see <a href="https://developer.wordpress.org/advanced-administration/debug/debug-wordpress/">Debugging in WordPress</a> for more information. (This message was added in version 5.0.0.) in C:\xampp\htdocs\malumere\wp-includes\functions.php on line 6260
[22-Sep-2026 22:42:11 UTC] PHP Notice:  Function WP_Block_Type_Registry::register was called <strong>incorrectly</strong>. Block type "core/heading" is already registered. Please see <a href="https://developer.wordpress.org/advanced-administration/debug/debug-wordpress/">Debugging in WordPress</a> for more information. (This message was added in version 5.0.0.) in C:\xampp\htdocs\malumere\wp-includes\functions.php on line 6260
[22-Sep-2026 22:42:11 UTC] PHP Notice:  Function WP_Block_Type_Registry::register was called <strong>incorrectly</strong>. Block type "core/home-link" is already registered. Please see <a href="https://developer.wordpress.org/advanced-administration/debug/debug-wordpress/">Debugging in WordPress</a> for more information. (This message was added in version 5.0.0.) in C:\xampp\htdocs\malumere\wp-includes\functions.php on line 6260
[22-Sep-2026 22:42:11 UTC] PHP Notice:  Function WP_Block_Type_Registry::register was called <strong>incorrectly</strong>. Block type "core/icon" is already registered. Please see <a href="https://developer.wordpress.org/advanced-administration/debug/debug-wordpress/">Debugging in WordPress</a> for more information. (This message was added in version 5.0.0.) in C:\xampp\htdocs\malumere\wp-includes\functions.php on line 6260
[22-Sep-2026 22:42:11 UTC] PHP Notice:  Function WP_Block_Type_Registry::register was called <strong>incorrectly</strong>. Block type "core/image" is already registered. Please see <a href="https://developer.wordpress.org/advanced-administration/debug/debug-wordpress/">Debugging in WordPress</a> for more information. (This message was added in version 5.0.0.) in C:\xampp\htdocs\malumere\wp-includes\functions.php on line 6260
[22-Sep-2026 22:42:11 UTC] PHP Notice:  Function WP_Block_Type_Registry::register was called <strong>incorrectly</strong>. Block type "core/latest-comments" is already registered. Please see <a href="https://developer.wordpress.org/advanced-administration/debug/debug-wordpress/">Debugging in WordPress</a> for more information. (This message was added in version 5.0.0.) in C:\xampp\htdocs\malumere\wp-includes\functions.php on line 6260
[22-Sep-2026 22:42:11 UTC] PHP Notice:  Function WP_Block_Type_Registry::register was called <strong>incorrectly</strong>. Block type "core/latest-posts" is already registered. Please see <a href="https://developer.wordpress.org/advanced-administration/debug/debug-wordpress/">Debugging in WordPress</a> for more information. (This message was added in version 5.0.0.) in C:\xampp\htdocs\malumere\wp-includes\functions.php on line 6260
[22-Sep-2026 22:42:11 UTC] PHP Notice:  Function WP_Block_Type_Registry::register was called <strong>incorrectly</strong>. Block type "core/list" is already registered. Please see <a href="https://developer.wordpress.org/advanced-administration/debug/debug-wordpress/">Debugging in WordPress</a> for more information. (This message was added in version 5.0.0.) in C:\xampp\htdocs\malumere\wp-includes\functions.php on line 6260
[22-Sep-2026 22:42:11 UTC] PHP Notice:  Function WP_Block_Type_Registry::register was called <strong>incorrectly</strong>. Block type "core/loginout" is already registered. Please see <a href="https://developer.wordpress.org/advanced-administration/debug/debug-wordpress/">Debugging in WordPress</a> for more information. (This message was added in version 5.0.0.) in C:\xampp\htdocs\malumere\wp-includes\functions.php on line 6260
[22-Sep-2026 22:42:11 UTC] PHP Notice:  Function WP_Block_Type_Registry::register was called <strong>incorrectly</strong>. Block type "core/media-text" is already registered. Please see <a href="https://developer.wordpress.org/advanced-administration/debug/debug-wordpress/">Debugging in WordPress</a> for more information. (This message was added in version 5.0.0.) in C:\xampp\htdocs\malumere\wp-includes\functions.php on line 6260
[22-Sep-2026 22:42:11 UTC] PHP Notice:  Function WP_Block_Type_Registry::register was called <strong>incorrectly</strong>. Block type "core/navigation" is already registered. Please see <a href="https://developer.wordpress.org/advanced-administration/debug/debug-wordpress/">Debugging in WordPress</a> for more information. (This message was added in version 5.0.0.) in C:\xampp\htdocs\malumere\wp-includes\functions.php on line 6260
[22-Sep-2026 22:42:11 UTC] PHP Notice:  Function WP_Block_Type_Registry::register was called <strong>incorrectly</strong>. Block type "core/navigation-link" is already registered. Please see <a href="https://developer.wordpress.org/advanced-administration/debug/debug-wordpress/">Debugging in WordPress</a> for more information. (This message was added in version 5.0.0.) in C:\xampp\htdocs\malumere\wp-includes\functions.php on line 6260
[22-Sep-2026 22:42:11 UTC] PHP Notice:  Function WP_Block_Type_Registry::register was called <strong>incorrectly</strong>. Block type "core/navigation-overlay-close" is already registered. Please see <a href="https://developer.wordpress.org/advanced-administration/debug/debug-wordpress/">Debugging in WordPress</a> for more information. (This message was added in version 5.0.0.) in C:\xampp\htdocs\malumere\wp-includes\functions.php on line 6260
[22-Sep-2026 22:42:11 UTC] PHP Notice:  Function WP_Block_Type_Registry::register was called <strong>incorrectly</strong>. Block type "core/navigation-submenu" is already registered. Please see <a href="https://developer.wordpress.org/advanced-administration/debug/debug-wordpress/">Debugging in WordPress</a> for more information. (This message was added in version 5.0.0.) in C:\xampp\htdocs\malumere\wp-includes\functions.php on line 6260
[22-Sep-2026 22:42:11 UTC] PHP Notice:  Function WP_Block_Type_Registry::register was called <strong>incorrectly</strong>. Block type "core/page-list" is already registered. Please see <a href="https://developer.wordpress.org/advanced-administration/debug/debug-wordpress/">Debugging in WordPress</a> for more information. (This message was added in version 5.0.0.) in C:\xampp\htdocs\malumere\wp-includes\functions.php on line 6260
[22-Sep-2026 22:42:11 UTC] PHP Notice:  Function WP_Block_Type_Registry::register was called <strong>incorrectly</strong>. Block type "core/page-list-item" is already registered. Please see <a href="https://developer.wordpress.org/advanced-administration/debug/debug-wordpress/">Debugging in WordPress</a> for more information. (This message was added in version 5.0.0.) in C:\xampp\htdocs\malumere\wp-includes\functions.php on line 6260
[22-Sep-2026 22:42:11 UTC] PHP Notice:  Function WP_Block_Type_Registry::register was called <strong>incorrectly</strong>. Block type "core/paragraph" is already registered. Please see <a href="https://developer.wordpress.org/advanced-administration/debug/debug-wordpress/">Debugging in WordPress</a> for more information. (This message was added in version 5.0.0.) in C:\xampp\htdocs\malumere\wp-includes\functions.php on line 6260
[22-Sep-2026 22:42:11 UTC] PHP Notice:  Function WP_Block_Type_Registry::register was called <strong>incorrectly</strong>. Block type "core/pattern" is already registered. Please see <a href="https://developer.wordpress.org/advanced-administration/debug/debug-wordpress/">Debugging in WordPress</a> for more information. (This message was added in version 5.0.0.) in C:\xampp\htdocs\malumere\wp-includes\functions.php on line 6260
[22-Sep-2026 22:42:11 UTC] PHP Notice:  Function WP_Block_Type_Registry::register was called <strong>incorrectly</strong>. Block type "core/playlist" is already registered. Please see <a href="https://developer.wordpress.org/advanced-administration/debug/debug-wordpress/">Debugging in WordPress</a> for more information. (This message was added in version 5.0.0.) in C:\xampp\htdocs\malumere\wp-includes\functions.php on line 6260
[22-Sep-2026 22:42:11 UTC] PHP Notice:  Function WP_Block_Type_Registry::register was called <strong>incorrectly</strong>. Block type "core/playlist-track" is already registered. Please see <a href="https://developer.wordpress.org/advanced-administration/debug/debug-wordpress/">Debugging in WordPress</a> for more information. (This message was added in version 5.0.0.) in C:\xampp\htdocs\malumere\wp-includes\functions.php on line 6260
[22-Sep-2026 22:42:11 UTC] PHP Notice:  Function WP_Block_Type_Registry::register was called <strong>incorrectly</strong>. Block type "core/post-author" is already registered. Please see <a href="https://developer.wordpress.org/advanced-administration/debug/debug-wordpress/">Debugging in WordPress</a> for more information. (This message was added in version 5.0.0.) in C:\xampp\htdocs\malumere\wp-includes\functions.php on line 6260
[22-Sep-2026 22:42:11 UTC] PHP Notice:  Function WP_Block_Type_Registry::register was called <strong>incorrectly</strong>. Block type "core/post-author-biography" is already registered. Please see <a href="https://developer.wordpress.org/advanced-administration/debug/debug-wordpress/">Debugging in WordPress</a> for more information. (This message was added in version 5.0.0.) in C:\xampp\htdocs\malumere\wp-includes\functions.php on line 6260
[22-Sep-2026 22:42:11 UTC] PHP Notice:  Function WP_Block_Type_Registry::register was called <strong>incorrectly</strong>. Block type "core/post-author-name" is already registered. Please see <a href="https://developer.wordpress.org/advanced-administration/debug/debug-wordpress/">Debugging in WordPress</a> for more information. (This message was added in version 5.0.0.) in C:\xampp\htdocs\malumere\wp-includes\functions.php on line 6260
[22-Sep-2026 22:42:11 UTC] PHP Notice:  Function WP_Block_Type_Registry::register was called <strong>incorrectly</strong>. Block type "core/post-comments-count" is already registered. Please see <a href="https://developer.wordpress.org/advanced-administration/debug/debug-wordpress/">Debugging in WordPress</a> for more information. (This message was added in version 5.0.0.) in C:\xampp\htdocs\malumere\wp-includes\functions.php on line 6260
[22-Sep-2026 22:42:11 UTC] PHP Notice:  Function WP_Block_Type_Registry::register was called <strong>incorrectly</strong>. Block type "core/post-comments-form" is already registered. Please see <a href="https://developer.wordpress.org/advanced-administration/debug/debug-wordpress/">Debugging in WordPress</a> for more information. (This message was added in version 5.0.0.) in C:\xampp\htdocs\malumere\wp-includes\functions.php on line 6260
[22-Sep-2026 22:42:11 UTC] PHP Notice:  Function WP_Block_Type_Registry::register was called <strong>incorrectly</strong>. Block type "core/post-comments-link" is already registered. Please see <a href="https://developer.wordpress.org/advanced-administration/debug/debug-wordpress/">Debugging in WordPress</a> for more information. (This message was added in version 5.0.0.) in C:\xampp\htdocs\malumere\wp-includes\functions.php on line 6260
[22-Sep-2026 22:42:11 UTC] PHP Notice:  Function WP_Block_Type_Registry::register was called <strong>incorrectly</strong>. Block type "core/post-content" is already registered. Please see <a href="https://developer.wordpress.org/advanced-administration/debug/debug-wordpress/">Debugging in WordPress</a> for more information. (This message was added in version 5.0.0.) in C:\xampp\htdocs\malumere\wp-includes\functions.php on line 6260
[22-Sep-2026 22:42:11 UTC] PHP Notice:  Function WP_Block_Type_Registry::register was called <strong>incorrectly</strong>. Block type "core/post-date" is already registered. Please see <a href="https://developer.wordpress.org/advanced-administration/debug/debug-wordpress/">Debugging in WordPress</a> for more information. (This message was added in version 5.0.0.) in C:\xampp\htdocs\malumere\wp-includes\functions.php on line 6260
[22-Sep-2026 22:42:11 UTC] PHP Notice:  Function WP_Block_Type_Registry::register was called <strong>incorrectly</strong>. Block type "core/post-excerpt" is already registered. Please see <a href="https://developer.wordpress.org/advanced-administration/debug/debug-wordpress/">Debugging in WordPress</a> for more information. (This message was added in version 5.0.0.) in C:\xampp\htdocs\malumere\wp-includes\functions.php on line 6260
[22-Sep-2026 22:42:11 UTC] PHP Notice:  Function WP_Block_Type_Registry::register was called <strong>incorrectly</strong>. Block type "core/post-featured-image" is already registered. Please see <a href="https://developer.wordpress.org/advanced-administration/debug/debug-wordpress/">Debugging in WordPress</a> for more information. (This message was added in version 5.0.0.) in C:\xampp\htdocs\malumere\wp-includes\functions.php on line 6260
[22-Sep-2026 22:42:11 UTC] PHP Notice:  Function WP_Block_Type_Registry::register was called <strong>incorrectly</strong>. Block type "core/post-navigation-link" is already registered. Please see <a href="https://developer.wordpress.org/advanced-administration/debug/debug-wordpress/">Debugging in WordPress</a> for more information. (This message was added in version 5.0.0.) in C:\xampp\htdocs\malumere\wp-includes\functions.php on line 6260
[22-Sep-2026 22:42:11 UTC] PHP Notice:  Function WP_Block_Type_Registry::register was called <strong>incorrectly</strong>. Block type "core/post-template" is already registered. Please see <a href="https://developer.wordpress.org/advanced-administration/debug/debug-wordpress/">Debugging in WordPress</a> for more information. (This message was added in version 5.0.0.) in C:\xampp\htdocs\malumere\wp-includes\functions.php on line 6260
[22-Sep-2026 22:42:11 UTC] PHP Notice:  Function WP_Block_Type_Registry::register was called <strong>incorrectly</strong>. Block type "core/post-terms" is already registered. Please see <a href="https://developer.wordpress.org/advanced-administration/debug/debug-wordpress/">Debugging in WordPress</a> for more information. (This message was added in version 5.0.0.) in C:\xampp\htdocs\malumere\wp-includes\functions.php on line 6260
[22-Sep-2026 22:42:11 UTC] PHP Notice:  Function WP_Block_Type_Registry::register was called <strong>incorrectly</strong>. Block type "core/post-time-to-read" is already registered. Please see <a href="https://developer.wordpress.org/advanced-administration/debug/debug-wordpress/">Debugging in WordPress</a> for more information. (This message was added in version 5.0.0.) in C:\xampp\htdocs\malumere\wp-includes\functions.php on line 6260
[22-Sep-2026 22:42:11 UTC] PHP Notice:  Function WP_Block_Type_Registry::register was called <strong>incorrectly</strong>. Block type "core/post-title" is already registered. Please see <a href="https://developer.wordpress.org/advanced-administration/debug/debug-wordpress/">Debugging in WordPress</a> for more information. (This message was added in version 5.0.0.) in C:\xampp\htdocs\malumere\wp-includes\functions.php on line 6260
[22-Sep-2026 22:42:11 UTC] PHP Notice:  Function WP_Block_Type_Registry::register was called <strong>incorrectly</strong>. Block type "core/query" is already registered. Please see <a href="https://developer.wordpress.org/advanced-administration/debug/debug-wordpress/">Debugging in WordPress</a> for more information. (This message was added in version 5.0.0.) in C:\xampp\htdocs\malumere\wp-includes\functions.php on line 6260
[22-Sep-2026 22:42:11 UTC] PHP Notice:  Function WP_Block_Type_Registry::register was called <strong>incorrectly</strong>. Block type "core/query-no-results" is already registered. Please see <a href="https://developer.wordpress.org/advanced-administration/debug/debug-wordpress/">Debugging in WordPress</a> for more information. (This message was added in version 5.0.0.) in C:\xampp\htdocs\malumere\wp-includes\functions.php on line 6260
[22-Sep-2026 22:42:11 UTC] PHP Notice:  Function WP_Block_Type_Registry::register was called <strong>incorrectly</strong>. Block type "core/query-pagination" is already registered. Please see <a href="https://developer.wordpress.org/advanced-administration/debug/debug-wordpress/">Debugging in WordPress</a> for more information. (This message was added in version 5.0.0.) in C:\xampp\htdocs\malumere\wp-includes\functions.php on line 6260
[22-Sep-2026 22:42:11 UTC] PHP Notice:  Function WP_Block_Type_Registry::register was called <strong>incorrectly</strong>. Block type "core/query-pagination-next" is already registered. Please see <a href="https://developer.wordpress.org/advanced-administration/debug/debug-wordpress/">Debugging in WordPress</a> for more information. (This message was added in version 5.0.0.) in C:\xampp\htdocs\malumere\wp-includes\functions.php on line 6260
[22-Sep-2026 22:42:11 UTC] PHP Notice:  Function WP_Block_Type_Registry::register was called <strong>incorrectly</strong>. Block type "core/query-pagination-numbers" is already registered. Please see <a href="https://developer.wordpress.org/advanced-administration/debug/debug-wordpress/">Debugging in WordPress</a> for more information. (This message was added in version 5.0.0.) in C:\xampp\htdocs\malumere\wp-includes\functions.php on line 6260
[22-Sep-2026 22:42:11 UTC] PHP Notice:  Function WP_Block_Type_Registry::register was called <strong>incorrectly</strong>. Block type "core/query-pagination-previous" is already registered. Please see <a href="https://developer.wordpress.org/advanced-administration/debug/debug-wordpress/">Debugging in WordPress</a> for more information. (This message was added in version 5.0.0.) in C:\xampp\htdocs\malumere\wp-includes\functions.php on line 6260
[22-Sep-2026 22:42:11 UTC] PHP Notice:  Function WP_Block_Type_Registry::register was called <strong>incorrectly</strong>. Block type "core/query-title" is already registered. Please see <a href="https://developer.wordpress.org/advanced-administration/debug/debug-wordpress/">Debugging in WordPress</a> for more information. (This message was added in version 5.0.0.) in C:\xampp\htdocs\malumere\wp-includes\functions.php on line 6260
[22-Sep-2026 22:42:11 UTC] PHP Notice:  Function WP_Block_Type_Registry::register was called <strong>incorrectly</strong>. Block type "core/query-total" is already registered. Please see <a href="https://developer.wordpress.org/advanced-administration/debug/debug-wordpress/">Debugging in WordPress</a> for more information. (This message was added in version 5.0.0.) in C:\xampp\htdocs\malumere\wp-includes\functions.php on line 6260
[22-Sep-2026 22:42:11 UTC] PHP Notice:  Function WP_Block_Type_Registry::register was called <strong>incorrectly</strong>. Block type "core/read-more" is already registered. Please see <a href="https://developer.wordpress.org/advanced-administration/debug/debug-wordpress/">Debugging in WordPress</a> for more information. (This message was added in version 5.0.0.) in C:\xampp\htdocs\malumere\wp-includes\functions.php on line 6260
[22-Sep-2026 22:42:11 UTC] PHP Notice:  Function WP_Block_Type_Registry::register was called <strong>incorrectly</strong>. Block type "core/rss" is already registered. Please see <a href="https://developer.wordpress.org/advanced-administration/debug/debug-wordpress/">Debugging in WordPress</a> for more information. (This message was added in version 5.0.0.) in C:\xampp\htdocs\malumere\wp-includes\functions.php on line 6260
[22-Sep-2026 22:42:11 UTC] PHP Notice:  Function WP_Block_Type_Registry::register was called <strong>incorrectly</strong>. Block type "core/search" is already registered. Please see <a href="https://developer.wordpress.org/advanced-administration/debug/debug-wordpress/">Debugging in WordPress</a> for more information. (This message was added in version 5.0.0.) in C:\xampp\htdocs\malumere\wp-includes\functions.php on line 6260
[22-Sep-2026 22:42:11 UTC] PHP Notice:  Function WP_Block_Type_Registry::register was called <strong>incorrectly</strong>. Block type "core/shortcode" is already registered. Please see <a href="https://developer.wordpress.org/advanced-administration/debug/debug-wordpress/">Debugging in WordPress</a> for more information. (This message was added in version 5.0.0.) in C:\xampp\htdocs\malumere\wp-includes\functions.php on line 6260
[22-Sep-2026 22:42:11 UTC] PHP Notice:  Function WP_Block_Type_Registry::register was called <strong>incorrectly</strong>. Block type "core/site-logo" is already registered. Please see <a href="https://developer.wordpress.org/advanced-administration/debug/debug-wordpress/">Debugging in WordPress</a> for more information. (This message was added in version 5.0.0.) in C:\xampp\htdocs\malumere\wp-includes\functions.php on line 6260
[22-Sep-2026 22:42:11 UTC] PHP Notice:  Function WP_Block_Type_Registry::register was called <strong>incorrectly</strong>. Block type "core/site-tagline" is already registered. Please see <a href="https://developer.wordpress.org/advanced-administration/debug/debug-wordpress/">Debugging in WordPress</a> for more information. (This message was added in version 5.0.0.) in C:\xampp\htdocs\malumere\wp-includes\functions.php on line 6260
[22-Sep-2026 22:42:11 UTC] PHP Notice:  Function WP_Block_Type_Registry::register was called <strong>incorrectly</strong>. Block type "core/site-title" is already registered. Please see <a href="https://developer.wordpress.org/advanced-administration/debug/debug-wordpress/">Debugging in WordPress</a> for more information. (This message was added in version 5.0.0.) in C:\xampp\htdocs\malumere\wp-includes\functions.php on line 6260
[22-Sep-2026 22:42:11 UTC] PHP Notice:  Function WP_Block_Type_Registry::register was called <strong>incorrectly</strong>. Block type "core/social-link" is already registered. Please see <a href="https://developer.wordpress.org/advanced-administration/debug/debug-wordpress/">Debugging in WordPress</a> for more information. (This message was added in version 5.0.0.) in C:\xampp\htdocs\malumere\wp-includes\functions.php on line 6260
[22-Sep-2026 22:42:11 UTC] PHP Notice:  Function WP_Block_Type_Registry::register was called <strong>incorrectly</strong>. Block type "core/tab-list" is already registered. Please see <a href="https://developer.wordpress.org/advanced-administration/debug/debug-wordpress/">Debugging in WordPress</a> for more information. (This message was added in version 5.0.0.) in C:\xampp\htdocs\malumere\wp-includes\functions.php on line 6260
[22-Sep-2026 22:42:11 UTC] PHP Notice:  Function WP_Block_Type_Registry::register was called <strong>incorrectly</strong>. Block type "core/tab-panel" is already registered. Please see <a href="https://developer.wordpress.org/advanced-administration/debug/debug-wordpress/">Debugging in WordPress</a> for more information. (This message was added in version 5.0.0.) in C:\xampp\htdocs\malumere\wp-includes\functions.php on line 6260
[22-Sep-2026 22:42:11 UTC] PHP Notice:  Function WP_Block_Type_Registry::register was called <strong>incorrectly</strong>. Block type "core/tabs" is already registered. Please see <a href="https://developer.wordpress.org/advanced-administration/debug/debug-wordpress/">Debugging in WordPress</a> for more information. (This message was added in version 5.0.0.) in C:\xampp\htdocs\malumere\wp-includes\functions.php on line 6260
[22-Sep-2026 22:42:11 UTC] PHP Notice:  Function WP_Block_Type_Registry::register was called <strong>incorrectly</strong>. Block type "core/tag-cloud" is already registered. Please see <a href="https://developer.wordpress.org/advanced-administration/debug/debug-wordpress/">Debugging in WordPress</a> for more information. (This message was added in version 5.0.0.) in C:\xampp\htdocs\malumere\wp-includes\functions.php on line 6260
[22-Sep-2026 22:42:11 UTC] PHP Notice:  Function WP_Block_Type_Registry::register was called <strong>incorrectly</strong>. Block type "core/template-part" is already registered. Please see <a href="https://developer.wordpress.org/advanced-administration/debug/debug-wordpress/">Debugging in WordPress</a> for more information. (This message was added in version 5.0.0.) in C:\xampp\htdocs\malumere\wp-includes\functions.php on line 6260
[22-Sep-2026 22:42:11 UTC] PHP Notice:  Function WP_Block_Type_Registry::register was called <strong>incorrectly</strong>. Block type "core/term-count" is already registered. Please see <a href="https://developer.wordpress.org/advanced-administration/debug/debug-wordpress/">Debugging in WordPress</a> for more information. (This message was added in version 5.0.0.) in C:\xampp\htdocs\malumere\wp-includes\functions.php on line 6260
[22-Sep-2026 22:42:11 UTC] PHP Notice:  Function WP_Block_Type_Registry::register was called <strong>incorrectly</strong>. Block type "core/term-description" is already registered. Please see <a href="https://developer.wordpress.org/advanced-administration/debug/debug-wordpress/">Debugging in WordPress</a> for more information. (This message was added in version 5.0.0.) in C:\xampp\htdocs\malumere\wp-includes\functions.php on line 6260
[22-Sep-2026 22:42:11 UTC] PHP Notice:  Function WP_Block_Type_Registry::register was called <strong>incorrectly</strong>. Block type "core/term-name" is already registered. Please see <a href="https://developer.wordpress.org/advanced-administration/debug/debug-wordpress/">Debugging in WordPress</a> for more information. (This message was added in version 5.0.0.) in C:\xampp\htdocs\malumere\wp-includes\functions.php on line 6260
[22-Sep-2026 22:42:11 UTC] PHP Notice:  Function WP_Block_Type_Registry::register was called <strong>incorrectly</strong>. Block type "core/term-template" is already registered. Please see <a href="https://developer.wordpress.org/advanced-administration/debug/debug-wordpress/">Debugging in WordPress</a> for more information. (This message was added in version 5.0.0.) in C:\xampp\htdocs\malumere\wp-includes\functions.php on line 6260
[22-Sep-2026 22:42:11 UTC] PHP Notice:  Function WP_Block_Type_Registry::register was called <strong>incorrectly</strong>. Block type "core/video" is already registered. Please see <a href="https://developer.wordpress.org/advanced-administration/debug/debug-wordpress/">Debugging in WordPress</a> for more information. (This message was added in version 5.0.0.) in C:\xampp\htdocs\malumere\wp-includes\functions.php on line 6260
[22-Sep-2026 22:42:11 UTC] PHP Notice:  Function WP_Block_Type_Registry::register was called <strong>incorrectly</strong>. Block type "core/accordion-heading" is already registered. Please see <a href="https://developer.wordpress.org/advanced-administration/debug/debug-wordpress/">Debugging in WordPress</a> for more information. (This message was added in version 5.0.0.) in C:\xampp\htdocs\malumere\wp-includes\functions.php on line 6260
[22-Sep-2026 22:42:11 UTC] PHP Notice:  Function WP_Block_Type_Registry::register was called <strong>incorrectly</strong>. Block type "core/accordion-panel" is already registered. Please see <a href="https://developer.wordpress.org/advanced-administration/debug/debug-wordpress/">Debugging in WordPress</a> for more information. (This message was added in version 5.0.0.) in C:\xampp\htdocs\malumere\wp-includes\functions.php on line 6260
[22-Sep-2026 22:42:11 UTC] PHP Notice:  Function WP_Block_Type_Registry::register was called <strong>incorrectly</strong>. Block type "core/audio" is already registered. Please see <a href="https://developer.wordpress.org/advanced-administration/debug/debug-wordpress/">Debugging in WordPress</a> for more information. (This message was added in version 5.0.0.) in C:\xampp\htdocs\malumere\wp-includes\functions.php on line 6260
[22-Sep-2026 22:42:11 UTC] PHP Notice:  Function WP_Block_Type_Registry::register was called <strong>incorrectly</strong>. Block type "core/buttons" is already registered. Please see <a href="https://developer.wordpress.org/advanced-administration/debug/debug-wordpress/">Debugging in WordPress</a> for more information. (This message was added in version 5.0.0.) in C:\xampp\htdocs\malumere\wp-includes\functions.php on line 6260
[22-Sep-2026 22:42:11 UTC] PHP Notice:  Function WP_Block_Type_Registry::register was called <strong>incorrectly</strong>. Block type "core/code" is already registered. Please see <a href="https://developer.wordpress.org/advanced-administration/debug/debug-wordpress/">Debugging in WordPress</a> for more information. (This message was added in version 5.0.0.) in C:\xampp\htdocs\malumere\wp-includes\functions.php on line 6260
[22-Sep-2026 22:42:11 UTC] PHP Notice:  Function WP_Block_Type_Registry::register was called <strong>incorrectly</strong>. Block type "core/column" is already registered. Please see <a href="https://developer.wordpress.org/advanced-administration/debug/debug-wordpress/">Debugging in WordPress</a> for more information. (This message was added in version 5.0.0.) in C:\xampp\htdocs\malumere\wp-includes\functions.php on line 6260
[22-Sep-2026 22:42:11 UTC] PHP Notice:  Function WP_Block_Type_Registry::register was called <strong>incorrectly</strong>. Block type "core/columns" is already registered. Please see <a href="https://developer.wordpress.org/advanced-administration/debug/debug-wordpress/">Debugging in WordPress</a> for more information. (This message was added in version 5.0.0.) in C:\xampp\htdocs\malumere\wp-includes\functions.php on line 6260
[22-Sep-2026 22:42:11 UTC] PHP Notice:  Function WP_Block_Type_Registry::register was called <strong>incorrectly</strong>. Block type "core/embed" is already registered. Please see <a href="https://developer.wordpress.org/advanced-administration/debug/debug-wordpress/">Debugging in WordPress</a> for more information. (This message was added in version 5.0.0.) in C:\xampp\htdocs\malumere\wp-includes\functions.php on line 6260
[22-Sep-2026 22:42:11 UTC] PHP Notice:  Function WP_Block_Type_Registry::register was called <strong>incorrectly</strong>. Block type "core/freeform" is already registered. Please see <a href="https://developer.wordpress.org/advanced-administration/debug/debug-wordpress/">Debugging in WordPress</a> for more information. (This message was added in version 5.0.0.) in C:\xampp\htdocs\malumere\wp-includes\functions.php on line 6260
[22-Sep-2026 22:42:11 UTC] PHP Notice:  Function WP_Block_Type_Registry::register was called <strong>incorrectly</strong>. Block type "core/group" is already registered. Please see <a href="https://developer.wordpress.org/advanced-administration/debug/debug-wordpress/">Debugging in WordPress</a> for more information. (This message was added in version 5.0.0.) in C:\xampp\htdocs\malumere\wp-includes\functions.php on line 6260
[22-Sep-2026 22:42:11 UTC] PHP Notice:  Function WP_Block_Type_Registry::register was called <strong>incorrectly</strong>. Block type "core/html" is already registered. Please see <a href="https://developer.wordpress.org/advanced-administration/debug/debug-wordpress/">Debugging in WordPress</a> for more information. (This message was added in version 5.0.0.) in C:\xampp\htdocs\malumere\wp-includes\functions.php on line 6260
[22-Sep-2026 22:42:11 UTC] PHP Notice:  Function WP_Block_Type_Registry::register was called <strong>incorrectly</strong>. Block type "core/list-item" is already registered. Please see <a href="https://developer.wordpress.org/advanced-administration/debug/debug-wordpress/">Debugging in WordPress</a> for more information. (This message was added in version 5.0.0.) in C:\xampp\htdocs\malumere\wp-includes\functions.php on line 6260
[22-Sep-2026 22:42:11 UTC] PHP Notice:  Function WP_Block_Type_Registry::register was called <strong>incorrectly</strong>. Block type "core/math" is already registered. Please see <a href="https://developer.wordpress.org/advanced-administration/debug/debug-wordpress/">Debugging in WordPress</a> for more information. (This message was added in version 5.0.0.) in C:\xampp\htdocs\malumere\wp-includes\functions.php on line 6260
[22-Sep-2026 22:42:11 UTC] PHP Notice:  Function WP_Block_Type_Registry::register was called <strong>incorrectly</strong>. Block type "core/missing" is already registered. Please see <a href="https://developer.wordpress.org/advanced-administration/debug/debug-wordpress/">Debugging in WordPress</a> for more information. (This message was added in version 5.0.0.) in C:\xampp\htdocs\malumere\wp-includes\functions.php on line 6260
[22-Sep-2026 22:42:11 UTC] PHP Notice:  Function WP_Block_Type_Registry::register was called <strong>incorrectly</strong>. Block type "core/more" is already registered. Please see <a href="https://developer.wordpress.org/advanced-administration/debug/debug-wordpress/">Debugging in WordPress</a> for more information. (This message was added in version 5.0.0.) in C:\xampp\htdocs\malumere\wp-includes\functions.php on line 6260
[22-Sep-2026 22:42:11 UTC] PHP Notice:  Function WP_Block_Type_Registry::register was called <strong>incorrectly</strong>. Block type "core/nextpage" is already registered. Please see <a href="https://developer.wordpress.org/advanced-administration/debug/debug-wordpress/">Debugging in WordPress</a> for more information. (This message was added in version 5.0.0.) in C:\xampp\htdocs\malumere\wp-includes\functions.php on line 6260
[22-Sep-2026 22:42:11 UTC] PHP Notice:  Function WP_Block_Type_Registry::register was called <strong>incorrectly</strong>. Block type "core/preformatted" is already registered. Please see <a href="https://developer.wordpress.org/advanced-administration/debug/debug-wordpress/">Debugging in WordPress</a> for more information. (This message was added in version 5.0.0.) in C:\xampp\htdocs\malumere\wp-includes\functions.php on line 6260
[22-Sep-2026 22:42:11 UTC] PHP Notice:  Function WP_Block_Type_Registry::register was called <strong>incorrectly</strong>. Block type "core/pullquote" is already registered. Please see <a href="https://developer.wordpress.org/advanced-administration/debug/debug-wordpress/">Debugging in WordPress</a> for more information. (This message was added in version 5.0.0.) in C:\xampp\htdocs\malumere\wp-includes\functions.php on line 6260
[22-Sep-2026 22:42:11 UTC] PHP Notice:  Function WP_Block_Type_Registry::register was called <strong>incorrectly</strong>. Block type "core/quote" is already registered. Please see <a href="https://developer.wordpress.org/advanced-administration/debug/debug-wordpress/">Debugging in WordPress</a> for more information. (This message was added in version 5.0.0.) in C:\xampp\htdocs\malumere\wp-includes\functions.php on line 6260
[22-Sep-2026 22:42:11 UTC] PHP Notice:  Function WP_Block_Type_Registry::register was called <strong>incorrectly</strong>. Block type "core/separator" is already registered. Please see <a href="https://developer.wordpress.org/advanced-administration/debug/debug-wordpress/">Debugging in WordPress</a> for more information. (This message was added in version 5.0.0.) in C:\xampp\htdocs\malumere\wp-includes\functions.php on line 6260
[22-Sep-2026 22:42:11 UTC] PHP Notice:  Function WP_Block_Type_Registry::register was called <strong>incorrectly</strong>. Block type "core/social-links" is already registered. Please see <a href="https://developer.wordpress.org/advanced-administration/debug/debug-wordpress/">Debugging in WordPress</a> for more information. (This message was added in version 5.0.0.) in C:\xampp\htdocs\malumere\wp-includes\functions.php on line 6260
[22-Sep-2026 22:42:11 UTC] PHP Notice:  Function WP_Block_Type_Registry::register was called <strong>incorrectly</strong>. Block type "core/spacer" is already registered. Please see <a href="https://developer.wordpress.org/advanced-administration/debug/debug-wordpress/">Debugging in WordPress</a> for more information. (This message was added in version 5.0.0.) in C:\xampp\htdocs\malumere\wp-includes\functions.php on line 6260
[22-Sep-2026 22:42:11 UTC] PHP Notice:  Function WP_Block_Type_Registry::register was called <strong>incorrectly</strong>. Block type "core/tab-panels" is already registered. Please see <a href="https://developer.wordpress.org/advanced-administration/debug/debug-wordpress/">Debugging in WordPress</a> for more information. (This message was added in version 5.0.0.) in C:\xampp\htdocs\malumere\wp-includes\functions.php on line 6260
[22-Sep-2026 22:42:11 UTC] PHP Notice:  Function WP_Block_Type_Registry::register was called <strong>incorrectly</strong>. Block type "core/table" is already registered. Please see <a href="https://developer.wordpress.org/advanced-administration/debug/debug-wordpress/">Debugging in WordPress</a> for more information. (This message was added in version 5.0.0.) in C:\xampp\htdocs\malumere\wp-includes\functions.php on line 6260
[22-Sep-2026 22:42:11 UTC] PHP Notice:  Function WP_Block_Type_Registry::register was called <strong>incorrectly</strong>. Block type "core/terms-query" is already registered. Please see <a href="https://developer.wordpress.org/advanced-administration/debug/debug-wordpress/">Debugging in WordPress</a> for more information. (This message was added in version 5.0.0.) in C:\xampp\htdocs\malumere\wp-includes\functions.php on line 6260
[22-Sep-2026 22:42:11 UTC] PHP Notice:  Function WP_Block_Type_Registry::register was called <strong>incorrectly</strong>. Block type "core/text-columns" is already registered. Please see <a href="https://developer.wordpress.org/advanced-administration/debug/debug-wordpress/">Debugging in WordPress</a> for more information. (This message was added in version 5.0.0.) in C:\xampp\htdocs\malumere\wp-includes\functions.php on line 6260
[22-Sep-2026 22:42:11 UTC] PHP Notice:  Function WP_Block_Type_Registry::register was called <strong>incorrectly</strong>. Block type "core/verse" is already registered. Please see <a href="https://developer.wordpress.org/advanced-administration/debug/debug-wordpress/">Debugging in WordPress</a> for more information. (This message was added in version 5.0.0.) in C:\xampp\htdocs\malumere\wp-includes\functions.php on line 6260
[22-Sep-2026 22:42:50 UTC] PHP Fatal error:  Uncaught Error: Call to a member function query() on string in C:\Users\Jay\AppData\Local\Temp\opencode\smoke9_views.php:128
Stack trace:
#0 {main}
  thrown in C:\Users\Jay\AppData\Local\Temp\opencode\smoke9_views.php on line 128
[23-Sep-2026 01:31:41 UTC] PHP Fatal error:  Uncaught Error: Call to a member function query() on string in C:\Users\Jay\AppData\Local\Temp\opencode\smoke9_views.php:141
Stack trace:
#0 {main}
  thrown in C:\Users\Jay\AppData\Local\Temp\opencode\smoke9_views.php on line 141
[23-Sep-2026 01:31:45 UTC] PHP Fatal error:  Uncaught Error: Call to a member function query() on string in C:\Users\Jay\AppData\Local\Temp\opencode\smoke9_views.php:141
Stack trace:
#0 {main}
  thrown in C:\Users\Jay\AppData\Local\Temp\opencode\smoke9_views.php on line 141
[23-Sep-2026 01:31:49 UTC] PHP Fatal error:  Uncaught Error: Call to a member function query() on string in C:\Users\Jay\AppData\Local\Temp\opencode\smoke9_views.php:141
Stack trace:
#0 {main}
  thrown in C:\Users\Jay\AppData\Local\Temp\opencode\smoke9_views.php on line 141
[23-Sep-2026 10:00:21 UTC] Automatic updates starting...
[23-Sep-2026 10:00:23 UTC]   Automatic plugin updates starting...
[23-Sep-2026 10:00:23 UTC]   Automatic plugin updates complete.
[23-Sep-2026 10:00:24 UTC]   Automatic theme updates starting...
[23-Sep-2026 10:00:24 UTC]   Automatic theme updates complete.
[23-Sep-2026 10:00:24 UTC] Automatic updates complete.
[23-Sep-2026 10:10:55 UTC] PHP Warning:  Cannot modify header information - headers already sent by (output started at C:\xampp\htdocs\malumere\wp-admin\menu-header.php:293) in C:\xampp\htdocs\malumere\wp-includes\pluggable.php on line 1539
[23-Sep-2026 10:10:55 UTC] PHP Warning:  Cannot modify header information - headers already sent by (output started at C:\xampp\htdocs\malumere\wp-admin\menu-header.php:293) in C:\xampp\htdocs\malumere\wp-includes\pluggable.php on line 1542
[23-Sep-2026 10:14:37 UTC] PHP Warning:  filesize(): stat failed for C:\Users\Jay\AppData\Local\Temp\opencode\smoke10-jpeg.jpg in C:\Users\Jay\AppData\Local\Temp\opencode\smoke10_photos.php on line 47
[23-Sep-2026 10:14:37 UTC] PHP Warning:  file_get_contents(C:\Users\Jay\AppData\Local\Temp\opencode\smoke10-jpeg.jpg): Failed to open stream: No such file or directory in C:\Users\Jay\AppData\Local\Temp\opencode\smoke10_photos.php on line 106
[23-Sep-2026 10:14:37 UTC] PHP Warning:  Object of class WP_Error could not be converted to int in C:\Users\Jay\AppData\Local\Temp\opencode\smoke10_photos.php on line 123
[23-Sep-2026 10:14:37 UTC] PHP Warning:  Cannot modify header information - headers already sent by (output started at C:\Users\Jay\AppData\Local\Temp\opencode\smoke10_photos.php:16) in C:\xampp\htdocs\malumere\wp-content\plugins\ma-lumiere-clinic-manager\includes\class-photo-repository.php on line 270
[23-Sep-2026 10:14:37 UTC] PHP Warning:  Cannot modify header information - headers already sent by (output started at C:\Users\Jay\AppData\Local\Temp\opencode\smoke10_photos.php:16) in C:\xampp\htdocs\malumere\wp-content\plugins\ma-lumiere-clinic-manager\includes\class-photo-repository.php on line 271
[23-Sep-2026 10:14:37 UTC] PHP Warning:  Cannot modify header information - headers already sent by (output started at C:\Users\Jay\AppData\Local\Temp\opencode\smoke10_photos.php:16) in C:\xampp\htdocs\malumere\wp-content\plugins\ma-lumiere-clinic-manager\includes\class-photo-repository.php on line 272
[23-Sep-2026 10:14:37 UTC] PHP Warning:  Cannot modify header information - headers already sent by (output started at C:\Users\Jay\AppData\Local\Temp\opencode\smoke10_photos.php:16) in C:\xampp\htdocs\malumere\wp-content\plugins\ma-lumiere-clinic-manager\includes\class-photo-repository.php on line 273
[23-Sep-2026 10:14:37 UTC] PHP Warning:  Cannot modify header information - headers already sent by (output started at C:\Users\Jay\AppData\Local\Temp\opencode\smoke10_photos.php:16) in C:\xampp\htdocs\malumere\wp-content\plugins\ma-lumiere-clinic-manager\includes\class-photo-repository.php on line 274
[23-Sep-2026 10:14:37 UTC] PHP Warning:  file_get_contents(C:\Users\Jay\AppData\Local\Temp\opencode\smoke10-jpeg.jpg): Failed to open stream: No such file or directory in C:\Users\Jay\AppData\Local\Temp\opencode\smoke10_photos.php on line 153
[23-Sep-2026 10:14:37 UTC] PHP Warning:  Object of class WP_Error could not be converted to int in C:\Users\Jay\AppData\Local\Temp\opencode\smoke10_photos.php on line 167
[23-Sep-2026 10:15:42 UTC] PHP Warning:  Cannot modify header information - headers already sent by (output started at C:\Users\Jay\AppData\Local\Temp\opencode\smoke10_photos.php:16) in C:\xampp\htdocs\malumere\wp-content\plugins\ma-lumiere-clinic-manager\includes\class-photo-repository.php on line 270
[23-Sep-2026 10:15:42 UTC] PHP Warning:  Cannot modify header information - headers already sent by (output started at C:\Users\Jay\AppData\Local\Temp\opencode\smoke10_photos.php:16) in C:\xampp\htdocs\malumere\wp-content\plugins\ma-lumiere-clinic-manager\includes\class-photo-repository.php on line 271
[23-Sep-2026 10:15:42 UTC] PHP Warning:  Cannot modify header information - headers already sent by (output started at C:\Users\Jay\AppData\Local\Temp\opencode\smoke10_photos.php:16) in C:\xampp\htdocs\malumere\wp-content\plugins\ma-lumiere-clinic-manager\includes\class-photo-repository.php on line 272
[23-Sep-2026 10:15:42 UTC] PHP Warning:  Cannot modify header information - headers already sent by (output started at C:\Users\Jay\AppData\Local\Temp\opencode\smoke10_photos.php:16) in C:\xampp\htdocs\malumere\wp-content\plugins\ma-lumiere-clinic-manager\includes\class-photo-repository.php on line 273
[23-Sep-2026 10:15:42 UTC] PHP Warning:  Cannot modify header information - headers already sent by (output started at C:\Users\Jay\AppData\Local\Temp\opencode\smoke10_photos.php:16) in C:\xampp\htdocs\malumere\wp-content\plugins\ma-lumiere-clinic-manager\includes\class-photo-repository.php on line 274
[23-Sep-2026 10:16:11 UTC] PHP Warning:  Undefined variable $summary_c in C:\xampp\htdocs\malumere\wp-content\plugins\ma-lumiere-clinic-manager\admin\views\patient-view.php on line 317
[23-Sep-2026 10:16:11 UTC] PHP Warning:  foreach() argument must be of type array|object, null given in C:\xampp\htdocs\malumere\wp-content\plugins\ma-lumiere-clinic-manager\admin\views\patient-view.php on line 317
[23-Sep-2026 10:37:45 UTC] PHP Warning:  Undefined variable $ml_state in C:\xampp\htdocs\malumere\wp-content\plugins\ma-lumiere-clinic-manager\admin\views\billing.php on line 391
[23-Sep-2026 10:37:45 UTC] PHP Warning:  Trying to access array offset on value of type null in C:\xampp\htdocs\malumere\wp-content\plugins\ma-lumiere-clinic-manager\admin\views\billing.php on line 391
[23-Sep-2026 10:37:45 UTC] PHP Warning:  Trying to access array offset on value of type null in C:\xampp\htdocs\malumere\wp-content\plugins\ma-lumiere-clinic-manager\admin\views\billing.php on line 399
[23-Sep-2026 10:37:45 UTC] PHP Warning:  Trying to access array offset on value of type null in C:\xampp\htdocs\malumere\wp-content\plugins\ma-lumiere-clinic-manager\admin\views\billing.php on line 399
[23-Sep-2026 10:38:42 UTC] PHP Warning:  Undefined variable $ml_state in C:\xampp\htdocs\malumere\wp-content\plugins\ma-lumiere-clinic-manager\admin\views\billing.php on line 391
[23-Sep-2026 10:38:42 UTC] PHP Warning:  Trying to access array offset on value of type null in C:\xampp\htdocs\malumere\wp-content\plugins\ma-lumiere-clinic-manager\admin\views\billing.php on line 391
[23-Sep-2026 10:38:42 UTC] PHP Warning:  Trying to access array offset on value of type null in C:\xampp\htdocs\malumere\wp-content\plugins\ma-lumiere-clinic-manager\admin\views\billing.php on line 399
[23-Sep-2026 10:38:42 UTC] PHP Warning:  Trying to access array offset on value of type null in C:\xampp\htdocs\malumere\wp-content\plugins\ma-lumiere-clinic-manager\admin\views\billing.php on line 399
[23-Sep-2026 10:39:05 UTC] PHP Notice:  Function WP_Icon_Collections_Registry::register was called <strong>incorrectly</strong>. Icon collection is already registered. Please see <a href="https://developer.wordpress.org/advanced-administration/debug/debug-wordpress/">Debugging in WordPress</a> for more information. (This message was added in version 7.1.0.) in C:\xampp\htdocs\malumere\wp-includes\functions.php on line 6260
[23-Sep-2026 10:39:05 UTC] PHP Notice:  Function WP_Font_Library::register_font_collection was called <strong>incorrectly</strong>. Font collection with slug: "google-fonts" is already registered. Please see <a href="https://developer.wordpress.org/advanced-administration/debug/debug-wordpress/">Debugging in WordPress</a> for more information. (This message was added in version 6.5.0.) in C:\xampp\htdocs\malumere\wp-includes\functions.php on line 6260
[23-Sep-2026 10:39:05 UTC] PHP Notice:  Function WP_Icons_Registry::register was called <strong>incorrectly</strong>. Icon is already registered. Please see <a href="https://developer.wordpress.org/advanced-administration/debug/debug-wordpress/">Debugging in WordPress</a> for more information. (This message was added in version 7.1.0.) in C:\xampp\htdocs\malumere\wp-includes\functions.php on line 6260
[23-Sep-2026 10:39:05 UTC] PHP Notice:  Function WP_Icons_Registry::register was called <strong>incorrectly</strong>. Icon is already registered. Please see <a href="https://developer.wordpress.org/advanced-administration/debug/debug-wordpress/">Debugging in WordPress</a> for more information. (This message was added in version 7.1.0.) in C:\xampp\htdocs\malumere\wp-includes\functions.php on line 6260
[23-Sep-2026 10:39:05 UTC] PHP Notice:  Function WP_Icons_Registry::register was called <strong>incorrectly</strong>. Icon is already registered. Please see <a href="https://developer.wordpress.org/advanced-administration/debug/debug-wordpress/">Debugging in WordPress</a> for more information. (This message was added in version 7.1.0.) in C:\xampp\htdocs\malumere\wp-includes\functions.php on line 6260
[23-Sep-2026 10:39:05 UTC] PHP Notice:  Function WP_Icons_Registry::register was called <strong>incorrectly</strong>. Icon is already registered. Please see <a href="https://developer.wordpress.org/advanced-administration/debug/debug-wordpress/">Debugging in WordPress</a> for more information. (This message was added in version 7.1.0.) in C:\xampp\htdocs\malumere\wp-includes\functions.php on line 6260
[23-Sep-2026 10:39:05 UTC] PHP Notice:  Function WP_Icons_Registry::register was called <strong>incorrectly</strong>. Icon is already registered. Please see <a href="https://developer.wordpress.org/advanced-administration/debug/debug-wordpress/">Debugging in WordPress</a> for more information. (This message was added in version 7.1.0.) in C:\xampp\htdocs\malumere\wp-includes\functions.php on line 6260
[23-Sep-2026 10:39:05 UTC] PHP Notice:  Function WP_Icons_Registry::register was called <strong>incorrectly</strong>. Icon is already registered. Please see <a href="https://developer.wordpress.org/advanced-administration/debug/debug-wordpress/">Debugging in WordPress</a> for more information. (This message was added in version 7.1.0.) in C:\xampp\htdocs\malumere\wp-includes\functions.php on line 6260
[23-Sep-2026 10:39:05 UTC] PHP Notice:  Function WP_Icons_Registry::register was called <strong>incorrectly</strong>. Icon is already registered. Please see <a href="https://developer.wordpress.org/advanced-administration/debug/debug-wordpress/">Debugging in WordPress</a> for more information. (This message was added in version 7.1.0.) in C:\xampp\htdocs\malumere\wp-includes\functions.php on line 6260
[23-Sep-2026 10:39:05 UTC] PHP Notice:  Function WP_Icons_Registry::register was called <strong>incorrectly</strong>. Icon is already registered. Please see <a href="https://developer.wordpress.org/advanced-administration/debug/debug-wordpress/">Debugging in WordPress</a> for more information. (This message was added in version 7.1.0.) in C:\xampp\htdocs\malumere\wp-includes\functions.php on line 6260
[23-Sep-2026 10:39:05 UTC] PHP Notice:  Function WP_Icons_Registry::register was called <strong>incorrectly</strong>. Icon is already registered. Please see <a href="https://developer.wordpress.org/advanced-administration/debug/debug-wordpress/">Debugging in WordPress</a> for more information. (This message was added in version 7.1.0.) in C:\xampp\htdocs\malumere\wp-includes\functions.php on line 6260
[23-Sep-2026 10:39:05 UTC] PHP Notice:  Function WP_Icons_Registry::register was called <strong>incorrectly</strong>. Icon is already registered. Please see <a href="https://developer.wordpress.org/advanced-administration/debug/debug-wordpress/">Debugging in WordPress</a> for more information. (This message was added in version 7.1.0.) in C:\xampp\htdocs\malumere\wp-includes\functions.php on line 6260
[23-Sep-2026 10:39:05 UTC] PHP Notice:  Function WP_Icons_Registry::register was called <strong>incorrectly</strong>. Icon is already registered. Please see <a href="https://developer.wordpress.org/advanced-administration/debug/debug-wordpress/">Debugging in WordPress</a> for more information. (This message was added in version 7.1.0.) in C:\xampp\htdocs\malumere\wp-includes\functions.php on line 6260
[23-Sep-2026 10:39:05 UTC] PHP Notice:  Function WP_Icons_Registry::register was called <strong>incorrectly</strong>. Icon is already registered. Please see <a href="https://developer.wordpress.org/advanced-administration/debug/debug-wordpress/">Debugging in WordPress</a> for more information. (This message was added in version 7.1.0.) in C:\xampp\htdocs\malumere\wp-includes\functions.php on line 6260
[23-Sep-2026 10:39:05 UTC] PHP Notice:  Function WP_Icons_Registry::register was called <strong>incorrectly</strong>. Icon is already registered. Please see <a href="https://developer.wordpress.org/advanced-administration/debug/debug-wordpress/">Debugging in WordPress</a> for more information. (This message was added in version 7.1.0.) in C:\xampp\htdocs\malumere\wp-includes\functions.php on line 6260
[23-Sep-2026 10:39:05 UTC] PHP Notice:  Function WP_Icons_Registry::register was called <strong>incorrectly</strong>. Icon is already registered. Please see <a href="https://developer.wordpress.org/advanced-administration/debug/debug-wordpress/">Debugging in WordPress</a> for more information. (This message was added in version 7.1.0.) in C:\xampp\htdocs\malumere\wp-includes\functions.php on line 6260
[23-Sep-2026 10:39:05 UTC] PHP Notice:  Function WP_Icons_Registry::register was called <strong>incorrectly</strong>. Icon is already registered. Please see <a href="https://developer.wordpress.org/advanced-administration/debug/debug-wordpress/">Debugging in WordPress</a> for more information. (This message was added in version 7.1.0.) in C:\xampp\htdocs\malumere\wp-includes\functions.php on line 6260
[23-Sep-2026 10:39:05 UTC] PHP Notice:  Function WP_Icons_Registry::register was called <strong>incorrectly</strong>. Icon is already registered. Please see <a href="https://developer.wordpress.org/advanced-administration/debug/debug-wordpress/">Debugging in WordPress</a> for more information. (This message was added in version 7.1.0.) in C:\xampp\htdocs\malumere\wp-includes\functions.php on line 6260
[23-Sep-2026 10:39:05 UTC] PHP Notice:  Function WP_Icons_Registry::register was called <strong>incorrectly</strong>. Icon is already registered. Please see <a href="https://developer.wordpress.org/advanced-administration/debug/debug-wordpress/">Debugging in WordPress</a> for more information. (This message was added in version 7.1.0.) in C:\xampp\htdocs\malumere\wp-includes\functions.php on line 6260
[23-Sep-2026 10:39:05 UTC] PHP Notice:  Function WP_Icons_Registry::register was called <strong>incorrectly</strong>. Icon is already registered. Please see <a href="https://developer.wordpress.org/advanced-administration/debug/debug-wordpress/">Debugging in WordPress</a> for more information. (This message was added in version 7.1.0.) in C:\xampp\htdocs\malumere\wp-includes\functions.php on line 6260
[23-Sep-2026 10:39:05 UTC] PHP Notice:  Function WP_Icons_Registry::register was called <strong>incorrectly</strong>. Icon is already registered. Please see <a href="https://developer.wordpress.org/advanced-administration/debug/debug-wordpress/">Debugging in WordPress</a> for more information. (This message was added in version 7.1.0.) in C:\xampp\htdocs\malumere\wp-includes\functions.php on line 6260
[23-Sep-2026 10:39:05 UTC] PHP Notice:  Function WP_Icons_Registry::register was called <strong>incorrectly</strong>. Icon is already registered. Please see <a href="https://developer.wordpress.org/advanced-administration/debug/debug-wordpress/">Debugging in WordPress</a> for more information. (This message was added in version 7.1.0.) in C:\xampp\htdocs\malumere\wp-includes\functions.php on line 6260
[23-Sep-2026 10:39:05 UTC] PHP Notice:  Function WP_Icons_Registry::register was called <strong>incorrectly</strong>. Icon is already registered. Please see <a href="https://developer.wordpress.org/advanced-administration/debug/debug-wordpress/">Debugging in WordPress</a> for more information. (This message was added in version 7.1.0.) in C:\xampp\htdocs\malumere\wp-includes\functions.php on line 6260
[23-Sep-2026 10:39:05 UTC] PHP Notice:  Function WP_Icons_Registry::register was called <strong>incorrectly</strong>. Icon is already registered. Please see <a href="https://developer.wordpress.org/advanced-administration/debug/debug-wordpress/">Debugging in WordPress</a> for more information. (This message was added in version 7.1.0.) in C:\xampp\htdocs\malumere\wp-includes\functions.php on line 6260
[23-Sep-2026 10:39:05 UTC] PHP Notice:  Function WP_Icons_Registry::register was called <strong>incorrectly</strong>. Icon is already registered. Please see <a href="https://developer.wordpress.org/advanced-administration/debug/debug-wordpress/">Debugging in WordPress</a> for more information. (This message was added in version 7.1.0.) in C:\xampp\htdocs\malumere\wp-includes\functions.php on line 6260
[23-Sep-2026 10:39:05 UTC] PHP Notice:  Function WP_Icons_Registry::register was called <strong>incorrectly</strong>. Icon is already registered. Please see <a href="https://developer.wordpress.org/advanced-administration/debug/debug-wordpress/">Debugging in WordPress</a> for more information. (This message was added in version 7.1.0.) in C:\xampp\htdocs\malumere\wp-includes\functions.php on line 6260
[23-Sep-2026 10:39:05 UTC] PHP Notice:  Function WP_Icons_Registry::register was called <strong>incorrectly</strong>. Icon is already registered. Please see <a href="https://developer.wordpress.org/advanced-administration/debug/debug-wordpress/">Debugging in WordPress</a> for more information. (This message was added in version 7.1.0.) in C:\xampp\htdocs\malumere\wp-includes\functions.php on line 6260
[23-Sep-2026 10:39:05 UTC] PHP Notice:  Function WP_Icons_Registry::register was called <strong>incorrectly</strong>. Icon is already registered. Please see <a href="https://developer.wordpress.org/advanced-administration/debug/debug-wordpress/">Debugging in WordPress</a> for more information. (This message was added in version 7.1.0.) in C:\xampp\htdocs\malumere\wp-includes\functions.php on line 6260
[23-Sep-2026 10:39:05 UTC] PHP Notice:  Function WP_Icons_Registry::register was called <strong>incorrectly</strong>. Icon is already registered. Please see <a href="https://developer.wordpress.org/advanced-administration/debug/debug-wordpress/">Debugging in WordPress</a> for more information. (This message was added in version 7.1.0.) in C:\xampp\htdocs\malumere\wp-includes\functions.php on line 6260
[23-Sep-2026 10:39:05 UTC] PHP Notice:  Function WP_Icons_Registry::register was called <strong>incorrectly</strong>. Icon is already registered. Please see <a href="https://developer.wordpress.org/advanced-administration/debug/debug-wordpress/">Debugging in WordPress</a> for more information. (This message was added in version 7.1.0.) in C:\xampp\htdocs\malumere\wp-includes\functions.php on line 6260
[23-Sep-2026 10:39:05 UTC] PHP Notice:  Function WP_Icons_Registry::register was called <strong>incorrectly</strong>. Icon is already registered. Please see <a href="https://developer.wordpress.org/advanced-administration/debug/debug-wordpress/">Debugging in WordPress</a> for more information. (This message was added in version 7.1.0.) in C:\xampp\htdocs\malumere\wp-includes\functions.php on line 6260
[23-Sep-2026 10:39:05 UTC] PHP Notice:  Function WP_Icons_Registry::register was called <strong>incorrectly</strong>. Icon is already registered. Please see <a href="https://developer.wordpress.org/advanced-administration/debug/debug-wordpress/">Debugging in WordPress</a> for more information. (This message was added in version 7.1.0.) in C:\xampp\htdocs\malumere\wp-includes\functions.php on line 6260
[23-Sep-2026 10:39:05 UTC] PHP Notice:  Function WP_Icons_Registry::register was called <strong>incorrectly</strong>. Icon is already registered. Please see <a href="https://developer.wordpress.org/advanced-administration/debug/debug-wordpress/">Debugging in WordPress</a> for more information. (This message was added in version 7.1.0.) in C:\xampp\htdocs\malumere\wp-includes\functions.php on line 6260
[23-Sep-2026 10:39:05 UTC] PHP Notice:  Function WP_Icons_Registry::register was called <strong>incorrectly</strong>. Icon is already registered. Please see <a href="https://developer.wordpress.org/advanced-administration/debug/debug-wordpress/">Debugging in WordPress</a> for more information. (This message was added in version 7.1.0.) in C:\xampp\htdocs\malumere\wp-includes\functions.php on line 6260
[23-Sep-2026 10:39:05 UTC] PHP Notice:  Function WP_Icons_Registry::register was called <strong>incorrectly</strong>. Icon is already registered. Please see <a href="https://developer.wordpress.org/advanced-administration/debug/debug-wordpress/">Debugging in WordPress</a> for more information. (This message was added in version 7.1.0.) in C:\xampp\htdocs\malumere\wp-includes\functions.php on line 6260
[23-Sep-2026 10:39:05 UTC] PHP Notice:  Function WP_Icons_Registry::register was called <strong>incorrectly</strong>. Icon is already registered. Please see <a href="https://developer.wordpress.org/advanced-administration/debug/debug-wordpress/">Debugging in WordPress</a> for more information. (This message was added in version 7.1.0.) in C:\xampp\htdocs\malumere\wp-includes\functions.php on line 6260
[23-Sep-2026 10:39:05 UTC] PHP Notice:  Function WP_Icons_Registry::register was called <strong>incorrectly</strong>. Icon is already registered. Please see <a href="https://developer.wordpress.org/advanced-administration/debug/debug-wordpress/">Debugging in WordPress</a> for more information. (This message was added in version 7.1.0.) in C:\xampp\htdocs\malumere\wp-includes\functions.php on line 6260
[23-Sep-2026 10:39:05 UTC] PHP Notice:  Function WP_Icons_Registry::register was called <strong>incorrectly</strong>. Icon is already registered. Please see <a href="https://developer.wordpress.org/advanced-administration/debug/debug-wordpress/">Debugging in WordPress</a> for more information. (This message was added in version 7.1.0.) in C:\xampp\htdocs\malumere\wp-includes\functions.php on line 6260
[23-Sep-2026 10:39:05 UTC] PHP Notice:  Function WP_Icons_Registry::register was called <strong>incorrectly</strong>. Icon is already registered. Please see <a href="https://developer.wordpress.org/advanced-administration/debug/debug-wordpress/">Debugging in WordPress</a> for more information. (This message was added in version 7.1.0.) in C:\xampp\htdocs\malumere\wp-includes\functions.php on line 6260
[23-Sep-2026 10:39:05 UTC] PHP Notice:  Function WP_Icons_Registry::register was called <strong>incorrectly</strong>. Icon is already registered. Please see <a href="https://developer.wordpress.org/advanced-administration/debug/debug-wordpress/">Debugging in WordPress</a> for more information. (This message was added in version 7.1.0.) in C:\xampp\htdocs\malumere\wp-includes\functions.php on line 6260
[23-Sep-2026 10:39:05 UTC] PHP Notice:  Function WP_Icons_Registry::register was called <strong>incorrectly</strong>. Icon is already registered. Please see <a href="https://developer.wordpress.org/advanced-administration/debug/debug-wordpress/">Debugging in WordPress</a> for more information. (This message was added in version 7.1.0.) in C:\xampp\htdocs\malumere\wp-includes\functions.php on line 6260
[23-Sep-2026 10:39:05 UTC] PHP Notice:  Function WP_Icons_Registry::register was called <strong>incorrectly</strong>. Icon is already registered. Please see <a href="https://developer.wordpress.org/advanced-administration/debug/debug-wordpress/">Debugging in WordPress</a> for more information. (This message was added in version 7.1.0.) in C:\xampp\htdocs\malumere\wp-includes\functions.php on line 6260
[23-Sep-2026 10:39:05 UTC] PHP Notice:  Function WP_Icons_Registry::register was called <strong>incorrectly</strong>. Icon is already registered. Please see <a href="https://developer.wordpress.org/advanced-administration/debug/debug-wordpress/">Debugging in WordPress</a> for more information. (This message was added in version 7.1.0.) in C:\xampp\htdocs\malumere\wp-includes\functions.php on line 6260
[23-Sep-2026 10:39:05 UTC] PHP Notice:  Function WP_Icons_Registry::register was called <strong>incorrectly</strong>. Icon is already registered. Please see <a href="https://developer.wordpress.org/advanced-administration/debug/debug-wordpress/">Debugging in WordPress</a> for more information. (This message was added in version 7.1.0.) in C:\xampp\htdocs\malumere\wp-includes\functions.php on line 6260
[23-Sep-2026 10:39:05 UTC] PHP Notice:  Function WP_Icons_Registry::register was called <strong>incorrectly</strong>. Icon is already registered. Please see <a href="https://developer.wordpress.org/advanced-administration/debug/debug-wordpress/">Debugging in WordPress</a> for more information. (This message was added in version 7.1.0.) in C:\xampp\htdocs\malumere\wp-includes\functions.php on line 6260
[23-Sep-2026 10:39:05 UTC] PHP Notice:  Function WP_Icons_Registry::register was called <strong>incorrectly</strong>. Icon is already registered. Please see <a href="https://developer.wordpress.org/advanced-administration/debug/debug-wordpress/">Debugging in WordPress</a> for more information. (This message was added in version 7.1.0.) in C:\xampp\htdocs\malumere\wp-includes\functions.php on line 6260
[23-Sep-2026 10:39:05 UTC] PHP Notice:  Function WP_Icons_Registry::register was called <strong>incorrectly</strong>. Icon is already registered. Please see <a href="https://developer.wordpress.org/advanced-administration/debug/debug-wordpress/">Debugging in WordPress</a> for more information. (This message was added in version 7.1.0.) in C:\xampp\htdocs\malumere\wp-includes\functions.php on line 6260
[23-Sep-2026 10:39:05 UTC] PHP Notice:  Function WP_Icons_Registry::register was called <strong>incorrectly</strong>. Icon is already registered. Please see <a href="https://developer.wordpress.org/advanced-administration/debug/debug-wordpress/">Debugging in WordPress</a> for more information. (This message was added in version 7.1.0.) in C:\xampp\htdocs\malumere\wp-includes\functions.php on line 6260
[23-Sep-2026 10:39:05 UTC] PHP Notice:  Function WP_Icons_Registry::register was called <strong>incorrectly</strong>. Icon is already registered. Please see <a href="https://developer.wordpress.org/advanced-administration/debug/debug-wordpress/">Debugging in WordPress</a> for more information. (This message was added in version 7.1.0.) in C:\xampp\htdocs\malumere\wp-includes\functions.php on line 6260
[23-Sep-2026 10:39:05 UTC] PHP Notice:  Function WP_Icons_Registry::register was called <strong>incorrectly</strong>. Icon is already registered. Please see <a href="https://developer.wordpress.org/advanced-administration/debug/debug-wordpress/">Debugging in WordPress</a> for more information. (This message was added in version 7.1.0.) in C:\xampp\htdocs\malumere\wp-includes\functions.php on line 6260
[23-Sep-2026 10:39:05 UTC] PHP Notice:  Function WP_Icons_Registry::register was called <strong>incorrectly</strong>. Icon is already registered. Please see <a href="https://developer.wordpress.org/advanced-administration/debug/debug-wordpress/">Debugging in WordPress</a> for more information. (This message was added in version 7.1.0.) in C:\xampp\htdocs\malumere\wp-includes\functions.php on line 6260
[23-Sep-2026 10:39:05 UTC] PHP Notice:  Function WP_Icons_Registry::register was called <strong>incorrectly</strong>. Icon is already registered. Please see <a href="https://developer.wordpress.org/advanced-administration/debug/debug-wordpress/">Debugging in WordPress</a> for more information. (This message was added in version 7.1.0.) in C:\xampp\htdocs\malumere\wp-includes\functions.php on line 6260
[23-Sep-2026 10:39:05 UTC] PHP Notice:  Function WP_Icons_Registry::register was called <strong>incorrectly</strong>. Icon is already registered. Please see <a href="https://developer.wordpress.org/advanced-administration/debug/debug-wordpress/">Debugging in WordPress</a> for more information. (This message was added in version 7.1.0.) in C:\xampp\htdocs\malumere\wp-includes\functions.php on line 6260
[23-Sep-2026 10:39:05 UTC] PHP Notice:  Function WP_Icons_Registry::register was called <strong>incorrectly</strong>. Icon is already registered. Please see <a href="https://developer.wordpress.org/advanced-administration/debug/debug-wordpress/">Debugging in WordPress</a> for more information. (This message was added in version 7.1.0.) in C:\xampp\htdocs\malumere\wp-includes\functions.php on line 6260
[23-Sep-2026 10:39:05 UTC] PHP Notice:  Function WP_Icons_Registry::register was called <strong>incorrectly</strong>. Icon is already registered. Please see <a href="https://developer.wordpress.org/advanced-administration/debug/debug-wordpress/">Debugging in WordPress</a> for more information. (This message was added in version 7.1.0.) in C:\xampp\htdocs\malumere\wp-includes\functions.php on line 6260
[23-Sep-2026 10:39:05 UTC] PHP Notice:  Function WP_Icons_Registry::register was called <strong>incorrectly</strong>. Icon is already registered. Please see <a href="https://developer.wordpress.org/advanced-administration/debug/debug-wordpress/">Debugging in WordPress</a> for more information. (This message was added in version 7.1.0.) in C:\xampp\htdocs\malumere\wp-includes\functions.php on line 6260
[23-Sep-2026 10:39:05 UTC] PHP Notice:  Function WP_Icons_Registry::register was called <strong>incorrectly</strong>. Icon is already registered. Please see <a href="https://developer.wordpress.org/advanced-administration/debug/debug-wordpress/">Debugging in WordPress</a> for more information. (This message was added in version 7.1.0.) in C:\xampp\htdocs\malumere\wp-includes\functions.php on line 6260
[23-Sep-2026 10:39:05 UTC] PHP Notice:  Function WP_Icons_Registry::register was called <strong>incorrectly</strong>. Icon is already registered. Please see <a href="https://developer.wordpress.org/advanced-administration/debug/debug-wordpress/">Debugging in WordPress</a> for more information. (This message was added in version 7.1.0.) in C:\xampp\htdocs\malumere\wp-includes\functions.php on line 6260
[23-Sep-2026 10:39:05 UTC] PHP Notice:  Function WP_Icons_Registry::register was called <strong>incorrectly</strong>. Icon is already registered. Please see <a href="https://developer.wordpress.org/advanced-administration/debug/debug-wordpress/">Debugging in WordPress</a> for more information. (This message was added in version 7.1.0.) in C:\xampp\htdocs\malumere\wp-includes\functions.php on line 6260
[23-Sep-2026 10:39:05 UTC] PHP Notice:  Function WP_Icons_Registry::register was called <strong>incorrectly</strong>. Icon is already registered. Please see <a href="https://developer.wordpress.org/advanced-administration/debug/debug-wordpress/">Debugging in WordPress</a> for more information. (This message was added in version 7.1.0.) in C:\xampp\htdocs\malumere\wp-includes\functions.php on line 6260
[23-Sep-2026 10:39:05 UTC] PHP Notice:  Function WP_Icons_Registry::register was called <strong>incorrectly</strong>. Icon is already registered. Please see <a href="https://developer.wordpress.org/advanced-administration/debug/debug-wordpress/">Debugging in WordPress</a> for more information. (This message was added in version 7.1.0.) in C:\xampp\htdocs\malumere\wp-includes\functions.php on line 6260
[23-Sep-2026 10:39:05 UTC] PHP Notice:  Function WP_Icons_Registry::register was called <strong>incorrectly</strong>. Icon is already registered. Please see <a href="https://developer.wordpress.org/advanced-administration/debug/debug-wordpress/">Debugging in WordPress</a> for more information. (This message was added in version 7.1.0.) in C:\xampp\htdocs\malumere\wp-includes\functions.php on line 6260
[23-Sep-2026 10:39:05 UTC] PHP Notice:  Function WP_Icons_Registry::register was called <strong>incorrectly</strong>. Icon is already registered. Please see <a href="https://developer.wordpress.org/advanced-administration/debug/debug-wordpress/">Debugging in WordPress</a> for more information. (This message was added in version 7.1.0.) in C:\xampp\htdocs\malumere\wp-includes\functions.php on line 6260
[23-Sep-2026 10:39:05 UTC] PHP Notice:  Function WP_Icons_Registry::register was called <strong>incorrectly</strong>. Icon is already registered. Please see <a href="https://developer.wordpress.org/advanced-administration/debug/debug-wordpress/">Debugging in WordPress</a> for more information. (This message was added in version 7.1.0.) in C:\xampp\htdocs\malumere\wp-includes\functions.php on line 6260
[23-Sep-2026 10:39:05 UTC] PHP Notice:  Function WP_Icons_Registry::register was called <strong>incorrectly</strong>. Icon is already registered. Please see <a href="https://developer.wordpress.org/advanced-administration/debug/debug-wordpress/">Debugging in WordPress</a> for more information. (This message was added in version 7.1.0.) in C:\xampp\htdocs\malumere\wp-includes\functions.php on line 6260
[23-Sep-2026 10:39:05 UTC] PHP Notice:  Function WP_Icons_Registry::register was called <strong>incorrectly</strong>. Icon is already registered. Please see <a href="https://developer.wordpress.org/advanced-administration/debug/debug-wordpress/">Debugging in WordPress</a> for more information. (This message was added in version 7.1.0.) in C:\xampp\htdocs\malumere\wp-includes\functions.php on line 6260
[23-Sep-2026 10:39:05 UTC] PHP Notice:  Function WP_Icons_Registry::register was called <strong>incorrectly</strong>. Icon is already registered. Please see <a href="https://developer.wordpress.org/advanced-administration/debug/debug-wordpress/">Debugging in WordPress</a> for more information. (This message was added in version 7.1.0.) in C:\xampp\htdocs\malumere\wp-includes\functions.php on line 6260
[23-Sep-2026 10:39:05 UTC] PHP Notice:  Function WP_Icons_Registry::register was called <strong>incorrectly</strong>. Icon is already registered. Please see <a href="https://developer.wordpress.org/advanced-administration/debug/debug-wordpress/">Debugging in WordPress</a> for more information. (This message was added in version 7.1.0.) in C:\xampp\htdocs\malumere\wp-includes\functions.php on line 6260
[23-Sep-2026 10:39:05 UTC] PHP Notice:  Function WP_Icons_Registry::register was called <strong>incorrectly</strong>. Icon is already registered. Please see <a href="https://developer.wordpress.org/advanced-administration/debug/debug-wordpress/">Debugging in WordPress</a> for more information. (This message was added in version 7.1.0.) in C:\xampp\htdocs\malumere\wp-includes\functions.php on line 6260
[23-Sep-2026 10:39:05 UTC] PHP Notice:  Function WP_Icons_Registry::register was called <strong>incorrectly</strong>. Icon is already registered. Please see <a href="https://developer.wordpress.org/advanced-administration/debug/debug-wordpress/">Debugging in WordPress</a> for more information. (This message was added in version 7.1.0.) in C:\xampp\htdocs\malumere\wp-includes\functions.php on line 6260
[23-Sep-2026 10:39:05 UTC] PHP Notice:  Function WP_Icons_Registry::register was called <strong>incorrectly</strong>. Icon is already registered. Please see <a href="https://developer.wordpress.org/advanced-administration/debug/debug-wordpress/">Debugging in WordPress</a> for more information. (This message was added in version 7.1.0.) in C:\xampp\htdocs\malumere\wp-includes\functions.php on line 6260
[23-Sep-2026 10:39:05 UTC] PHP Notice:  Function WP_Icons_Registry::register was called <strong>incorrectly</strong>. Icon is already registered. Please see <a href="https://developer.wordpress.org/advanced-administration/debug/debug-wordpress/">Debugging in WordPress</a> for more information. (This message was added in version 7.1.0.) in C:\xampp\htdocs\malumere\wp-includes\functions.php on line 6260
[23-Sep-2026 10:39:05 UTC] PHP Notice:  Function WP_Icons_Registry::register was called <strong>incorrectly</strong>. Icon is already registered. Please see <a href="https://developer.wordpress.org/advanced-administration/debug/debug-wordpress/">Debugging in WordPress</a> for more information. (This message was added in version 7.1.0.) in C:\xampp\htdocs\malumere\wp-includes\functions.php on line 6260
[23-Sep-2026 10:39:05 UTC] PHP Notice:  Function WP_Icons_Registry::register was called <strong>incorrectly</strong>. Icon is already registered. Please see <a href="https://developer.wordpress.org/advanced-administration/debug/debug-wordpress/">Debugging in WordPress</a> for more information. (This message was added in version 7.1.0.) in C:\xampp\htdocs\malumere\wp-includes\functions.php on line 6260
[23-Sep-2026 10:39:05 UTC] PHP Notice:  Function WP_Icons_Registry::register was called <strong>incorrectly</strong>. Icon is already registered. Please see <a href="https://developer.wordpress.org/advanced-administration/debug/debug-wordpress/">Debugging in WordPress</a> for more information. (This message was added in version 7.1.0.) in C:\xampp\htdocs\malumere\wp-includes\functions.php on line 6260
[23-Sep-2026 10:39:05 UTC] PHP Notice:  Function WP_Icons_Registry::register was called <strong>incorrectly</strong>. Icon is already registered. Please see <a href="https://developer.wordpress.org/advanced-administration/debug/debug-wordpress/">Debugging in WordPress</a> for more information. (This message was added in version 7.1.0.) in C:\xampp\htdocs\malumere\wp-includes\functions.php on line 6260
[23-Sep-2026 10:39:05 UTC] PHP Notice:  Function WP_Icons_Registry::register was called <strong>incorrectly</strong>. Icon is already registered. Please see <a href="https://developer.wordpress.org/advanced-administration/debug/debug-wordpress/">Debugging in WordPress</a> for more information. (This message was added in version 7.1.0.) in C:\xampp\htdocs\malumere\wp-includes\functions.php on line 6260
[23-Sep-2026 10:39:05 UTC] PHP Notice:  Function WP_Icons_Registry::register was called <strong>incorrectly</strong>. Icon is already registered. Please see <a href="https://developer.wordpress.org/advanced-administration/debug/debug-wordpress/">Debugging in WordPress</a> for more information. (This message was added in version 7.1.0.) in C:\xampp\htdocs\malumere\wp-includes\functions.php on line 6260
[23-Sep-2026 10:39:05 UTC] PHP Notice:  Function WP_Icons_Registry::register was called <strong>incorrectly</strong>. Icon is already registered. Please see <a href="https://developer.wordpress.org/advanced-administration/debug/debug-wordpress/">Debugging in WordPress</a> for more information. (This message was added in version 7.1.0.) in C:\xampp\htdocs\malumere\wp-includes\functions.php on line 6260
[23-Sep-2026 10:39:05 UTC] PHP Notice:  Function WP_Icons_Registry::register was called <strong>incorrectly</strong>. Icon is already registered. Please see <a href="https://developer.wordpress.org/advanced-administration/debug/debug-wordpress/">Debugging in WordPress</a> for more information. (This message was added in version 7.1.0.) in C:\xampp\htdocs\malumere\wp-includes\functions.php on line 6260
[23-Sep-2026 10:39:05 UTC] PHP Notice:  Function WP_Icons_Registry::register was called <strong>incorrectly</strong>. Icon is already registered. Please see <a href="https://developer.wordpress.org/advanced-administration/debug/debug-wordpress/">Debugging in WordPress</a> for more information. (This message was added in version 7.1.0.) in C:\xampp\htdocs\malumere\wp-includes\functions.php on line 6260
[23-Sep-2026 10:39:05 UTC] PHP Notice:  Function WP_Icons_Registry::register was called <strong>incorrectly</strong>. Icon is already registered. Please see <a href="https://developer.wordpress.org/advanced-administration/debug/debug-wordpress/">Debugging in WordPress</a> for more information. (This message was added in version 7.1.0.) in C:\xampp\htdocs\malumere\wp-includes\functions.php on line 6260
[23-Sep-2026 10:39:05 UTC] PHP Notice:  Function WP_Icons_Registry::register was called <strong>incorrectly</strong>. Icon is already registered. Please see <a href="https://developer.wordpress.org/advanced-administration/debug/debug-wordpress/">Debugging in WordPress</a> for more information. (This message was added in version 7.1.0.) in C:\xampp\htdocs\malumere\wp-includes\functions.php on line 6260
[23-Sep-2026 10:39:05 UTC] PHP Notice:  Function WP_Icons_Registry::register was called <strong>incorrectly</strong>. Icon is already registered. Please see <a href="https://developer.wordpress.org/advanced-administration/debug/debug-wordpress/">Debugging in WordPress</a> for more information. (This message was added in version 7.1.0.) in C:\xampp\htdocs\malumere\wp-includes\functions.php on line 6260
[23-Sep-2026 10:39:05 UTC] PHP Notice:  Function WP_Icons_Registry::register was called <strong>incorrectly</strong>. Icon is already registered. Please see <a href="https://developer.wordpress.org/advanced-administration/debug/debug-wordpress/">Debugging in WordPress</a> for more information. (This message was added in version 7.1.0.) in C:\xampp\htdocs\malumere\wp-includes\functions.php on line 6260
[23-Sep-2026 10:39:05 UTC] PHP Notice:  Function WP_Icons_Registry::register was called <strong>incorrectly</strong>. Icon is already registered. Please see <a href="https://developer.wordpress.org/advanced-administration/debug/debug-wordpress/">Debugging in WordPress</a> for more information. (This message was added in version 7.1.0.) in C:\xampp\htdocs\malumere\wp-includes\functions.php on line 6260
[23-Sep-2026 10:39:05 UTC] PHP Notice:  Function WP_Icons_Registry::register was called <strong>incorrectly</strong>. Icon is already registered. Please see <a href="https://developer.wordpress.org/advanced-administration/debug/debug-wordpress/">Debugging in WordPress</a> for more information. (This message was added in version 7.1.0.) in C:\xampp\htdocs\malumere\wp-includes\functions.php on line 6260
[23-Sep-2026 10:39:05 UTC] PHP Notice:  Function WP_Icons_Registry::register was called <strong>incorrectly</strong>. Icon is already registered. Please see <a href="https://developer.wordpress.org/advanced-administration/debug/debug-wordpress/">Debugging in WordPress</a> for more information. (This message was added in version 7.1.0.) in C:\xampp\htdocs\malumere\wp-includes\functions.php on line 6260
[23-Sep-2026 10:39:05 UTC] PHP Notice:  Function WP_Icons_Registry::register was called <strong>incorrectly</strong>. Icon is already registered. Please see <a href="https://developer.wordpress.org/advanced-administration/debug/debug-wordpress/">Debugging in WordPress</a> for more information. (This message was added in version 7.1.0.) in C:\xampp\htdocs\malumere\wp-includes\functions.php on line 6260
[23-Sep-2026 10:39:05 UTC] PHP Notice:  Function WP_Icons_Registry::register was called <strong>incorrectly</strong>. Icon is already registered. Please see <a href="https://developer.wordpress.org/advanced-administration/debug/debug-wordpress/">Debugging in WordPress</a> for more information. (This message was added in version 7.1.0.) in C:\xampp\htdocs\malumere\wp-includes\functions.php on line 6260
[23-Sep-2026 10:39:05 UTC] PHP Notice:  Function WP_Block_Bindings_Registry::register was called <strong>incorrectly</strong>. Block bindings source "core/pattern-overrides" already registered. Please see <a href="https://developer.wordpress.org/advanced-administration/debug/debug-wordpress/">Debugging in WordPress</a> for more information. (This message was added in version 6.5.0.) in C:\xampp\htdocs\malumere\wp-includes\functions.php on line 6260
[23-Sep-2026 10:39:05 UTC] PHP Notice:  Function WP_Block_Bindings_Registry::register was called <strong>incorrectly</strong>. Block bindings source "core/post-data" already registered. Please see <a href="https://developer.wordpress.org/advanced-administration/debug/debug-wordpress/">Debugging in WordPress</a> for more information. (This message was added in version 6.5.0.) in C:\xampp\htdocs\malumere\wp-includes\functions.php on line 6260
[23-Sep-2026 10:39:05 UTC] PHP Notice:  Function WP_Block_Bindings_Registry::register was called <strong>incorrectly</strong>. Block bindings source "core/post-meta" already registered. Please see <a href="https://developer.wordpress.org/advanced-administration/debug/debug-wordpress/">Debugging in WordPress</a> for more information. (This message was added in version 6.5.0.) in C:\xampp\htdocs\malumere\wp-includes\functions.php on line 6260
[23-Sep-2026 10:39:05 UTC] PHP Notice:  Function WP_Block_Type_Registry::register was called <strong>incorrectly</strong>. Block type "core/legacy-widget" is already registered. Please see <a href="https://developer.wordpress.org/advanced-administration/debug/debug-wordpress/">Debugging in WordPress</a> for more information. (This message was added in version 5.0.0.) in C:\xampp\htdocs\malumere\wp-includes\functions.php on line 6260
[23-Sep-2026 10:39:05 UTC] PHP Notice:  Function WP_Block_Type_Registry::register was called <strong>incorrectly</strong>. Block type "core/widget-group" is already registered. Please see <a href="https://developer.wordpress.org/advanced-administration/debug/debug-wordpress/">Debugging in WordPress</a> for more information. (This message was added in version 5.0.0.) in C:\xampp\htdocs\malumere\wp-includes\functions.php on line 6260
[23-Sep-2026 10:39:05 UTC] PHP Notice:  Function WP_Block_Type_Registry::register was called <strong>incorrectly</strong>. Block type "core/accordion" is already registered. Please see <a href="https://developer.wordpress.org/advanced-administration/debug/debug-wordpress/">Debugging in WordPress</a> for more information. (This message was added in version 5.0.0.) in C:\xampp\htdocs\malumere\wp-includes\functions.php on line 6260
[23-Sep-2026 10:39:05 UTC] PHP Notice:  Function WP_Block_Type_Registry::register was called <strong>incorrectly</strong>. Block type "core/accordion-item" is already registered. Please see <a href="https://developer.wordpress.org/advanced-administration/debug/debug-wordpress/">Debugging in WordPress</a> for more information. (This message was added in version 5.0.0.) in C:\xampp\htdocs\malumere\wp-includes\functions.php on line 6260
[23-Sep-2026 10:39:05 UTC] PHP Notice:  Function WP_Block_Type_Registry::register was called <strong>incorrectly</strong>. Block type "core/archives" is already registered. Please see <a href="https://developer.wordpress.org/advanced-administration/debug/debug-wordpress/">Debugging in WordPress</a> for more information. (This message was added in version 5.0.0.) in C:\xampp\htdocs\malumere\wp-includes\functions.php on line 6260
[23-Sep-2026 10:39:05 UTC] PHP Notice:  Function WP_Block_Type_Registry::register was called <strong>incorrectly</strong>. Block type "core/avatar" is already registered. Please see <a href="https://developer.wordpress.org/advanced-administration/debug/debug-wordpress/">Debugging in WordPress</a> for more information. (This message was added in version 5.0.0.) in C:\xampp\htdocs\malumere\wp-includes\functions.php on line 6260
[23-Sep-2026 10:39:05 UTC] PHP Notice:  Function WP_Block_Type_Registry::register was called <strong>incorrectly</strong>. Block type "core/block" is already registered. Please see <a href="https://developer.wordpress.org/advanced-administration/debug/debug-wordpress/">Debugging in WordPress</a> for more information. (This message was added in version 5.0.0.) in C:\xampp\htdocs\malumere\wp-includes\functions.php on line 6260
[23-Sep-2026 10:39:05 UTC] PHP Notice:  Function WP_Block_Type_Registry::register was called <strong>incorrectly</strong>. Block type "core/breadcrumbs" is already registered. Please see <a href="https://developer.wordpress.org/advanced-administration/debug/debug-wordpress/">Debugging in WordPress</a> for more information. (This message was added in version 5.0.0.) in C:\xampp\htdocs\malumere\wp-includes\functions.php on line 6260
[23-Sep-2026 10:39:05 UTC] PHP Notice:  Function WP_Block_Type_Registry::register was called <strong>incorrectly</strong>. Block type "core/button" is already registered. Please see <a href="https://developer.wordpress.org/advanced-administration/debug/debug-wordpress/">Debugging in WordPress</a> for more information. (This message was added in version 5.0.0.) in C:\xampp\htdocs\malumere\wp-includes\functions.php on line 6260
[23-Sep-2026 10:39:05 UTC] PHP Notice:  Function WP_Block_Type_Registry::register was called <strong>incorrectly</strong>. Block type "core/calendar" is already registered. Please see <a href="https://developer.wordpress.org/advanced-administration/debug/debug-wordpress/">Debugging in WordPress</a> for more information. (This message was added in version 5.0.0.) in C:\xampp\htdocs\malumere\wp-includes\functions.php on line 6260
[23-Sep-2026 10:39:05 UTC] PHP Notice:  Function WP_Block_Type_Registry::register was called <strong>incorrectly</strong>. Block type "core/categories" is already registered. Please see <a href="https://developer.wordpress.org/advanced-administration/debug/debug-wordpress/">Debugging in WordPress</a> for more information. (This message was added in version 5.0.0.) in C:\xampp\htdocs\malumere\wp-includes\functions.php on line 6260
[23-Sep-2026 10:39:05 UTC] PHP Notice:  Function WP_Block_Type_Registry::register was called <strong>incorrectly</strong>. Block type "core/comment-author-name" is already registered. Please see <a href="https://developer.wordpress.org/advanced-administration/debug/debug-wordpress/">Debugging in WordPress</a> for more information. (This message was added in version 5.0.0.) in C:\xampp\htdocs\malumere\wp-includes\functions.php on line 6260
[23-Sep-2026 10:39:05 UTC] PHP Notice:  Function WP_Block_Type_Registry::register was called <strong>incorrectly</strong>. Block type "core/comment-content" is already registered. Please see <a href="https://developer.wordpress.org/advanced-administration/debug/debug-wordpress/">Debugging in WordPress</a> for more information. (This message was added in version 5.0.0.) in C:\xampp\htdocs\malumere\wp-includes\functions.php on line 6260
[23-Sep-2026 10:39:05 UTC] PHP Notice:  Function WP_Block_Type_Registry::register was called <strong>incorrectly</strong>. Block type "core/comment-date" is already registered. Please see <a href="https://developer.wordpress.org/advanced-administration/debug/debug-wordpress/">Debugging in WordPress</a> for more information. (This message was added in version 5.0.0.) in C:\xampp\htdocs\malumere\wp-includes\functions.php on line 6260
[23-Sep-2026 10:39:05 UTC] PHP Notice:  Function WP_Block_Type_Registry::register was called <strong>incorrectly</strong>. Block type "core/comment-edit-link" is already registered. Please see <a href="https://developer.wordpress.org/advanced-administration/debug/debug-wordpress/">Debugging in WordPress</a> for more information. (This message was added in version 5.0.0.) in C:\xampp\htdocs\malumere\wp-includes\functions.php on line 6260
[23-Sep-2026 10:39:05 UTC] PHP Notice:  Function WP_Block_Type_Registry::register was called <strong>incorrectly</strong>. Block type "core/comment-reply-link" is already registered. Please see <a href="https://developer.wordpress.org/advanced-administration/debug/debug-wordpress/">Debugging in WordPress</a> for more information. (This message was added in version 5.0.0.) in C:\xampp\htdocs\malumere\wp-includes\functions.php on line 6260
[23-Sep-2026 10:39:05 UTC] PHP Notice:  Function WP_Block_Type_Registry::register was called <strong>incorrectly</strong>. Block type "core/comment-template" is already registered. Please see <a href="https://developer.wordpress.org/advanced-administration/debug/debug-wordpress/">Debugging in WordPress</a> for more information. (This message was added in version 5.0.0.) in C:\xampp\htdocs\malumere\wp-includes\functions.php on line 6260
[23-Sep-2026 10:39:05 UTC] PHP Notice:  Function WP_Block_Type_Registry::register was called <strong>incorrectly</strong>. Block type "core/comments" is already registered. Please see <a href="https://developer.wordpress.org/advanced-administration/debug/debug-wordpress/">Debugging in WordPress</a> for more information. (This message was added in version 5.0.0.) in C:\xampp\htdocs\malumere\wp-includes\functions.php on line 6260
[23-Sep-2026 10:39:05 UTC] PHP Notice:  Function WP_Block_Type_Registry::register was called <strong>incorrectly</strong>. Block type "core/comments-pagination" is already registered. Please see <a href="https://developer.wordpress.org/advanced-administration/debug/debug-wordpress/">Debugging in WordPress</a> for more information. (This message was added in version 5.0.0.) in C:\xampp\htdocs\malumere\wp-includes\functions.php on line 6260
[23-Sep-2026 10:39:05 UTC] PHP Notice:  Function WP_Block_Type_Registry::register was called <strong>incorrectly</strong>. Block type "core/comments-pagination-next" is already registered. Please see <a href="https://developer.wordpress.org/advanced-administration/debug/debug-wordpress/">Debugging in WordPress</a> for more information. (This message was added in version 5.0.0.) in C:\xampp\htdocs\malumere\wp-includes\functions.php on line 6260
[23-Sep-2026 10:39:05 UTC] PHP Notice:  Function WP_Block_Type_Registry::register was called <strong>incorrectly</strong>. Block type "core/comments-pagination-numbers" is already registered. Please see <a href="https://developer.wordpress.org/advanced-administration/debug/debug-wordpress/">Debugging in WordPress</a> for more information. (This message was added in version 5.0.0.) in C:\xampp\htdocs\malumere\wp-includes\functions.php on line 6260
[23-Sep-2026 10:39:05 UTC] PHP Notice:  Function WP_Block_Type_Registry::register was called <strong>incorrectly</strong>. Block type "core/comments-pagination-previous" is already registered. Please see <a href="https://developer.wordpress.org/advanced-administration/debug/debug-wordpress/">Debugging in WordPress</a> for more information. (This message was added in version 5.0.0.) in C:\xampp\htdocs\malumere\wp-includes\functions.php on line 6260
[23-Sep-2026 10:39:05 UTC] PHP Notice:  Function WP_Block_Type_Registry::register was called <strong>incorrectly</strong>. Block type "core/comments-title" is already registered. Please see <a href="https://developer.wordpress.org/advanced-administration/debug/debug-wordpress/">Debugging in WordPress</a> for more information. (This message was added in version 5.0.0.) in C:\xampp\htdocs\malumere\wp-includes\functions.php on line 6260
[23-Sep-2026 10:39:05 UTC] PHP Notice:  Function WP_Block_Type_Registry::register was called <strong>incorrectly</strong>. Block type "core/cover" is already registered. Please see <a href="https://developer.wordpress.org/advanced-administration/debug/debug-wordpress/">Debugging in WordPress</a> for more information. (This message was added in version 5.0.0.) in C:\xampp\htdocs\malumere\wp-includes\functions.php on line 6260
[23-Sep-2026 10:39:05 UTC] PHP Notice:  Function WP_Block_Type_Registry::register was called <strong>incorrectly</strong>. Block type "core/details" is already registered. Please see <a href="https://developer.wordpress.org/advanced-administration/debug/debug-wordpress/">Debugging in WordPress</a> for more information. (This message was added in version 5.0.0.) in C:\xampp\htdocs\malumere\wp-includes\functions.php on line 6260
[23-Sep-2026 10:39:05 UTC] PHP Notice:  Function WP_Block_Type_Registry::register was called <strong>incorrectly</strong>. Block type "core/file" is already registered. Please see <a href="https://developer.wordpress.org/advanced-administration/debug/debug-wordpress/">Debugging in WordPress</a> for more information. (This message was added in version 5.0.0.) in C:\xampp\htdocs\malumere\wp-includes\functions.php on line 6260
[23-Sep-2026 10:39:05 UTC] PHP Notice:  Function WP_Block_Type_Registry::register was called <strong>incorrectly</strong>. Block type "core/footnotes" is already registered. Please see <a href="https://developer.wordpress.org/advanced-administration/debug/debug-wordpress/">Debugging in WordPress</a> for more information. (This message was added in version 5.0.0.) in C:\xampp\htdocs\malumere\wp-includes\functions.php on line 6260
[23-Sep-2026 10:39:05 UTC] PHP Notice:  Function WP_Block_Type_Registry::register was called <strong>incorrectly</strong>. Block type "core/gallery" is already registered. Please see <a href="https://developer.wordpress.org/advanced-administration/debug/debug-wordpress/">Debugging in WordPress</a> for more information. (This message was added in version 5.0.0.) in C:\xampp\htdocs\malumere\wp-includes\functions.php on line 6260
[23-Sep-2026 10:39:05 UTC] PHP Notice:  Function WP_Block_Type_Registry::register was called <strong>incorrectly</strong>. Block type "core/heading" is already registered. Please see <a href="https://developer.wordpress.org/advanced-administration/debug/debug-wordpress/">Debugging in WordPress</a> for more information. (This message was added in version 5.0.0.) in C:\xampp\htdocs\malumere\wp-includes\functions.php on line 6260
[23-Sep-2026 10:39:05 UTC] PHP Notice:  Function WP_Block_Type_Registry::register was called <strong>incorrectly</strong>. Block type "core/home-link" is already registered. Please see <a href="https://developer.wordpress.org/advanced-administration/debug/debug-wordpress/">Debugging in WordPress</a> for more information. (This message was added in version 5.0.0.) in C:\xampp\htdocs\malumere\wp-includes\functions.php on line 6260
[23-Sep-2026 10:39:05 UTC] PHP Notice:  Function WP_Block_Type_Registry::register was called <strong>incorrectly</strong>. Block type "core/icon" is already registered. Please see <a href="https://developer.wordpress.org/advanced-administration/debug/debug-wordpress/">Debugging in WordPress</a> for more information. (This message was added in version 5.0.0.) in C:\xampp\htdocs\malumere\wp-includes\functions.php on line 6260
[23-Sep-2026 10:39:05 UTC] PHP Notice:  Function WP_Block_Type_Registry::register was called <strong>incorrectly</strong>. Block type "core/image" is already registered. Please see <a href="https://developer.wordpress.org/advanced-administration/debug/debug-wordpress/">Debugging in WordPress</a> for more information. (This message was added in version 5.0.0.) in C:\xampp\htdocs\malumere\wp-includes\functions.php on line 6260
[23-Sep-2026 10:39:05 UTC] PHP Notice:  Function WP_Block_Type_Registry::register was called <strong>incorrectly</strong>. Block type "core/latest-comments" is already registered. Please see <a href="https://developer.wordpress.org/advanced-administration/debug/debug-wordpress/">Debugging in WordPress</a> for more information. (This message was added in version 5.0.0.) in C:\xampp\htdocs\malumere\wp-includes\functions.php on line 6260
[23-Sep-2026 10:39:05 UTC] PHP Notice:  Function WP_Block_Type_Registry::register was called <strong>incorrectly</strong>. Block type "core/latest-posts" is already registered. Please see <a href="https://developer.wordpress.org/advanced-administration/debug/debug-wordpress/">Debugging in WordPress</a> for more information. (This message was added in version 5.0.0.) in C:\xampp\htdocs\malumere\wp-includes\functions.php on line 6260
[23-Sep-2026 10:39:05 UTC] PHP Notice:  Function WP_Block_Type_Registry::register was called <strong>incorrectly</strong>. Block type "core/list" is already registered. Please see <a href="https://developer.wordpress.org/advanced-administration/debug/debug-wordpress/">Debugging in WordPress</a> for more information. (This message was added in version 5.0.0.) in C:\xampp\htdocs\malumere\wp-includes\functions.php on line 6260
[23-Sep-2026 10:39:05 UTC] PHP Notice:  Function WP_Block_Type_Registry::register was called <strong>incorrectly</strong>. Block type "core/loginout" is already registered. Please see <a href="https://developer.wordpress.org/advanced-administration/debug/debug-wordpress/">Debugging in WordPress</a> for more information. (This message was added in version 5.0.0.) in C:\xampp\htdocs\malumere\wp-includes\functions.php on line 6260
[23-Sep-2026 10:39:05 UTC] PHP Notice:  Function WP_Block_Type_Registry::register was called <strong>incorrectly</strong>. Block type "core/media-text" is already registered. Please see <a href="https://developer.wordpress.org/advanced-administration/debug/debug-wordpress/">Debugging in WordPress</a> for more information. (This message was added in version 5.0.0.) in C:\xampp\htdocs\malumere\wp-includes\functions.php on line 6260
[23-Sep-2026 10:39:05 UTC] PHP Notice:  Function WP_Block_Type_Registry::register was called <strong>incorrectly</strong>. Block type "core/navigation" is already registered. Please see <a href="https://developer.wordpress.org/advanced-administration/debug/debug-wordpress/">Debugging in WordPress</a> for more information. (This message was added in version 5.0.0.) in C:\xampp\htdocs\malumere\wp-includes\functions.php on line 6260
[23-Sep-2026 10:39:05 UTC] PHP Notice:  Function WP_Block_Type_Registry::register was called <strong>incorrectly</strong>. Block type "core/navigation-link" is already registered. Please see <a href="https://developer.wordpress.org/advanced-administration/debug/debug-wordpress/">Debugging in WordPress</a> for more information. (This message was added in version 5.0.0.) in C:\xampp\htdocs\malumere\wp-includes\functions.php on line 6260
[23-Sep-2026 10:39:05 UTC] PHP Notice:  Function WP_Block_Type_Registry::register was called <strong>incorrectly</strong>. Block type "core/navigation-overlay-close" is already registered. Please see <a href="https://developer.wordpress.org/advanced-administration/debug/debug-wordpress/">Debugging in WordPress</a> for more information. (This message was added in version 5.0.0.) in C:\xampp\htdocs\malumere\wp-includes\functions.php on line 6260
[23-Sep-2026 10:39:05 UTC] PHP Notice:  Function WP_Block_Type_Registry::register was called <strong>incorrectly</strong>. Block type "core/navigation-submenu" is already registered. Please see <a href="https://developer.wordpress.org/advanced-administration/debug/debug-wordpress/">Debugging in WordPress</a> for more information. (This message was added in version 5.0.0.) in C:\xampp\htdocs\malumere\wp-includes\functions.php on line 6260
[23-Sep-2026 10:39:05 UTC] PHP Notice:  Function WP_Block_Type_Registry::register was called <strong>incorrectly</strong>. Block type "core/page-list" is already registered. Please see <a href="https://developer.wordpress.org/advanced-administration/debug/debug-wordpress/">Debugging in WordPress</a> for more information. (This message was added in version 5.0.0.) in C:\xampp\htdocs\malumere\wp-includes\functions.php on line 6260
[23-Sep-2026 10:39:05 UTC] PHP Notice:  Function WP_Block_Type_Registry::register was called <strong>incorrectly</strong>. Block type "core/page-list-item" is already registered. Please see <a href="https://developer.wordpress.org/advanced-administration/debug/debug-wordpress/">Debugging in WordPress</a> for more information. (This message was added in version 5.0.0.) in C:\xampp\htdocs\malumere\wp-includes\functions.php on line 6260
[23-Sep-2026 10:39:05 UTC] PHP Notice:  Function WP_Block_Type_Registry::register was called <strong>incorrectly</strong>. Block type "core/paragraph" is already registered. Please see <a href="https://developer.wordpress.org/advanced-administration/debug/debug-wordpress/">Debugging in WordPress</a> for more information. (This message was added in version 5.0.0.) in C:\xampp\htdocs\malumere\wp-includes\functions.php on line 6260
[23-Sep-2026 10:39:05 UTC] PHP Notice:  Function WP_Block_Type_Registry::register was called <strong>incorrectly</strong>. Block type "core/pattern" is already registered. Please see <a href="https://developer.wordpress.org/advanced-administration/debug/debug-wordpress/">Debugging in WordPress</a> for more information. (This message was added in version 5.0.0.) in C:\xampp\htdocs\malumere\wp-includes\functions.php on line 6260
[23-Sep-2026 10:39:05 UTC] PHP Notice:  Function WP_Block_Type_Registry::register was called <strong>incorrectly</strong>. Block type "core/playlist" is already registered. Please see <a href="https://developer.wordpress.org/advanced-administration/debug/debug-wordpress/">Debugging in WordPress</a> for more information. (This message was added in version 5.0.0.) in C:\xampp\htdocs\malumere\wp-includes\functions.php on line 6260
[23-Sep-2026 10:39:05 UTC] PHP Notice:  Function WP_Block_Type_Registry::register was called <strong>incorrectly</strong>. Block type "core/playlist-track" is already registered. Please see <a href="https://developer.wordpress.org/advanced-administration/debug/debug-wordpress/">Debugging in WordPress</a> for more information. (This message was added in version 5.0.0.) in C:\xampp\htdocs\malumere\wp-includes\functions.php on line 6260
[23-Sep-2026 10:39:05 UTC] PHP Notice:  Function WP_Block_Type_Registry::register was called <strong>incorrectly</strong>. Block type "core/post-author" is already registered. Please see <a href="https://developer.wordpress.org/advanced-administration/debug/debug-wordpress/">Debugging in WordPress</a> for more information. (This message was added in version 5.0.0.) in C:\xampp\htdocs\malumere\wp-includes\functions.php on line 6260
[23-Sep-2026 10:39:05 UTC] PHP Notice:  Function WP_Block_Type_Registry::register was called <strong>incorrectly</strong>. Block type "core/post-author-biography" is already registered. Please see <a href="https://developer.wordpress.org/advanced-administration/debug/debug-wordpress/">Debugging in WordPress</a> for more information. (This message was added in version 5.0.0.) in C:\xampp\htdocs\malumere\wp-includes\functions.php on line 6260
[23-Sep-2026 10:39:05 UTC] PHP Notice:  Function WP_Block_Type_Registry::register was called <strong>incorrectly</strong>. Block type "core/post-author-name" is already registered. Please see <a href="https://developer.wordpress.org/advanced-administration/debug/debug-wordpress/">Debugging in WordPress</a> for more information. (This message was added in version 5.0.0.) in C:\xampp\htdocs\malumere\wp-includes\functions.php on line 6260
[23-Sep-2026 10:39:05 UTC] PHP Notice:  Function WP_Block_Type_Registry::register was called <strong>incorrectly</strong>. Block type "core/post-comments-count" is already registered. Please see <a href="https://developer.wordpress.org/advanced-administration/debug/debug-wordpress/">Debugging in WordPress</a> for more information. (This message was added in version 5.0.0.) in C:\xampp\htdocs\malumere\wp-includes\functions.php on line 6260
[23-Sep-2026 10:39:05 UTC] PHP Notice:  Function WP_Block_Type_Registry::register was called <strong>incorrectly</strong>. Block type "core/post-comments-form" is already registered. Please see <a href="https://developer.wordpress.org/advanced-administration/debug/debug-wordpress/">Debugging in WordPress</a> for more information. (This message was added in version 5.0.0.) in C:\xampp\htdocs\malumere\wp-includes\functions.php on line 6260
[23-Sep-2026 10:39:05 UTC] PHP Notice:  Function WP_Block_Type_Registry::register was called <strong>incorrectly</strong>. Block type "core/post-comments-link" is already registered. Please see <a href="https://developer.wordpress.org/advanced-administration/debug/debug-wordpress/">Debugging in WordPress</a> for more information. (This message was added in version 5.0.0.) in C:\xampp\htdocs\malumere\wp-includes\functions.php on line 6260
[23-Sep-2026 10:39:05 UTC] PHP Notice:  Function WP_Block_Type_Registry::register was called <strong>incorrectly</strong>. Block type "core/post-content" is already registered. Please see <a href="https://developer.wordpress.org/advanced-administration/debug/debug-wordpress/">Debugging in WordPress</a> for more information. (This message was added in version 5.0.0.) in C:\xampp\htdocs\malumere\wp-includes\functions.php on line 6260
[23-Sep-2026 10:39:05 UTC] PHP Notice:  Function WP_Block_Type_Registry::register was called <strong>incorrectly</strong>. Block type "core/post-date" is already registered. Please see <a href="https://developer.wordpress.org/advanced-administration/debug/debug-wordpress/">Debugging in WordPress</a> for more information. (This message was added in version 5.0.0.) in C:\xampp\htdocs\malumere\wp-includes\functions.php on line 6260
[23-Sep-2026 10:39:05 UTC] PHP Notice:  Function WP_Block_Type_Registry::register was called <strong>incorrectly</strong>. Block type "core/post-excerpt" is already registered. Please see <a href="https://developer.wordpress.org/advanced-administration/debug/debug-wordpress/">Debugging in WordPress</a> for more information. (This message was added in version 5.0.0.) in C:\xampp\htdocs\malumere\wp-includes\functions.php on line 6260
[23-Sep-2026 10:39:05 UTC] PHP Notice:  Function WP_Block_Type_Registry::register was called <strong>incorrectly</strong>. Block type "core/post-featured-image" is already registered. Please see <a href="https://developer.wordpress.org/advanced-administration/debug/debug-wordpress/">Debugging in WordPress</a> for more information. (This message was added in version 5.0.0.) in C:\xampp\htdocs\malumere\wp-includes\functions.php on line 6260
[23-Sep-2026 10:39:05 UTC] PHP Notice:  Function WP_Block_Type_Registry::register was called <strong>incorrectly</strong>. Block type "core/post-navigation-link" is already registered. Please see <a href="https://developer.wordpress.org/advanced-administration/debug/debug-wordpress/">Debugging in WordPress</a> for more information. (This message was added in version 5.0.0.) in C:\xampp\htdocs\malumere\wp-includes\functions.php on line 6260
[23-Sep-2026 10:39:05 UTC] PHP Notice:  Function WP_Block_Type_Registry::register was called <strong>incorrectly</strong>. Block type "core/post-template" is already registered. Please see <a href="https://developer.wordpress.org/advanced-administration/debug/debug-wordpress/">Debugging in WordPress</a> for more information. (This message was added in version 5.0.0.) in C:\xampp\htdocs\malumere\wp-includes\functions.php on line 6260
[23-Sep-2026 10:39:05 UTC] PHP Notice:  Function WP_Block_Type_Registry::register was called <strong>incorrectly</strong>. Block type "core/post-terms" is already registered. Please see <a href="https://developer.wordpress.org/advanced-administration/debug/debug-wordpress/">Debugging in WordPress</a> for more information. (This message was added in version 5.0.0.) in C:\xampp\htdocs\malumere\wp-includes\functions.php on line 6260
[23-Sep-2026 10:39:05 UTC] PHP Notice:  Function WP_Block_Type_Registry::register was called <strong>incorrectly</strong>. Block type "core/post-time-to-read" is already registered. Please see <a href="https://developer.wordpress.org/advanced-administration/debug/debug-wordpress/">Debugging in WordPress</a> for more information. (This message was added in version 5.0.0.) in C:\xampp\htdocs\malumere\wp-includes\functions.php on line 6260
[23-Sep-2026 10:39:05 UTC] PHP Notice:  Function WP_Block_Type_Registry::register was called <strong>incorrectly</strong>. Block type "core/post-title" is already registered. Please see <a href="https://developer.wordpress.org/advanced-administration/debug/debug-wordpress/">Debugging in WordPress</a> for more information. (This message was added in version 5.0.0.) in C:\xampp\htdocs\malumere\wp-includes\functions.php on line 6260
[23-Sep-2026 10:39:05 UTC] PHP Notice:  Function WP_Block_Type_Registry::register was called <strong>incorrectly</strong>. Block type "core/query" is already registered. Please see <a href="https://developer.wordpress.org/advanced-administration/debug/debug-wordpress/">Debugging in WordPress</a> for more information. (This message was added in version 5.0.0.) in C:\xampp\htdocs\malumere\wp-includes\functions.php on line 6260
[23-Sep-2026 10:39:05 UTC] PHP Notice:  Function WP_Block_Type_Registry::register was called <strong>incorrectly</strong>. Block type "core/query-no-results" is already registered. Please see <a href="https://developer.wordpress.org/advanced-administration/debug/debug-wordpress/">Debugging in WordPress</a> for more information. (This message was added in version 5.0.0.) in C:\xampp\htdocs\malumere\wp-includes\functions.php on line 6260
[23-Sep-2026 10:39:05 UTC] PHP Notice:  Function WP_Block_Type_Registry::register was called <strong>incorrectly</strong>. Block type "core/query-pagination" is already registered. Please see <a href="https://developer.wordpress.org/advanced-administration/debug/debug-wordpress/">Debugging in WordPress</a> for more information. (This message was added in version 5.0.0.) in C:\xampp\htdocs\malumere\wp-includes\functions.php on line 6260
[23-Sep-2026 10:39:05 UTC] PHP Notice:  Function WP_Block_Type_Registry::register was called <strong>incorrectly</strong>. Block type "core/query-pagination-next" is already registered. Please see <a href="https://developer.wordpress.org/advanced-administration/debug/debug-wordpress/">Debugging in WordPress</a> for more information. (This message was added in version 5.0.0.) in C:\xampp\htdocs\malumere\wp-includes\functions.php on line 6260
[23-Sep-2026 10:39:05 UTC] PHP Notice:  Function WP_Block_Type_Registry::register was called <strong>incorrectly</strong>. Block type "core/query-pagination-numbers" is already registered. Please see <a href="https://developer.wordpress.org/advanced-administration/debug/debug-wordpress/">Debugging in WordPress</a> for more information. (This message was added in version 5.0.0.) in C:\xampp\htdocs\malumere\wp-includes\functions.php on line 6260
[23-Sep-2026 10:39:05 UTC] PHP Notice:  Function WP_Block_Type_Registry::register was called <strong>incorrectly</strong>. Block type "core/query-pagination-previous" is already registered. Please see <a href="https://developer.wordpress.org/advanced-administration/debug/debug-wordpress/">Debugging in WordPress</a> for more information. (This message was added in version 5.0.0.) in C:\xampp\htdocs\malumere\wp-includes\functions.php on line 6260
[23-Sep-2026 10:39:05 UTC] PHP Notice:  Function WP_Block_Type_Registry::register was called <strong>incorrectly</strong>. Block type "core/query-title" is already registered. Please see <a href="https://developer.wordpress.org/advanced-administration/debug/debug-wordpress/">Debugging in WordPress</a> for more information. (This message was added in version 5.0.0.) in C:\xampp\htdocs\malumere\wp-includes\functions.php on line 6260
[23-Sep-2026 10:39:05 UTC] PHP Notice:  Function WP_Block_Type_Registry::register was called <strong>incorrectly</strong>. Block type "core/query-total" is already registered. Please see <a href="https://developer.wordpress.org/advanced-administration/debug/debug-wordpress/">Debugging in WordPress</a> for more information. (This message was added in version 5.0.0.) in C:\xampp\htdocs\malumere\wp-includes\functions.php on line 6260
[23-Sep-2026 10:39:05 UTC] PHP Notice:  Function WP_Block_Type_Registry::register was called <strong>incorrectly</strong>. Block type "core/read-more" is already registered. Please see <a href="https://developer.wordpress.org/advanced-administration/debug/debug-wordpress/">Debugging in WordPress</a> for more information. (This message was added in version 5.0.0.) in C:\xampp\htdocs\malumere\wp-includes\functions.php on line 6260
[23-Sep-2026 10:39:05 UTC] PHP Notice:  Function WP_Block_Type_Registry::register was called <strong>incorrectly</strong>. Block type "core/rss" is already registered. Please see <a href="https://developer.wordpress.org/advanced-administration/debug/debug-wordpress/">Debugging in WordPress</a> for more information. (This message was added in version 5.0.0.) in C:\xampp\htdocs\malumere\wp-includes\functions.php on line 6260
[23-Sep-2026 10:39:05 UTC] PHP Notice:  Function WP_Block_Type_Registry::register was called <strong>incorrectly</strong>. Block type "core/search" is already registered. Please see <a href="https://developer.wordpress.org/advanced-administration/debug/debug-wordpress/">Debugging in WordPress</a> for more information. (This message was added in version 5.0.0.) in C:\xampp\htdocs\malumere\wp-includes\functions.php on line 6260
[23-Sep-2026 10:39:05 UTC] PHP Notice:  Function WP_Block_Type_Registry::register was called <strong>incorrectly</strong>. Block type "core/shortcode" is already registered. Please see <a href="https://developer.wordpress.org/advanced-administration/debug/debug-wordpress/">Debugging in WordPress</a> for more information. (This message was added in version 5.0.0.) in C:\xampp\htdocs\malumere\wp-includes\functions.php on line 6260
[23-Sep-2026 10:39:05 UTC] PHP Notice:  Function WP_Block_Type_Registry::register was called <strong>incorrectly</strong>. Block type "core/site-logo" is already registered. Please see <a href="https://developer.wordpress.org/advanced-administration/debug/debug-wordpress/">Debugging in WordPress</a> for more information. (This message was added in version 5.0.0.) in C:\xampp\htdocs\malumere\wp-includes\functions.php on line 6260
[23-Sep-2026 10:39:05 UTC] PHP Notice:  Function WP_Block_Type_Registry::register was called <strong>incorrectly</strong>. Block type "core/site-tagline" is already registered. Please see <a href="https://developer.wordpress.org/advanced-administration/debug/debug-wordpress/">Debugging in WordPress</a> for more information. (This message was added in version 5.0.0.) in C:\xampp\htdocs\malumere\wp-includes\functions.php on line 6260
[23-Sep-2026 10:39:05 UTC] PHP Notice:  Function WP_Block_Type_Registry::register was called <strong>incorrectly</strong>. Block type "core/site-title" is already registered. Please see <a href="https://developer.wordpress.org/advanced-administration/debug/debug-wordpress/">Debugging in WordPress</a> for more information. (This message was added in version 5.0.0.) in C:\xampp\htdocs\malumere\wp-includes\functions.php on line 6260
[23-Sep-2026 10:39:05 UTC] PHP Notice:  Function WP_Block_Type_Registry::register was called <strong>incorrectly</strong>. Block type "core/social-link" is already registered. Please see <a href="https://developer.wordpress.org/advanced-administration/debug/debug-wordpress/">Debugging in WordPress</a> for more information. (This message was added in version 5.0.0.) in C:\xampp\htdocs\malumere\wp-includes\functions.php on line 6260
[23-Sep-2026 10:39:05 UTC] PHP Notice:  Function WP_Block_Type_Registry::register was called <strong>incorrectly</strong>. Block type "core/tab-list" is already registered. Please see <a href="https://developer.wordpress.org/advanced-administration/debug/debug-wordpress/">Debugging in WordPress</a> for more information. (This message was added in version 5.0.0.) in C:\xampp\htdocs\malumere\wp-includes\functions.php on line 6260
[23-Sep-2026 10:39:05 UTC] PHP Notice:  Function WP_Block_Type_Registry::register was called <strong>incorrectly</strong>. Block type "core/tab-panel" is already registered. Please see <a href="https://developer.wordpress.org/advanced-administration/debug/debug-wordpress/">Debugging in WordPress</a> for more information. (This message was added in version 5.0.0.) in C:\xampp\htdocs\malumere\wp-includes\functions.php on line 6260
[23-Sep-2026 10:39:05 UTC] PHP Notice:  Function WP_Block_Type_Registry::register was called <strong>incorrectly</strong>. Block type "core/tabs" is already registered. Please see <a href="https://developer.wordpress.org/advanced-administration/debug/debug-wordpress/">Debugging in WordPress</a> for more information. (This message was added in version 5.0.0.) in C:\xampp\htdocs\malumere\wp-includes\functions.php on line 6260
[23-Sep-2026 10:39:05 UTC] PHP Notice:  Function WP_Block_Type_Registry::register was called <strong>incorrectly</strong>. Block type "core/tag-cloud" is already registered. Please see <a href="https://developer.wordpress.org/advanced-administration/debug/debug-wordpress/">Debugging in WordPress</a> for more information. (This message was added in version 5.0.0.) in C:\xampp\htdocs\malumere\wp-includes\functions.php on line 6260
[23-Sep-2026 10:39:05 UTC] PHP Notice:  Function WP_Block_Type_Registry::register was called <strong>incorrectly</strong>. Block type "core/template-part" is already registered. Please see <a href="https://developer.wordpress.org/advanced-administration/debug/debug-wordpress/">Debugging in WordPress</a> for more information. (This message was added in version 5.0.0.) in C:\xampp\htdocs\malumere\wp-includes\functions.php on line 6260
[23-Sep-2026 10:39:05 UTC] PHP Notice:  Function WP_Block_Type_Registry::register was called <strong>incorrectly</strong>. Block type "core/term-count" is already registered. Please see <a href="https://developer.wordpress.org/advanced-administration/debug/debug-wordpress/">Debugging in WordPress</a> for more information. (This message was added in version 5.0.0.) in C:\xampp\htdocs\malumere\wp-includes\functions.php on line 6260
[23-Sep-2026 10:39:05 UTC] PHP Notice:  Function WP_Block_Type_Registry::register was called <strong>incorrectly</strong>. Block type "core/term-description" is already registered. Please see <a href="https://developer.wordpress.org/advanced-administration/debug/debug-wordpress/">Debugging in WordPress</a> for more information. (This message was added in version 5.0.0.) in C:\xampp\htdocs\malumere\wp-includes\functions.php on line 6260
[23-Sep-2026 10:39:05 UTC] PHP Notice:  Function WP_Block_Type_Registry::register was called <strong>incorrectly</strong>. Block type "core/term-name" is already registered. Please see <a href="https://developer.wordpress.org/advanced-administration/debug/debug-wordpress/">Debugging in WordPress</a> for more information. (This message was added in version 5.0.0.) in C:\xampp\htdocs\malumere\wp-includes\functions.php on line 6260
[23-Sep-2026 10:39:05 UTC] PHP Notice:  Function WP_Block_Type_Registry::register was called <strong>incorrectly</strong>. Block type "core/term-template" is already registered. Please see <a href="https://developer.wordpress.org/advanced-administration/debug/debug-wordpress/">Debugging in WordPress</a> for more information. (This message was added in version 5.0.0.) in C:\xampp\htdocs\malumere\wp-includes\functions.php on line 6260
[23-Sep-2026 10:39:05 UTC] PHP Notice:  Function WP_Block_Type_Registry::register was called <strong>incorrectly</strong>. Block type "core/video" is already registered. Please see <a href="https://developer.wordpress.org/advanced-administration/debug/debug-wordpress/">Debugging in WordPress</a> for more information. (This message was added in version 5.0.0.) in C:\xampp\htdocs\malumere\wp-includes\functions.php on line 6260
[23-Sep-2026 10:39:05 UTC] PHP Notice:  Function WP_Block_Type_Registry::register was called <strong>incorrectly</strong>. Block type "core/accordion-heading" is already registered. Please see <a href="https://developer.wordpress.org/advanced-administration/debug/debug-wordpress/">Debugging in WordPress</a> for more information. (This message was added in version 5.0.0.) in C:\xampp\htdocs\malumere\wp-includes\functions.php on line 6260
[23-Sep-2026 10:39:05 UTC] PHP Notice:  Function WP_Block_Type_Registry::register was called <strong>incorrectly</strong>. Block type "core/accordion-panel" is already registered. Please see <a href="https://developer.wordpress.org/advanced-administration/debug/debug-wordpress/">Debugging in WordPress</a> for more information. (This message was added in version 5.0.0.) in C:\xampp\htdocs\malumere\wp-includes\functions.php on line 6260
[23-Sep-2026 10:39:05 UTC] PHP Notice:  Function WP_Block_Type_Registry::register was called <strong>incorrectly</strong>. Block type "core/audio" is already registered. Please see <a href="https://developer.wordpress.org/advanced-administration/debug/debug-wordpress/">Debugging in WordPress</a> for more information. (This message was added in version 5.0.0.) in C:\xampp\htdocs\malumere\wp-includes\functions.php on line 6260
[23-Sep-2026 10:39:05 UTC] PHP Notice:  Function WP_Block_Type_Registry::register was called <strong>incorrectly</strong>. Block type "core/buttons" is already registered. Please see <a href="https://developer.wordpress.org/advanced-administration/debug/debug-wordpress/">Debugging in WordPress</a> for more information. (This message was added in version 5.0.0.) in C:\xampp\htdocs\malumere\wp-includes\functions.php on line 6260
[23-Sep-2026 10:39:05 UTC] PHP Notice:  Function WP_Block_Type_Registry::register was called <strong>incorrectly</strong>. Block type "core/code" is already registered. Please see <a href="https://developer.wordpress.org/advanced-administration/debug/debug-wordpress/">Debugging in WordPress</a> for more information. (This message was added in version 5.0.0.) in C:\xampp\htdocs\malumere\wp-includes\functions.php on line 6260
[23-Sep-2026 10:39:05 UTC] PHP Notice:  Function WP_Block_Type_Registry::register was called <strong>incorrectly</strong>. Block type "core/column" is already registered. Please see <a href="https://developer.wordpress.org/advanced-administration/debug/debug-wordpress/">Debugging in WordPress</a> for more information. (This message was added in version 5.0.0.) in C:\xampp\htdocs\malumere\wp-includes\functions.php on line 6260
[23-Sep-2026 10:39:05 UTC] PHP Notice:  Function WP_Block_Type_Registry::register was called <strong>incorrectly</strong>. Block type "core/columns" is already registered. Please see <a href="https://developer.wordpress.org/advanced-administration/debug/debug-wordpress/">Debugging in WordPress</a> for more information. (This message was added in version 5.0.0.) in C:\xampp\htdocs\malumere\wp-includes\functions.php on line 6260
[23-Sep-2026 10:39:05 UTC] PHP Notice:  Function WP_Block_Type_Registry::register was called <strong>incorrectly</strong>. Block type "core/embed" is already registered. Please see <a href="https://developer.wordpress.org/advanced-administration/debug/debug-wordpress/">Debugging in WordPress</a> for more information. (This message was added in version 5.0.0.) in C:\xampp\htdocs\malumere\wp-includes\functions.php on line 6260
[23-Sep-2026 10:39:05 UTC] PHP Notice:  Function WP_Block_Type_Registry::register was called <strong>incorrectly</strong>. Block type "core/freeform" is already registered. Please see <a href="https://developer.wordpress.org/advanced-administration/debug/debug-wordpress/">Debugging in WordPress</a> for more information. (This message was added in version 5.0.0.) in C:\xampp\htdocs\malumere\wp-includes\functions.php on line 6260
[23-Sep-2026 10:39:05 UTC] PHP Notice:  Function WP_Block_Type_Registry::register was called <strong>incorrectly</strong>. Block type "core/group" is already registered. Please see <a href="https://developer.wordpress.org/advanced-administration/debug/debug-wordpress/">Debugging in WordPress</a> for more information. (This message was added in version 5.0.0.) in C:\xampp\htdocs\malumere\wp-includes\functions.php on line 6260
[23-Sep-2026 10:39:05 UTC] PHP Notice:  Function WP_Block_Type_Registry::register was called <strong>incorrectly</strong>. Block type "core/html" is already registered. Please see <a href="https://developer.wordpress.org/advanced-administration/debug/debug-wordpress/">Debugging in WordPress</a> for more information. (This message was added in version 5.0.0.) in C:\xampp\htdocs\malumere\wp-includes\functions.php on line 6260
[23-Sep-2026 10:39:05 UTC] PHP Notice:  Function WP_Block_Type_Registry::register was called <strong>incorrectly</strong>. Block type "core/list-item" is already registered. Please see <a href="https://developer.wordpress.org/advanced-administration/debug/debug-wordpress/">Debugging in WordPress</a> for more information. (This message was added in version 5.0.0.) in C:\xampp\htdocs\malumere\wp-includes\functions.php on line 6260
[23-Sep-2026 10:39:05 UTC] PHP Notice:  Function WP_Block_Type_Registry::register was called <strong>incorrectly</strong>. Block type "core/math" is already registered. Please see <a href="https://developer.wordpress.org/advanced-administration/debug/debug-wordpress/">Debugging in WordPress</a> for more information. (This message was added in version 5.0.0.) in C:\xampp\htdocs\malumere\wp-includes\functions.php on line 6260
[23-Sep-2026 10:39:05 UTC] PHP Notice:  Function WP_Block_Type_Registry::register was called <strong>incorrectly</strong>. Block type "core/missing" is already registered. Please see <a href="https://developer.wordpress.org/advanced-administration/debug/debug-wordpress/">Debugging in WordPress</a> for more information. (This message was added in version 5.0.0.) in C:\xampp\htdocs\malumere\wp-includes\functions.php on line 6260
[23-Sep-2026 10:39:05 UTC] PHP Notice:  Function WP_Block_Type_Registry::register was called <strong>incorrectly</strong>. Block type "core/more" is already registered. Please see <a href="https://developer.wordpress.org/advanced-administration/debug/debug-wordpress/">Debugging in WordPress</a> for more information. (This message was added in version 5.0.0.) in C:\xampp\htdocs\malumere\wp-includes\functions.php on line 6260
[23-Sep-2026 10:39:05 UTC] PHP Notice:  Function WP_Block_Type_Registry::register was called <strong>incorrectly</strong>. Block type "core/nextpage" is already registered. Please see <a href="https://developer.wordpress.org/advanced-administration/debug/debug-wordpress/">Debugging in WordPress</a> for more information. (This message was added in version 5.0.0.) in C:\xampp\htdocs\malumere\wp-includes\functions.php on line 6260
[23-Sep-2026 10:39:05 UTC] PHP Notice:  Function WP_Block_Type_Registry::register was called <strong>incorrectly</strong>. Block type "core/preformatted" is already registered. Please see <a href="https://developer.wordpress.org/advanced-administration/debug/debug-wordpress/">Debugging in WordPress</a> for more information. (This message was added in version 5.0.0.) in C:\xampp\htdocs\malumere\wp-includes\functions.php on line 6260
[23-Sep-2026 10:39:05 UTC] PHP Notice:  Function WP_Block_Type_Registry::register was called <strong>incorrectly</strong>. Block type "core/pullquote" is already registered. Please see <a href="https://developer.wordpress.org/advanced-administration/debug/debug-wordpress/">Debugging in WordPress</a> for more information. (This message was added in version 5.0.0.) in C:\xampp\htdocs\malumere\wp-includes\functions.php on line 6260
[23-Sep-2026 10:39:05 UTC] PHP Notice:  Function WP_Block_Type_Registry::register was called <strong>incorrectly</strong>. Block type "core/quote" is already registered. Please see <a href="https://developer.wordpress.org/advanced-administration/debug/debug-wordpress/">Debugging in WordPress</a> for more information. (This message was added in version 5.0.0.) in C:\xampp\htdocs\malumere\wp-includes\functions.php on line 6260
[23-Sep-2026 10:39:05 UTC] PHP Notice:  Function WP_Block_Type_Registry::register was called <strong>incorrectly</strong>. Block type "core/separator" is already registered. Please see <a href="https://developer.wordpress.org/advanced-administration/debug/debug-wordpress/">Debugging in WordPress</a> for more information. (This message was added in version 5.0.0.) in C:\xampp\htdocs\malumere\wp-includes\functions.php on line 6260
[23-Sep-2026 10:39:05 UTC] PHP Notice:  Function WP_Block_Type_Registry::register was called <strong>incorrectly</strong>. Block type "core/social-links" is already registered. Please see <a href="https://developer.wordpress.org/advanced-administration/debug/debug-wordpress/">Debugging in WordPress</a> for more information. (This message was added in version 5.0.0.) in C:\xampp\htdocs\malumere\wp-includes\functions.php on line 6260
[23-Sep-2026 10:39:05 UTC] PHP Notice:  Function WP_Block_Type_Registry::register was called <strong>incorrectly</strong>. Block type "core/spacer" is already registered. Please see <a href="https://developer.wordpress.org/advanced-administration/debug/debug-wordpress/">Debugging in WordPress</a> for more information. (This message was added in version 5.0.0.) in C:\xampp\htdocs\malumere\wp-includes\functions.php on line 6260
[23-Sep-2026 10:39:05 UTC] PHP Notice:  Function WP_Block_Type_Registry::register was called <strong>incorrectly</strong>. Block type "core/tab-panels" is already registered. Please see <a href="https://developer.wordpress.org/advanced-administration/debug/debug-wordpress/">Debugging in WordPress</a> for more information. (This message was added in version 5.0.0.) in C:\xampp\htdocs\malumere\wp-includes\functions.php on line 6260
[23-Sep-2026 10:39:05 UTC] PHP Notice:  Function WP_Block_Type_Registry::register was called <strong>incorrectly</strong>. Block type "core/table" is already registered. Please see <a href="https://developer.wordpress.org/advanced-administration/debug/debug-wordpress/">Debugging in WordPress</a> for more information. (This message was added in version 5.0.0.) in C:\xampp\htdocs\malumere\wp-includes\functions.php on line 6260
[23-Sep-2026 10:39:05 UTC] PHP Notice:  Function WP_Block_Type_Registry::register was called <strong>incorrectly</strong>. Block type "core/terms-query" is already registered. Please see <a href="https://developer.wordpress.org/advanced-administration/debug/debug-wordpress/">Debugging in WordPress</a> for more information. (This message was added in version 5.0.0.) in C:\xampp\htdocs\malumere\wp-includes\functions.php on line 6260
[23-Sep-2026 10:39:05 UTC] PHP Notice:  Function WP_Block_Type_Registry::register was called <strong>incorrectly</strong>. Block type "core/text-columns" is already registered. Please see <a href="https://developer.wordpress.org/advanced-administration/debug/debug-wordpress/">Debugging in WordPress</a> for more information. (This message was added in version 5.0.0.) in C:\xampp\htdocs\malumere\wp-includes\functions.php on line 6260
[23-Sep-2026 10:39:05 UTC] PHP Notice:  Function WP_Block_Type_Registry::register was called <strong>incorrectly</strong>. Block type "core/verse" is already registered. Please see <a href="https://developer.wordpress.org/advanced-administration/debug/debug-wordpress/">Debugging in WordPress</a> for more information. (This message was added in version 5.0.0.) in C:\xampp\htdocs\malumere\wp-includes\functions.php on line 6260
[23-Sep-2026 10:39:07 UTC] PHP Warning:  Cannot modify header information - headers already sent by (output started at C:\Users\Jay\AppData\Local\Temp\opencode\smoke10_photos.php:16) in C:\xampp\htdocs\malumere\wp-content\plugins\ma-lumiere-clinic-manager\includes\class-photo-repository.php on line 270
[23-Sep-2026 10:39:07 UTC] PHP Warning:  Cannot modify header information - headers already sent by (output started at C:\Users\Jay\AppData\Local\Temp\opencode\smoke10_photos.php:16) in C:\xampp\htdocs\malumere\wp-content\plugins\ma-lumiere-clinic-manager\includes\class-photo-repository.php on line 271
[23-Sep-2026 10:39:07 UTC] PHP Warning:  Cannot modify header information - headers already sent by (output started at C:\Users\Jay\AppData\Local\Temp\opencode\smoke10_photos.php:16) in C:\xampp\htdocs\malumere\wp-content\plugins\ma-lumiere-clinic-manager\includes\class-photo-repository.php on line 272
[23-Sep-2026 10:39:07 UTC] PHP Warning:  Cannot modify header information - headers already sent by (output started at C:\Users\Jay\AppData\Local\Temp\opencode\smoke10_photos.php:16) in C:\xampp\htdocs\malumere\wp-content\plugins\ma-lumiere-clinic-manager\includes\class-photo-repository.php on line 273
[23-Sep-2026 10:39:07 UTC] PHP Warning:  Cannot modify header information - headers already sent by (output started at C:\Users\Jay\AppData\Local\Temp\opencode\smoke10_photos.php:16) in C:\xampp\htdocs\malumere\wp-content\plugins\ma-lumiere-clinic-manager\includes\class-photo-repository.php on line 274
[23-Sep-2026 13:33:29 UTC] PHP Notice:  Function wpdb::prepare was called <strong>incorrectly</strong>. Unsupported value type (array). Please see <a href="https://developer.wordpress.org/advanced-administration/debug/debug-wordpress/">Debugging in WordPress</a> for more information. (This message was added in version 4.8.2.) in C:\xampp\htdocs\malumere\wp-includes\functions.php on line 6260
[23-Sep-2026 13:33:54 UTC] PHP Fatal error:  Uncaught ArgumentCountError: Too few arguments to function {closure}(), 1 passed in C:\xampp\htdocs\malumere\wp-includes\class-wp-hook.php on line 355 and exactly 2 expected in C:\Users\Jay\AppData\Local\Temp\opencode\smoke13_portal.php:52
Stack trace:
#0 C:\xampp\htdocs\malumere\wp-includes\class-wp-hook.php(355): {closure}(NULL)
#1 C:\xampp\htdocs\malumere\wp-includes\plugin.php(206): WP_Hook->apply_filters(NULL, Array)
#2 C:\xampp\htdocs\malumere\wp-includes\pluggable.php(233): apply_filters('pre_wp_mail', NULL, Array)
#3 C:\xampp\htdocs\malumere\wp-content\plugins\ma-lumiere-clinic-manager\includes\class-email-service.php(68): wp_mail('portal.test13@e...', 'Ma Lumi\xC3\xA8re Cli...', '<p>Hello Portal...', Array)
#4 C:\xampp\htdocs\malumere\wp-content\plugins\ma-lumiere-clinic-manager\includes\class-portal.php(217): ML_Email_Service::send('portal.test13@e...', 'Ma Lumi\xC3\xA8re Cli...', '<p>Hello Portal...', 'portal_magic_li...', Array, true)
#5 C:\Users\Jay\AppData\Local\Temp\opencode\smoke13_portal.php(53): ML_Portal::request_login('portal.test13@e...', '')
#6 {main}
  thrown in C:\Users\Jay\AppData\Local\Temp\opencode\smoke13_portal.php on line 52
[23-Sep-2026 13:34:05 UTC] PHP Fatal error:  Uncaught ArgumentCountError: Too few arguments to function {closure}(), 1 passed in C:\xampp\htdocs\malumere\wp-includes\class-wp-hook.php on line 355 and exactly 2 expected in C:\Users\Jay\AppData\Local\Temp\opencode\smoke13_portal.php:52
Stack trace:
#0 C:\xampp\htdocs\malumere\wp-includes\class-wp-hook.php(355): {closure}(NULL)
#1 C:\xampp\htdocs\malumere\wp-includes\plugin.php(206): WP_Hook->apply_filters(NULL, Array)
#2 C:\xampp\htdocs\malumere\wp-includes\pluggable.php(233): apply_filters('pre_wp_mail', NULL, Array)
#3 C:\xampp\htdocs\malumere\wp-content\plugins\ma-lumiere-clinic-manager\includes\class-email-service.php(68): wp_mail('portal.test13@e...', 'Ma Lumi\xC3\xA8re Cli...', '<p>Hello Portal...', Array)
#4 C:\xampp\htdocs\malumere\wp-content\plugins\ma-lumiere-clinic-manager\includes\class-portal.php(217): ML_Email_Service::send('portal.test13@e...', 'Ma Lumi\xC3\xA8re Cli...', '<p>Hello Portal...', 'portal_magic_li...', Array, true)
#5 C:\Users\Jay\AppData\Local\Temp\opencode\smoke13_portal.php(53): ML_Portal::request_login('portal.test13@e...', '')
#6 {main}
  thrown in C:\Users\Jay\AppData\Local\Temp\opencode\smoke13_portal.php on line 52
[23-Sep-2026 13:34:24 UTC] PHP Fatal error:  Uncaught ArgumentCountError: Too few arguments to function {closure}(), 1 passed in C:\xampp\htdocs\malumere\wp-includes\class-wp-hook.php on line 355 and exactly 2 expected in C:\Users\Jay\AppData\Local\Temp\opencode\dbg15.php:10
Stack trace:
#0 C:\xampp\htdocs\malumere\wp-includes\class-wp-hook.php(355): {closure}(NULL)
#1 C:\xampp\htdocs\malumere\wp-includes\plugin.php(206): WP_Hook->apply_filters(NULL, Array)
#2 C:\xampp\htdocs\malumere\wp-includes\pluggable.php(233): apply_filters('pre_wp_mail', NULL, Array)
#3 C:\xampp\htdocs\malumere\wp-content\plugins\ma-lumiere-clinic-manager\includes\class-email-service.php(68): wp_mail('testing@example...', 'test subject', '<p>Hello</p><p>...', Array)
#4 C:\Users\Jay\AppData\Local\Temp\opencode\dbg15.php(13): ML_Email_Service::send('testing@example...', 'test subject', '<p>Hello</p><p>...', 'portal_magic_li...', Array, true)
#5 {main}
  thrown in C:\Users\Jay\AppData\Local\Temp\opencode\dbg15.php on line 10
[23-Sep-2026 13:37:26 UTC] PHP Fatal error:  Uncaught ArgumentCountError: Too few arguments to function {closure}(), 1 passed in C:\xampp\htdocs\malumere\wp-includes\class-wp-hook.php on line 355 and exactly 2 expected in C:\Users\Jay\AppData\Local\Temp\opencode\dbg19.php:10
Stack trace:
#0 C:\xampp\htdocs\malumere\wp-includes\class-wp-hook.php(355): {closure}(NULL)
#1 C:\xampp\htdocs\malumere\wp-includes\plugin.php(206): WP_Hook->apply_filters(NULL, Array)
#2 C:\xampp\htdocs\malumere\wp-includes\pluggable.php(233): apply_filters('pre_wp_mail', NULL, Array)
#3 C:\xampp\htdocs\malumere\wp-content\plugins\ma-lumiere-clinic-manager\includes\class-email-service.php(68): wp_mail('x@y.test', 't', '<p>Hello <a hre...', Array)
#4 C:\Users\Jay\AppData\Local\Temp\opencode\dbg19.php(14): ML_Email_Service::send('x@y.test', 't', '<p>Hello <a hre...', 'portal_magic_li...', Array, true)
#5 {main}
  thrown in C:\Users\Jay\AppData\Local\Temp\opencode\dbg19.php on line 10
[23-Sep-2026 13:37:47 UTC] PHP Fatal error:  Uncaught ArgumentCountError: Too few arguments to function {closure}(), 1 passed in C:\xampp\htdocs\malumere\wp-includes\class-wp-hook.php on line 355 and exactly 2 expected in C:\Users\Jay\AppData\Local\Temp\opencode\dbg20.php:7
Stack trace:
#0 C:\xampp\htdocs\malumere\wp-includes\class-wp-hook.php(355): {closure}(NULL)
#1 C:\xampp\htdocs\malumere\wp-includes\plugin.php(206): WP_Hook->apply_filters(NULL, Array)
#2 C:\xampp\htdocs\malumere\wp-includes\pluggable.php(233): apply_filters('pre_wp_mail', NULL, Array)
#3 C:\Users\Jay\AppData\Local\Temp\opencode\dbg20.php(10): wp_mail('x@y.test', 't', 'm', Array)
#4 {main}
  thrown in C:\Users\Jay\AppData\Local\Temp\opencode\dbg20.php on line 7
[23-Sep-2026 13:38:25 UTC] PHP Fatal error:  Uncaught ArgumentCountError: Too few arguments to function {closure}(), 1 passed in C:\xampp\htdocs\malumere\wp-includes\class-wp-hook.php on line 355 and exactly 2 expected in C:\Users\Jay\AppData\Local\Temp\opencode\dbg20.php:7
Stack trace:
#0 C:\xampp\htdocs\malumere\wp-includes\class-wp-hook.php(355): {closure}(NULL)
#1 C:\xampp\htdocs\malumere\wp-includes\plugin.php(206): WP_Hook->apply_filters(NULL, Array)
#2 C:\xampp\htdocs\malumere\wp-includes\pluggable.php(233): apply_filters('pre_wp_mail', NULL, Array)
#3 C:\Users\Jay\AppData\Local\Temp\opencode\dbg20.php(10): wp_mail('x@y.test', 't', 'm', Array)
#4 {main}
  thrown in C:\Users\Jay\AppData\Local\Temp\opencode\dbg20.php on line 7
[23-Sep-2026 13:38:33 UTC] PHP Fatal error:  Uncaught ArgumentCountError: Too few arguments to function {closure}(), 1 passed in C:\xampp\htdocs\malumere\wp-includes\class-wp-hook.php on line 355 and exactly 2 expected in C:\Users\Jay\AppData\Local\Temp\opencode\dbg21.php:4
Stack trace:
#0 C:\xampp\htdocs\malumere\wp-includes\class-wp-hook.php(355): {closure}(NULL)
#1 C:\xampp\htdocs\malumere\wp-includes\plugin.php(206): WP_Hook->apply_filters(NULL, Array)
#2 C:\Users\Jay\AppData\Local\Temp\opencode\dbg21.php(6): apply_filters('pre_wp_mail', NULL, Array)
#3 {main}
  thrown in C:\Users\Jay\AppData\Local\Temp\opencode\dbg21.php on line 4
[23-Sep-2026 13:39:08 UTC] PHP Fatal error:  Uncaught ArgumentCountError: Too few arguments to function {closure}(), 1 passed in C:\xampp\htdocs\malumere\wp-includes\class-wp-hook.php on line 355 and exactly 2 expected in C:\Users\Jay\AppData\Local\Temp\opencode\dbg21.php:4
Stack trace:
#0 C:\xampp\htdocs\malumere\wp-includes\class-wp-hook.php(355): {closure}(NULL)
#1 C:\xampp\htdocs\malumere\wp-includes\plugin.php(206): WP_Hook->apply_filters(NULL, Array)
#2 C:\Users\Jay\AppData\Local\Temp\opencode\dbg21.php(6): apply_filters('pre_wp_mail', NULL, Array)
#3 {main}
  thrown in C:\Users\Jay\AppData\Local\Temp\opencode\dbg21.php on line 4
[23-Sep-2026 13:39:09 UTC] PHP Fatal error:  Uncaught ArgumentCountError: Too few arguments to function {closure}(), 1 passed in C:\xampp\htdocs\malumere\wp-includes\class-wp-hook.php on line 355 and exactly 2 expected in C:\Users\Jay\AppData\Local\Temp\opencode\dbg20.php:7
Stack trace:
#0 C:\xampp\htdocs\malumere\wp-includes\class-wp-hook.php(355): {closure}(NULL)
#1 C:\xampp\htdocs\malumere\wp-includes\plugin.php(206): WP_Hook->apply_filters(NULL, Array)
#2 C:\xampp\htdocs\malumere\wp-includes\pluggable.php(233): apply_filters('pre_wp_mail', NULL, Array)
#3 C:\Users\Jay\AppData\Local\Temp\opencode\dbg20.php(10): wp_mail('x@y.test', 't', 'm', Array)
#4 {main}
  thrown in C:\Users\Jay\AppData\Local\Temp\opencode\dbg20.php on line 7
[23-Sep-2026 13:41:40 UTC] PHP Notice:  Function wpdb::prepare was called <strong>incorrectly</strong>. Unsupported value type (array). Please see <a href="https://developer.wordpress.org/advanced-administration/debug/debug-wordpress/">Debugging in WordPress</a> for more information. (This message was added in version 4.8.2.) in C:\xampp\htdocs\malumere\wp-includes\functions.php on line 6260
[23-Sep-2026 13:42:42 UTC] PHP Notice:  Function wpdb::prepare was called <strong>incorrectly</strong>. Unsupported value type (array). Please see <a href="https://developer.wordpress.org/advanced-administration/debug/debug-wordpress/">Debugging in WordPress</a> for more information. (This message was added in version 4.8.2.) in C:\xampp\htdocs\malumere\wp-includes\functions.php on line 6260
[23-Sep-2026 13:45:18 UTC] PHP Notice:  Function wpdb::prepare was called <strong>incorrectly</strong>. Unsupported value type (array). Please see <a href="https://developer.wordpress.org/advanced-administration/debug/debug-wordpress/">Debugging in WordPress</a> for more information. (This message was added in version 4.8.2.) in C:\xampp\htdocs\malumere\wp-includes\functions.php on line 6260
[23-Sep-2026 13:45:50 UTC] WordPress database error Table 'malumere.wp_ml_visit_services' doesn't exist for query DELETE FROM `wp_ml_visit_services` WHERE `visit_id` = 35
[23-Sep-2026 13:46:05 UTC] PHP Notice:  Function WP_Icon_Collections_Registry::register was called <strong>incorrectly</strong>. Icon collection is already registered. Please see <a href="https://developer.wordpress.org/advanced-administration/debug/debug-wordpress/">Debugging in WordPress</a> for more information. (This message was added in version 7.1.0.) in C:\xampp\htdocs\malumere\wp-includes\functions.php on line 6260
[23-Sep-2026 13:46:05 UTC] PHP Notice:  Function WP_Font_Library::register_font_collection was called <strong>incorrectly</strong>. Font collection with slug: "google-fonts" is already registered. Please see <a href="https://developer.wordpress.org/advanced-administration/debug/debug-wordpress/">Debugging in WordPress</a> for more information. (This message was added in version 6.5.0.) in C:\xampp\htdocs\malumere\wp-includes\functions.php on line 6260
[23-Sep-2026 13:46:05 UTC] PHP Notice:  Function WP_Icons_Registry::register was called <strong>incorrectly</strong>. Icon is already registered. Please see <a href="https://developer.wordpress.org/advanced-administration/debug/debug-wordpress/">Debugging in WordPress</a> for more information. (This message was added in version 7.1.0.) in C:\xampp\htdocs\malumere\wp-includes\functions.php on line 6260
[23-Sep-2026 13:46:05 UTC] PHP Notice:  Function WP_Icons_Registry::register was called <strong>incorrectly</strong>. Icon is already registered. Please see <a href="https://developer.wordpress.org/advanced-administration/debug/debug-wordpress/">Debugging in WordPress</a> for more information. (This message was added in version 7.1.0.) in C:\xampp\htdocs\malumere\wp-includes\functions.php on line 6260
[23-Sep-2026 13:46:05 UTC] PHP Notice:  Function WP_Icons_Registry::register was called <strong>incorrectly</strong>. Icon is already registered. Please see <a href="https://developer.wordpress.org/advanced-administration/debug/debug-wordpress/">Debugging in WordPress</a> for more information. (This message was added in version 7.1.0.) in C:\xampp\htdocs\malumere\wp-includes\functions.php on line 6260
[23-Sep-2026 13:46:05 UTC] PHP Notice:  Function WP_Icons_Registry::register was called <strong>incorrectly</strong>. Icon is already registered. Please see <a href="https://developer.wordpress.org/advanced-administration/debug/debug-wordpress/">Debugging in WordPress</a> for more information. (This message was added in version 7.1.0.) in C:\xampp\htdocs\malumere\wp-includes\functions.php on line 6260
[23-Sep-2026 13:46:05 UTC] PHP Notice:  Function WP_Icons_Registry::register was called <strong>incorrectly</strong>. Icon is already registered. Please see <a href="https://developer.wordpress.org/advanced-administration/debug/debug-wordpress/">Debugging in WordPress</a> for more information. (This message was added in version 7.1.0.) in C:\xampp\htdocs\malumere\wp-includes\functions.php on line 6260
[23-Sep-2026 13:46:05 UTC] PHP Notice:  Function WP_Icons_Registry::register was called <strong>incorrectly</strong>. Icon is already registered. Please see <a href="https://developer.wordpress.org/advanced-administration/debug/debug-wordpress/">Debugging in WordPress</a> for more information. (This message was added in version 7.1.0.) in C:\xampp\htdocs\malumere\wp-includes\functions.php on line 6260
[23-Sep-2026 13:46:05 UTC] PHP Notice:  Function WP_Icons_Registry::register was called <strong>incorrectly</strong>. Icon is already registered. Please see <a href="https://developer.wordpress.org/advanced-administration/debug/debug-wordpress/">Debugging in WordPress</a> for more information. (This message was added in version 7.1.0.) in C:\xampp\htdocs\malumere\wp-includes\functions.php on line 6260
[23-Sep-2026 13:46:05 UTC] PHP Notice:  Function WP_Icons_Registry::register was called <strong>incorrectly</strong>. Icon is already registered. Please see <a href="https://developer.wordpress.org/advanced-administration/debug/debug-wordpress/">Debugging in WordPress</a> for more information. (This message was added in version 7.1.0.) in C:\xampp\htdocs\malumere\wp-includes\functions.php on line 6260
[23-Sep-2026 13:46:05 UTC] PHP Notice:  Function WP_Icons_Registry::register was called <strong>incorrectly</strong>. Icon is already registered. Please see <a href="https://developer.wordpress.org/advanced-administration/debug/debug-wordpress/">Debugging in WordPress</a> for more information. (This message was added in version 7.1.0.) in C:\xampp\htdocs\malumere\wp-includes\functions.php on line 6260
[23-Sep-2026 13:46:05 UTC] PHP Notice:  Function WP_Icons_Registry::register was called <strong>incorrectly</strong>. Icon is already registered. Please see <a href="https://developer.wordpress.org/advanced-administration/debug/debug-wordpress/">Debugging in WordPress</a> for more information. (This message was added in version 7.1.0.) in C:\xampp\htdocs\malumere\wp-includes\functions.php on line 6260
[23-Sep-2026 13:46:05 UTC] PHP Notice:  Function WP_Icons_Registry::register was called <strong>incorrectly</strong>. Icon is already registered. Please see <a href="https://developer.wordpress.org/advanced-administration/debug/debug-wordpress/">Debugging in WordPress</a> for more information. (This message was added in version 7.1.0.) in C:\xampp\htdocs\malumere\wp-includes\functions.php on line 6260
[23-Sep-2026 13:46:05 UTC] PHP Notice:  Function WP_Icons_Registry::register was called <strong>incorrectly</strong>. Icon is already registered. Please see <a href="https://developer.wordpress.org/advanced-administration/debug/debug-wordpress/">Debugging in WordPress</a> for more information. (This message was added in version 7.1.0.) in C:\xampp\htdocs\malumere\wp-includes\functions.php on line 6260
[23-Sep-2026 13:46:05 UTC] PHP Notice:  Function WP_Icons_Registry::register was called <strong>incorrectly</strong>. Icon is already registered. Please see <a href="https://developer.wordpress.org/advanced-administration/debug/debug-wordpress/">Debugging in WordPress</a> for more information. (This message was added in version 7.1.0.) in C:\xampp\htdocs\malumere\wp-includes\functions.php on line 6260
[23-Sep-2026 13:46:05 UTC] PHP Notice:  Function WP_Icons_Registry::register was called <strong>incorrectly</strong>. Icon is already registered. Please see <a href="https://developer.wordpress.org/advanced-administration/debug/debug-wordpress/">Debugging in WordPress</a> for more information. (This message was added in version 7.1.0.) in C:\xampp\htdocs\malumere\wp-includes\functions.php on line 6260
[23-Sep-2026 13:46:05 UTC] PHP Notice:  Function WP_Icons_Registry::register was called <strong>incorrectly</strong>. Icon is already registered. Please see <a href="https://developer.wordpress.org/advanced-administration/debug/debug-wordpress/">Debugging in WordPress</a> for more information. (This message was added in version 7.1.0.) in C:\xampp\htdocs\malumere\wp-includes\functions.php on line 6260
[23-Sep-2026 13:46:05 UTC] PHP Notice:  Function WP_Icons_Registry::register was called <strong>incorrectly</strong>. Icon is already registered. Please see <a href="https://developer.wordpress.org/advanced-administration/debug/debug-wordpress/">Debugging in WordPress</a> for more information. (This message was added in version 7.1.0.) in C:\xampp\htdocs\malumere\wp-includes\functions.php on line 6260
[23-Sep-2026 13:46:05 UTC] PHP Notice:  Function WP_Icons_Registry::register was called <strong>incorrectly</strong>. Icon is already registered. Please see <a href="https://developer.wordpress.org/advanced-administration/debug/debug-wordpress/">Debugging in WordPress</a> for more information. (This message was added in version 7.1.0.) in C:\xampp\htdocs\malumere\wp-includes\functions.php on line 6260
[23-Sep-2026 13:46:05 UTC] PHP Notice:  Function WP_Icons_Registry::register was called <strong>incorrectly</strong>. Icon is already registered. Please see <a href="https://developer.wordpress.org/advanced-administration/debug/debug-wordpress/">Debugging in WordPress</a> for more information. (This message was added in version 7.1.0.) in C:\xampp\htdocs\malumere\wp-includes\functions.php on line 6260
[23-Sep-2026 13:46:05 UTC] PHP Notice:  Function WP_Icons_Registry::register was called <strong>incorrectly</strong>. Icon is already registered. Please see <a href="https://developer.wordpress.org/advanced-administration/debug/debug-wordpress/">Debugging in WordPress</a> for more information. (This message was added in version 7.1.0.) in C:\xampp\htdocs\malumere\wp-includes\functions.php on line 6260
[23-Sep-2026 13:46:05 UTC] PHP Notice:  Function WP_Icons_Registry::register was called <strong>incorrectly</strong>. Icon is already registered. Please see <a href="https://developer.wordpress.org/advanced-administration/debug/debug-wordpress/">Debugging in WordPress</a> for more information. (This message was added in version 7.1.0.) in C:\xampp\htdocs\malumere\wp-includes\functions.php on line 6260
[23-Sep-2026 13:46:05 UTC] PHP Notice:  Function WP_Icons_Registry::register was called <strong>incorrectly</strong>. Icon is already registered. Please see <a href="https://developer.wordpress.org/advanced-administration/debug/debug-wordpress/">Debugging in WordPress</a> for more information. (This message was added in version 7.1.0.) in C:\xampp\htdocs\malumere\wp-includes\functions.php on line 6260
[23-Sep-2026 13:46:05 UTC] PHP Notice:  Function WP_Icons_Registry::register was called <strong>incorrectly</strong>. Icon is already registered. Please see <a href="https://developer.wordpress.org/advanced-administration/debug/debug-wordpress/">Debugging in WordPress</a> for more information. (This message was added in version 7.1.0.) in C:\xampp\htdocs\malumere\wp-includes\functions.php on line 6260
[23-Sep-2026 13:46:05 UTC] PHP Notice:  Function WP_Icons_Registry::register was called <strong>incorrectly</strong>. Icon is already registered. Please see <a href="https://developer.wordpress.org/advanced-administration/debug/debug-wordpress/">Debugging in WordPress</a> for more information. (This message was added in version 7.1.0.) in C:\xampp\htdocs\malumere\wp-includes\functions.php on line 6260
[23-Sep-2026 13:46:05 UTC] PHP Notice:  Function WP_Icons_Registry::register was called <strong>incorrectly</strong>. Icon is already registered. Please see <a href="https://developer.wordpress.org/advanced-administration/debug/debug-wordpress/">Debugging in WordPress</a> for more information. (This message was added in version 7.1.0.) in C:\xampp\htdocs\malumere\wp-includes\functions.php on line 6260
[23-Sep-2026 13:46:05 UTC] PHP Notice:  Function WP_Icons_Registry::register was called <strong>incorrectly</strong>. Icon is already registered. Please see <a href="https://developer.wordpress.org/advanced-administration/debug/debug-wordpress/">Debugging in WordPress</a> for more information. (This message was added in version 7.1.0.) in C:\xampp\htdocs\malumere\wp-includes\functions.php on line 6260
[23-Sep-2026 13:46:05 UTC] PHP Notice:  Function WP_Icons_Registry::register was called <strong>incorrectly</strong>. Icon is already registered. Please see <a href="https://developer.wordpress.org/advanced-administration/debug/debug-wordpress/">Debugging in WordPress</a> for more information. (This message was added in version 7.1.0.) in C:\xampp\htdocs\malumere\wp-includes\functions.php on line 6260
[23-Sep-2026 13:46:05 UTC] PHP Notice:  Function WP_Icons_Registry::register was called <strong>incorrectly</strong>. Icon is already registered. Please see <a href="https://developer.wordpress.org/advanced-administration/debug/debug-wordpress/">Debugging in WordPress</a> for more information. (This message was added in version 7.1.0.) in C:\xampp\htdocs\malumere\wp-includes\functions.php on line 6260
[23-Sep-2026 13:46:05 UTC] PHP Notice:  Function WP_Icons_Registry::register was called <strong>incorrectly</strong>. Icon is already registered. Please see <a href="https://developer.wordpress.org/advanced-administration/debug/debug-wordpress/">Debugging in WordPress</a> for more information. (This message was added in version 7.1.0.) in C:\xampp\htdocs\malumere\wp-includes\functions.php on line 6260
[23-Sep-2026 13:46:05 UTC] PHP Notice:  Function WP_Icons_Registry::register was called <strong>incorrectly</strong>. Icon is already registered. Please see <a href="https://developer.wordpress.org/advanced-administration/debug/debug-wordpress/">Debugging in WordPress</a> for more information. (This message was added in version 7.1.0.) in C:\xampp\htdocs\malumere\wp-includes\functions.php on line 6260
[23-Sep-2026 13:46:05 UTC] PHP Notice:  Function WP_Icons_Registry::register was called <strong>incorrectly</strong>. Icon is already registered. Please see <a href="https://developer.wordpress.org/advanced-administration/debug/debug-wordpress/">Debugging in WordPress</a> for more information. (This message was added in version 7.1.0.) in C:\xampp\htdocs\malumere\wp-includes\functions.php on line 6260
[23-Sep-2026 13:46:05 UTC] PHP Notice:  Function WP_Icons_Registry::register was called <strong>incorrectly</strong>. Icon is already registered. Please see <a href="https://developer.wordpress.org/advanced-administration/debug/debug-wordpress/">Debugging in WordPress</a> for more information. (This message was added in version 7.1.0.) in C:\xampp\htdocs\malumere\wp-includes\functions.php on line 6260
[23-Sep-2026 13:46:05 UTC] PHP Notice:  Function WP_Icons_Registry::register was called <strong>incorrectly</strong>. Icon is already registered. Please see <a href="https://developer.wordpress.org/advanced-administration/debug/debug-wordpress/">Debugging in WordPress</a> for more information. (This message was added in version 7.1.0.) in C:\xampp\htdocs\malumere\wp-includes\functions.php on line 6260
[23-Sep-2026 13:46:05 UTC] PHP Notice:  Function WP_Icons_Registry::register was called <strong>incorrectly</strong>. Icon is already registered. Please see <a href="https://developer.wordpress.org/advanced-administration/debug/debug-wordpress/">Debugging in WordPress</a> for more information. (This message was added in version 7.1.0.) in C:\xampp\htdocs\malumere\wp-includes\functions.php on line 6260
[23-Sep-2026 13:46:05 UTC] PHP Notice:  Function WP_Icons_Registry::register was called <strong>incorrectly</strong>. Icon is already registered. Please see <a href="https://developer.wordpress.org/advanced-administration/debug/debug-wordpress/">Debugging in WordPress</a> for more information. (This message was added in version 7.1.0.) in C:\xampp\htdocs\malumere\wp-includes\functions.php on line 6260
[23-Sep-2026 13:46:05 UTC] PHP Notice:  Function WP_Icons_Registry::register was called <strong>incorrectly</strong>. Icon is already registered. Please see <a href="https://developer.wordpress.org/advanced-administration/debug/debug-wordpress/">Debugging in WordPress</a> for more information. (This message was added in version 7.1.0.) in C:\xampp\htdocs\malumere\wp-includes\functions.php on line 6260
[23-Sep-2026 13:46:05 UTC] PHP Notice:  Function WP_Icons_Registry::register was called <strong>incorrectly</strong>. Icon is already registered. Please see <a href="https://developer.wordpress.org/advanced-administration/debug/debug-wordpress/">Debugging in WordPress</a> for more information. (This message was added in version 7.1.0.) in C:\xampp\htdocs\malumere\wp-includes\functions.php on line 6260
[23-Sep-2026 13:46:05 UTC] PHP Notice:  Function WP_Icons_Registry::register was called <strong>incorrectly</strong>. Icon is already registered. Please see <a href="https://developer.wordpress.org/advanced-administration/debug/debug-wordpress/">Debugging in WordPress</a> for more information. (This message was added in version 7.1.0.) in C:\xampp\htdocs\malumere\wp-includes\functions.php on line 6260
[23-Sep-2026 13:46:05 UTC] PHP Notice:  Function WP_Icons_Registry::register was called <strong>incorrectly</strong>. Icon is already registered. Please see <a href="https://developer.wordpress.org/advanced-administration/debug/debug-wordpress/">Debugging in WordPress</a> for more information. (This message was added in version 7.1.0.) in C:\xampp\htdocs\malumere\wp-includes\functions.php on line 6260
[23-Sep-2026 13:46:05 UTC] PHP Notice:  Function WP_Icons_Registry::register was called <strong>incorrectly</strong>. Icon is already registered. Please see <a href="https://developer.wordpress.org/advanced-administration/debug/debug-wordpress/">Debugging in WordPress</a> for more information. (This message was added in version 7.1.0.) in C:\xampp\htdocs\malumere\wp-includes\functions.php on line 6260
[23-Sep-2026 13:46:05 UTC] PHP Notice:  Function WP_Icons_Registry::register was called <strong>incorrectly</strong>. Icon is already registered. Please see <a href="https://developer.wordpress.org/advanced-administration/debug/debug-wordpress/">Debugging in WordPress</a> for more information. (This message was added in version 7.1.0.) in C:\xampp\htdocs\malumere\wp-includes\functions.php on line 6260
[23-Sep-2026 13:46:05 UTC] PHP Notice:  Function WP_Icons_Registry::register was called <strong>incorrectly</strong>. Icon is already registered. Please see <a href="https://developer.wordpress.org/advanced-administration/debug/debug-wordpress/">Debugging in WordPress</a> for more information. (This message was added in version 7.1.0.) in C:\xampp\htdocs\malumere\wp-includes\functions.php on line 6260
[23-Sep-2026 13:46:05 UTC] PHP Notice:  Function WP_Icons_Registry::register was called <strong>incorrectly</strong>. Icon is already registered. Please see <a href="https://developer.wordpress.org/advanced-administration/debug/debug-wordpress/">Debugging in WordPress</a> for more information. (This message was added in version 7.1.0.) in C:\xampp\htdocs\malumere\wp-includes\functions.php on line 6260
[23-Sep-2026 13:46:05 UTC] PHP Notice:  Function WP_Icons_Registry::register was called <strong>incorrectly</strong>. Icon is already registered. Please see <a href="https://developer.wordpress.org/advanced-administration/debug/debug-wordpress/">Debugging in WordPress</a> for more information. (This message was added in version 7.1.0.) in C:\xampp\htdocs\malumere\wp-includes\functions.php on line 6260
[23-Sep-2026 13:46:05 UTC] PHP Notice:  Function WP_Icons_Registry::register was called <strong>incorrectly</strong>. Icon is already registered. Please see <a href="https://developer.wordpress.org/advanced-administration/debug/debug-wordpress/">Debugging in WordPress</a> for more information. (This message was added in version 7.1.0.) in C:\xampp\htdocs\malumere\wp-includes\functions.php on line 6260
[23-Sep-2026 13:46:05 UTC] PHP Notice:  Function WP_Icons_Registry::register was called <strong>incorrectly</strong>. Icon is already registered. Please see <a href="https://developer.wordpress.org/advanced-administration/debug/debug-wordpress/">Debugging in WordPress</a> for more information. (This message was added in version 7.1.0.) in C:\xampp\htdocs\malumere\wp-includes\functions.php on line 6260
[23-Sep-2026 13:46:05 UTC] PHP Notice:  Function WP_Icons_Registry::register was called <strong>incorrectly</strong>. Icon is already registered. Please see <a href="https://developer.wordpress.org/advanced-administration/debug/debug-wordpress/">Debugging in WordPress</a> for more information. (This message was added in version 7.1.0.) in C:\xampp\htdocs\malumere\wp-includes\functions.php on line 6260
[23-Sep-2026 13:46:05 UTC] PHP Notice:  Function WP_Icons_Registry::register was called <strong>incorrectly</strong>. Icon is already registered. Please see <a href="https://developer.wordpress.org/advanced-administration/debug/debug-wordpress/">Debugging in WordPress</a> for more information. (This message was added in version 7.1.0.) in C:\xampp\htdocs\malumere\wp-includes\functions.php on line 6260
[23-Sep-2026 13:46:05 UTC] PHP Notice:  Function WP_Icons_Registry::register was called <strong>incorrectly</strong>. Icon is already registered. Please see <a href="https://developer.wordpress.org/advanced-administration/debug/debug-wordpress/">Debugging in WordPress</a> for more information. (This message was added in version 7.1.0.) in C:\xampp\htdocs\malumere\wp-includes\functions.php on line 6260
[23-Sep-2026 13:46:05 UTC] PHP Notice:  Function WP_Icons_Registry::register was called <strong>incorrectly</strong>. Icon is already registered. Please see <a href="https://developer.wordpress.org/advanced-administration/debug/debug-wordpress/">Debugging in WordPress</a> for more information. (This message was added in version 7.1.0.) in C:\xampp\htdocs\malumere\wp-includes\functions.php on line 6260
[23-Sep-2026 13:46:05 UTC] PHP Notice:  Function WP_Icons_Registry::register was called <strong>incorrectly</strong>. Icon is already registered. Please see <a href="https://developer.wordpress.org/advanced-administration/debug/debug-wordpress/">Debugging in WordPress</a> for more information. (This message was added in version 7.1.0.) in C:\xampp\htdocs\malumere\wp-includes\functions.php on line 6260
[23-Sep-2026 13:46:05 UTC] PHP Notice:  Function WP_Icons_Registry::register was called <strong>incorrectly</strong>. Icon is already registered. Please see <a href="https://developer.wordpress.org/advanced-administration/debug/debug-wordpress/">Debugging in WordPress</a> for more information. (This message was added in version 7.1.0.) in C:\xampp\htdocs\malumere\wp-includes\functions.php on line 6260
[23-Sep-2026 13:46:05 UTC] PHP Notice:  Function WP_Icons_Registry::register was called <strong>incorrectly</strong>. Icon is already registered. Please see <a href="https://developer.wordpress.org/advanced-administration/debug/debug-wordpress/">Debugging in WordPress</a> for more information. (This message was added in version 7.1.0.) in C:\xampp\htdocs\malumere\wp-includes\functions.php on line 6260
[23-Sep-2026 13:46:05 UTC] PHP Notice:  Function WP_Icons_Registry::register was called <strong>incorrectly</strong>. Icon is already registered. Please see <a href="https://developer.wordpress.org/advanced-administration/debug/debug-wordpress/">Debugging in WordPress</a> for more information. (This message was added in version 7.1.0.) in C:\xampp\htdocs\malumere\wp-includes\functions.php on line 6260
[23-Sep-2026 13:46:05 UTC] PHP Notice:  Function WP_Icons_Registry::register was called <strong>incorrectly</strong>. Icon is already registered. Please see <a href="https://developer.wordpress.org/advanced-administration/debug/debug-wordpress/">Debugging in WordPress</a> for more information. (This message was added in version 7.1.0.) in C:\xampp\htdocs\malumere\wp-includes\functions.php on line 6260
[23-Sep-2026 13:46:05 UTC] PHP Notice:  Function WP_Icons_Registry::register was called <strong>incorrectly</strong>. Icon is already registered. Please see <a href="https://developer.wordpress.org/advanced-administration/debug/debug-wordpress/">Debugging in WordPress</a> for more information. (This message was added in version 7.1.0.) in C:\xampp\htdocs\malumere\wp-includes\functions.php on line 6260
[23-Sep-2026 13:46:05 UTC] PHP Notice:  Function WP_Icons_Registry::register was called <strong>incorrectly</strong>. Icon is already registered. Please see <a href="https://developer.wordpress.org/advanced-administration/debug/debug-wordpress/">Debugging in WordPress</a> for more information. (This message was added in version 7.1.0.) in C:\xampp\htdocs\malumere\wp-includes\functions.php on line 6260
[23-Sep-2026 13:46:05 UTC] PHP Notice:  Function WP_Icons_Registry::register was called <strong>incorrectly</strong>. Icon is already registered. Please see <a href="https://developer.wordpress.org/advanced-administration/debug/debug-wordpress/">Debugging in WordPress</a> for more information. (This message was added in version 7.1.0.) in C:\xampp\htdocs\malumere\wp-includes\functions.php on line 6260
[23-Sep-2026 13:46:05 UTC] PHP Notice:  Function WP_Icons_Registry::register was called <strong>incorrectly</strong>. Icon is already registered. Please see <a href="https://developer.wordpress.org/advanced-administration/debug/debug-wordpress/">Debugging in WordPress</a> for more information. (This message was added in version 7.1.0.) in C:\xampp\htdocs\malumere\wp-includes\functions.php on line 6260
[23-Sep-2026 13:46:05 UTC] PHP Notice:  Function WP_Icons_Registry::register was called <strong>incorrectly</strong>. Icon is already registered. Please see <a href="https://developer.wordpress.org/advanced-administration/debug/debug-wordpress/">Debugging in WordPress</a> for more information. (This message was added in version 7.1.0.) in C:\xampp\htdocs\malumere\wp-includes\functions.php on line 6260
[23-Sep-2026 13:46:05 UTC] PHP Notice:  Function WP_Icons_Registry::register was called <strong>incorrectly</strong>. Icon is already registered. Please see <a href="https://developer.wordpress.org/advanced-administration/debug/debug-wordpress/">Debugging in WordPress</a> for more information. (This message was added in version 7.1.0.) in C:\xampp\htdocs\malumere\wp-includes\functions.php on line 6260
[23-Sep-2026 13:46:05 UTC] PHP Notice:  Function WP_Icons_Registry::register was called <strong>incorrectly</strong>. Icon is already registered. Please see <a href="https://developer.wordpress.org/advanced-administration/debug/debug-wordpress/">Debugging in WordPress</a> for more information. (This message was added in version 7.1.0.) in C:\xampp\htdocs\malumere\wp-includes\functions.php on line 6260
[23-Sep-2026 13:46:05 UTC] PHP Notice:  Function WP_Icons_Registry::register was called <strong>incorrectly</strong>. Icon is already registered. Please see <a href="https://developer.wordpress.org/advanced-administration/debug/debug-wordpress/">Debugging in WordPress</a> for more information. (This message was added in version 7.1.0.) in C:\xampp\htdocs\malumere\wp-includes\functions.php on line 6260
[23-Sep-2026 13:46:05 UTC] PHP Notice:  Function WP_Icons_Registry::register was called <strong>incorrectly</strong>. Icon is already registered. Please see <a href="https://developer.wordpress.org/advanced-administration/debug/debug-wordpress/">Debugging in WordPress</a> for more information. (This message was added in version 7.1.0.) in C:\xampp\htdocs\malumere\wp-includes\functions.php on line 6260
[23-Sep-2026 13:46:05 UTC] PHP Notice:  Function WP_Icons_Registry::register was called <strong>incorrectly</strong>. Icon is already registered. Please see <a href="https://developer.wordpress.org/advanced-administration/debug/debug-wordpress/">Debugging in WordPress</a> for more information. (This message was added in version 7.1.0.) in C:\xampp\htdocs\malumere\wp-includes\functions.php on line 6260
[23-Sep-2026 13:46:05 UTC] PHP Notice:  Function WP_Icons_Registry::register was called <strong>incorrectly</strong>. Icon is already registered. Please see <a href="https://developer.wordpress.org/advanced-administration/debug/debug-wordpress/">Debugging in WordPress</a> for more information. (This message was added in version 7.1.0.) in C:\xampp\htdocs\malumere\wp-includes\functions.php on line 6260
[23-Sep-2026 13:46:05 UTC] PHP Notice:  Function WP_Icons_Registry::register was called <strong>incorrectly</strong>. Icon is already registered. Please see <a href="https://developer.wordpress.org/advanced-administration/debug/debug-wordpress/">Debugging in WordPress</a> for more information. (This message was added in version 7.1.0.) in C:\xampp\htdocs\malumere\wp-includes\functions.php on line 6260
[23-Sep-2026 13:46:05 UTC] PHP Notice:  Function WP_Icons_Registry::register was called <strong>incorrectly</strong>. Icon is already registered. Please see <a href="https://developer.wordpress.org/advanced-administration/debug/debug-wordpress/">Debugging in WordPress</a> for more information. (This message was added in version 7.1.0.) in C:\xampp\htdocs\malumere\wp-includes\functions.php on line 6260
[23-Sep-2026 13:46:05 UTC] PHP Notice:  Function WP_Icons_Registry::register was called <strong>incorrectly</strong>. Icon is already registered. Please see <a href="https://developer.wordpress.org/advanced-administration/debug/debug-wordpress/">Debugging in WordPress</a> for more information. (This message was added in version 7.1.0.) in C:\xampp\htdocs\malumere\wp-includes\functions.php on line 6260
[23-Sep-2026 13:46:05 UTC] PHP Notice:  Function WP_Icons_Registry::register was called <strong>incorrectly</strong>. Icon is already registered. Please see <a href="https://developer.wordpress.org/advanced-administration/debug/debug-wordpress/">Debugging in WordPress</a> for more information. (This message was added in version 7.1.0.) in C:\xampp\htdocs\malumere\wp-includes\functions.php on line 6260
[23-Sep-2026 13:46:05 UTC] PHP Notice:  Function WP_Icons_Registry::register was called <strong>incorrectly</strong>. Icon is already registered. Please see <a href="https://developer.wordpress.org/advanced-administration/debug/debug-wordpress/">Debugging in WordPress</a> for more information. (This message was added in version 7.1.0.) in C:\xampp\htdocs\malumere\wp-includes\functions.php on line 6260
[23-Sep-2026 13:46:05 UTC] PHP Notice:  Function WP_Icons_Registry::register was called <strong>incorrectly</strong>. Icon is already registered. Please see <a href="https://developer.wordpress.org/advanced-administration/debug/debug-wordpress/">Debugging in WordPress</a> for more information. (This message was added in version 7.1.0.) in C:\xampp\htdocs\malumere\wp-includes\functions.php on line 6260
[23-Sep-2026 13:46:05 UTC] PHP Notice:  Function WP_Icons_Registry::register was called <strong>incorrectly</strong>. Icon is already registered. Please see <a href="https://developer.wordpress.org/advanced-administration/debug/debug-wordpress/">Debugging in WordPress</a> for more information. (This message was added in version 7.1.0.) in C:\xampp\htdocs\malumere\wp-includes\functions.php on line 6260
[23-Sep-2026 13:46:05 UTC] PHP Notice:  Function WP_Icons_Registry::register was called <strong>incorrectly</strong>. Icon is already registered. Please see <a href="https://developer.wordpress.org/advanced-administration/debug/debug-wordpress/">Debugging in WordPress</a> for more information. (This message was added in version 7.1.0.) in C:\xampp\htdocs\malumere\wp-includes\functions.php on line 6260
[23-Sep-2026 13:46:05 UTC] PHP Notice:  Function WP_Icons_Registry::register was called <strong>incorrectly</strong>. Icon is already registered. Please see <a href="https://developer.wordpress.org/advanced-administration/debug/debug-wordpress/">Debugging in WordPress</a> for more information. (This message was added in version 7.1.0.) in C:\xampp\htdocs\malumere\wp-includes\functions.php on line 6260
[23-Sep-2026 13:46:05 UTC] PHP Notice:  Function WP_Icons_Registry::register was called <strong>incorrectly</strong>. Icon is already registered. Please see <a href="https://developer.wordpress.org/advanced-administration/debug/debug-wordpress/">Debugging in WordPress</a> for more information. (This message was added in version 7.1.0.) in C:\xampp\htdocs\malumere\wp-includes\functions.php on line 6260
[23-Sep-2026 13:46:05 UTC] PHP Notice:  Function WP_Icons_Registry::register was called <strong>incorrectly</strong>. Icon is already registered. Please see <a href="https://developer.wordpress.org/advanced-administration/debug/debug-wordpress/">Debugging in WordPress</a> for more information. (This message was added in version 7.1.0.) in C:\xampp\htdocs\malumere\wp-includes\functions.php on line 6260
[23-Sep-2026 13:46:05 UTC] PHP Notice:  Function WP_Icons_Registry::register was called <strong>incorrectly</strong>. Icon is already registered. Please see <a href="https://developer.wordpress.org/advanced-administration/debug/debug-wordpress/">Debugging in WordPress</a> for more information. (This message was added in version 7.1.0.) in C:\xampp\htdocs\malumere\wp-includes\functions.php on line 6260
[23-Sep-2026 13:46:05 UTC] PHP Notice:  Function WP_Icons_Registry::register was called <strong>incorrectly</strong>. Icon is already registered. Please see <a href="https://developer.wordpress.org/advanced-administration/debug/debug-wordpress/">Debugging in WordPress</a> for more information. (This message was added in version 7.1.0.) in C:\xampp\htdocs\malumere\wp-includes\functions.php on line 6260
[23-Sep-2026 13:46:05 UTC] PHP Notice:  Function WP_Icons_Registry::register was called <strong>incorrectly</strong>. Icon is already registered. Please see <a href="https://developer.wordpress.org/advanced-administration/debug/debug-wordpress/">Debugging in WordPress</a> for more information. (This message was added in version 7.1.0.) in C:\xampp\htdocs\malumere\wp-includes\functions.php on line 6260
[23-Sep-2026 13:46:05 UTC] PHP Notice:  Function WP_Icons_Registry::register was called <strong>incorrectly</strong>. Icon is already registered. Please see <a href="https://developer.wordpress.org/advanced-administration/debug/debug-wordpress/">Debugging in WordPress</a> for more information. (This message was added in version 7.1.0.) in C:\xampp\htdocs\malumere\wp-includes\functions.php on line 6260
[23-Sep-2026 13:46:05 UTC] PHP Notice:  Function WP_Icons_Registry::register was called <strong>incorrectly</strong>. Icon is already registered. Please see <a href="https://developer.wordpress.org/advanced-administration/debug/debug-wordpress/">Debugging in WordPress</a> for more information. (This message was added in version 7.1.0.) in C:\xampp\htdocs\malumere\wp-includes\functions.php on line 6260
[23-Sep-2026 13:46:05 UTC] PHP Notice:  Function WP_Icons_Registry::register was called <strong>incorrectly</strong>. Icon is already registered. Please see <a href="https://developer.wordpress.org/advanced-administration/debug/debug-wordpress/">Debugging in WordPress</a> for more information. (This message was added in version 7.1.0.) in C:\xampp\htdocs\malumere\wp-includes\functions.php on line 6260
[23-Sep-2026 13:46:05 UTC] PHP Notice:  Function WP_Icons_Registry::register was called <strong>incorrectly</strong>. Icon is already registered. Please see <a href="https://developer.wordpress.org/advanced-administration/debug/debug-wordpress/">Debugging in WordPress</a> for more information. (This message was added in version 7.1.0.) in C:\xampp\htdocs\malumere\wp-includes\functions.php on line 6260
[23-Sep-2026 13:46:05 UTC] PHP Notice:  Function WP_Icons_Registry::register was called <strong>incorrectly</strong>. Icon is already registered. Please see <a href="https://developer.wordpress.org/advanced-administration/debug/debug-wordpress/">Debugging in WordPress</a> for more information. (This message was added in version 7.1.0.) in C:\xampp\htdocs\malumere\wp-includes\functions.php on line 6260
[23-Sep-2026 13:46:05 UTC] PHP Notice:  Function WP_Icons_Registry::register was called <strong>incorrectly</strong>. Icon is already registered. Please see <a href="https://developer.wordpress.org/advanced-administration/debug/debug-wordpress/">Debugging in WordPress</a> for more information. (This message was added in version 7.1.0.) in C:\xampp\htdocs\malumere\wp-includes\functions.php on line 6260
[23-Sep-2026 13:46:05 UTC] PHP Notice:  Function WP_Icons_Registry::register was called <strong>incorrectly</strong>. Icon is already registered. Please see <a href="https://developer.wordpress.org/advanced-administration/debug/debug-wordpress/">Debugging in WordPress</a> for more information. (This message was added in version 7.1.0.) in C:\xampp\htdocs\malumere\wp-includes\functions.php on line 6260
[23-Sep-2026 13:46:05 UTC] PHP Notice:  Function WP_Icons_Registry::register was called <strong>incorrectly</strong>. Icon is already registered. Please see <a href="https://developer.wordpress.org/advanced-administration/debug/debug-wordpress/">Debugging in WordPress</a> for more information. (This message was added in version 7.1.0.) in C:\xampp\htdocs\malumere\wp-includes\functions.php on line 6260
[23-Sep-2026 13:46:05 UTC] PHP Notice:  Function WP_Icons_Registry::register was called <strong>incorrectly</strong>. Icon is already registered. Please see <a href="https://developer.wordpress.org/advanced-administration/debug/debug-wordpress/">Debugging in WordPress</a> for more information. (This message was added in version 7.1.0.) in C:\xampp\htdocs\malumere\wp-includes\functions.php on line 6260
[23-Sep-2026 13:46:05 UTC] PHP Notice:  Function WP_Block_Bindings_Registry::register was called <strong>incorrectly</strong>. Block bindings source "core/pattern-overrides" already registered. Please see <a href="https://developer.wordpress.org/advanced-administration/debug/debug-wordpress/">Debugging in WordPress</a> for more information. (This message was added in version 6.5.0.) in C:\xampp\htdocs\malumere\wp-includes\functions.php on line 6260
[23-Sep-2026 13:46:05 UTC] PHP Notice:  Function WP_Block_Bindings_Registry::register was called <strong>incorrectly</strong>. Block bindings source "core/post-data" already registered. Please see <a href="https://developer.wordpress.org/advanced-administration/debug/debug-wordpress/">Debugging in WordPress</a> for more information. (This message was added in version 6.5.0.) in C:\xampp\htdocs\malumere\wp-includes\functions.php on line 6260
[23-Sep-2026 13:46:05 UTC] PHP Notice:  Function WP_Block_Bindings_Registry::register was called <strong>incorrectly</strong>. Block bindings source "core/post-meta" already registered. Please see <a href="https://developer.wordpress.org/advanced-administration/debug/debug-wordpress/">Debugging in WordPress</a> for more information. (This message was added in version 6.5.0.) in C:\xampp\htdocs\malumere\wp-includes\functions.php on line 6260
[23-Sep-2026 13:46:05 UTC] PHP Notice:  Function WP_Block_Type_Registry::register was called <strong>incorrectly</strong>. Block type "core/legacy-widget" is already registered. Please see <a href="https://developer.wordpress.org/advanced-administration/debug/debug-wordpress/">Debugging in WordPress</a> for more information. (This message was added in version 5.0.0.) in C:\xampp\htdocs\malumere\wp-includes\functions.php on line 6260
[23-Sep-2026 13:46:05 UTC] PHP Notice:  Function WP_Block_Type_Registry::register was called <strong>incorrectly</strong>. Block type "core/widget-group" is already registered. Please see <a href="https://developer.wordpress.org/advanced-administration/debug/debug-wordpress/">Debugging in WordPress</a> for more information. (This message was added in version 5.0.0.) in C:\xampp\htdocs\malumere\wp-includes\functions.php on line 6260
[23-Sep-2026 13:46:05 UTC] PHP Notice:  Function WP_Block_Type_Registry::register was called <strong>incorrectly</strong>. Block type "core/accordion" is already registered. Please see <a href="https://developer.wordpress.org/advanced-administration/debug/debug-wordpress/">Debugging in WordPress</a> for more information. (This message was added in version 5.0.0.) in C:\xampp\htdocs\malumere\wp-includes\functions.php on line 6260
[23-Sep-2026 13:46:05 UTC] PHP Notice:  Function WP_Block_Type_Registry::register was called <strong>incorrectly</strong>. Block type "core/accordion-item" is already registered. Please see <a href="https://developer.wordpress.org/advanced-administration/debug/debug-wordpress/">Debugging in WordPress</a> for more information. (This message was added in version 5.0.0.) in C:\xampp\htdocs\malumere\wp-includes\functions.php on line 6260
[23-Sep-2026 13:46:05 UTC] PHP Notice:  Function WP_Block_Type_Registry::register was called <strong>incorrectly</strong>. Block type "core/archives" is already registered. Please see <a href="https://developer.wordpress.org/advanced-administration/debug/debug-wordpress/">Debugging in WordPress</a> for more information. (This message was added in version 5.0.0.) in C:\xampp\htdocs\malumere\wp-includes\functions.php on line 6260
[23-Sep-2026 13:46:05 UTC] PHP Notice:  Function WP_Block_Type_Registry::register was called <strong>incorrectly</strong>. Block type "core/avatar" is already registered. Please see <a href="https://developer.wordpress.org/advanced-administration/debug/debug-wordpress/">Debugging in WordPress</a> for more information. (This message was added in version 5.0.0.) in C:\xampp\htdocs\malumere\wp-includes\functions.php on line 6260
[23-Sep-2026 13:46:05 UTC] PHP Notice:  Function WP_Block_Type_Registry::register was called <strong>incorrectly</strong>. Block type "core/block" is already registered. Please see <a href="https://developer.wordpress.org/advanced-administration/debug/debug-wordpress/">Debugging in WordPress</a> for more information. (This message was added in version 5.0.0.) in C:\xampp\htdocs\malumere\wp-includes\functions.php on line 6260
[23-Sep-2026 13:46:05 UTC] PHP Notice:  Function WP_Block_Type_Registry::register was called <strong>incorrectly</strong>. Block type "core/breadcrumbs" is already registered. Please see <a href="https://developer.wordpress.org/advanced-administration/debug/debug-wordpress/">Debugging in WordPress</a> for more information. (This message was added in version 5.0.0.) in C:\xampp\htdocs\malumere\wp-includes\functions.php on line 6260
[23-Sep-2026 13:46:05 UTC] PHP Notice:  Function WP_Block_Type_Registry::register was called <strong>incorrectly</strong>. Block type "core/button" is already registered. Please see <a href="https://developer.wordpress.org/advanced-administration/debug/debug-wordpress/">Debugging in WordPress</a> for more information. (This message was added in version 5.0.0.) in C:\xampp\htdocs\malumere\wp-includes\functions.php on line 6260
[23-Sep-2026 13:46:05 UTC] PHP Notice:  Function WP_Block_Type_Registry::register was called <strong>incorrectly</strong>. Block type "core/calendar" is already registered. Please see <a href="https://developer.wordpress.org/advanced-administration/debug/debug-wordpress/">Debugging in WordPress</a> for more information. (This message was added in version 5.0.0.) in C:\xampp\htdocs\malumere\wp-includes\functions.php on line 6260
[23-Sep-2026 13:46:05 UTC] PHP Notice:  Function WP_Block_Type_Registry::register was called <strong>incorrectly</strong>. Block type "core/categories" is already registered. Please see <a href="https://developer.wordpress.org/advanced-administration/debug/debug-wordpress/">Debugging in WordPress</a> for more information. (This message was added in version 5.0.0.) in C:\xampp\htdocs\malumere\wp-includes\functions.php on line 6260
[23-Sep-2026 13:46:05 UTC] PHP Notice:  Function WP_Block_Type_Registry::register was called <strong>incorrectly</strong>. Block type "core/comment-author-name" is already registered. Please see <a href="https://developer.wordpress.org/advanced-administration/debug/debug-wordpress/">Debugging in WordPress</a> for more information. (This message was added in version 5.0.0.) in C:\xampp\htdocs\malumere\wp-includes\functions.php on line 6260
[23-Sep-2026 13:46:05 UTC] PHP Notice:  Function WP_Block_Type_Registry::register was called <strong>incorrectly</strong>. Block type "core/comment-content" is already registered. Please see <a href="https://developer.wordpress.org/advanced-administration/debug/debug-wordpress/">Debugging in WordPress</a> for more information. (This message was added in version 5.0.0.) in C:\xampp\htdocs\malumere\wp-includes\functions.php on line 6260
[23-Sep-2026 13:46:05 UTC] PHP Notice:  Function WP_Block_Type_Registry::register was called <strong>incorrectly</strong>. Block type "core/comment-date" is already registered. Please see <a href="https://developer.wordpress.org/advanced-administration/debug/debug-wordpress/">Debugging in WordPress</a> for more information. (This message was added in version 5.0.0.) in C:\xampp\htdocs\malumere\wp-includes\functions.php on line 6260
[23-Sep-2026 13:46:05 UTC] PHP Notice:  Function WP_Block_Type_Registry::register was called <strong>incorrectly</strong>. Block type "core/comment-edit-link" is already registered. Please see <a href="https://developer.wordpress.org/advanced-administration/debug/debug-wordpress/">Debugging in WordPress</a> for more information. (This message was added in version 5.0.0.) in C:\xampp\htdocs\malumere\wp-includes\functions.php on line 6260
[23-Sep-2026 13:46:05 UTC] PHP Notice:  Function WP_Block_Type_Registry::register was called <strong>incorrectly</strong>. Block type "core/comment-reply-link" is already registered. Please see <a href="https://developer.wordpress.org/advanced-administration/debug/debug-wordpress/">Debugging in WordPress</a> for more information. (This message was added in version 5.0.0.) in C:\xampp\htdocs\malumere\wp-includes\functions.php on line 6260
[23-Sep-2026 13:46:05 UTC] PHP Notice:  Function WP_Block_Type_Registry::register was called <strong>incorrectly</strong>. Block type "core/comment-template" is already registered. Please see <a href="https://developer.wordpress.org/advanced-administration/debug/debug-wordpress/">Debugging in WordPress</a> for more information. (This message was added in version 5.0.0.) in C:\xampp\htdocs\malumere\wp-includes\functions.php on line 6260
[23-Sep-2026 13:46:05 UTC] PHP Notice:  Function WP_Block_Type_Registry::register was called <strong>incorrectly</strong>. Block type "core/comments" is already registered. Please see <a href="https://developer.wordpress.org/advanced-administration/debug/debug-wordpress/">Debugging in WordPress</a> for more information. (This message was added in version 5.0.0.) in C:\xampp\htdocs\malumere\wp-includes\functions.php on line 6260
[23-Sep-2026 13:46:05 UTC] PHP Notice:  Function WP_Block_Type_Registry::register was called <strong>incorrectly</strong>. Block type "core/comments-pagination" is already registered. Please see <a href="https://developer.wordpress.org/advanced-administration/debug/debug-wordpress/">Debugging in WordPress</a> for more information. (This message was added in version 5.0.0.) in C:\xampp\htdocs\malumere\wp-includes\functions.php on line 6260
[23-Sep-2026 13:46:05 UTC] PHP Notice:  Function WP_Block_Type_Registry::register was called <strong>incorrectly</strong>. Block type "core/comments-pagination-next" is already registered. Please see <a href="https://developer.wordpress.org/advanced-administration/debug/debug-wordpress/">Debugging in WordPress</a> for more information. (This message was added in version 5.0.0.) in C:\xampp\htdocs\malumere\wp-includes\functions.php on line 6260
[23-Sep-2026 13:46:05 UTC] PHP Notice:  Function WP_Block_Type_Registry::register was called <strong>incorrectly</strong>. Block type "core/comments-pagination-numbers" is already registered. Please see <a href="https://developer.wordpress.org/advanced-administration/debug/debug-wordpress/">Debugging in WordPress</a> for more information. (This message was added in version 5.0.0.) in C:\xampp\htdocs\malumere\wp-includes\functions.php on line 6260
[23-Sep-2026 13:46:05 UTC] PHP Notice:  Function WP_Block_Type_Registry::register was called <strong>incorrectly</strong>. Block type "core/comments-pagination-previous" is already registered. Please see <a href="https://developer.wordpress.org/advanced-administration/debug/debug-wordpress/">Debugging in WordPress</a> for more information. (This message was added in version 5.0.0.) in C:\xampp\htdocs\malumere\wp-includes\functions.php on line 6260
[23-Sep-2026 13:46:05 UTC] PHP Notice:  Function WP_Block_Type_Registry::register was called <strong>incorrectly</strong>. Block type "core/comments-title" is already registered. Please see <a href="https://developer.wordpress.org/advanced-administration/debug/debug-wordpress/">Debugging in WordPress</a> for more information. (This message was added in version 5.0.0.) in C:\xampp\htdocs\malumere\wp-includes\functions.php on line 6260
[23-Sep-2026 13:46:05 UTC] PHP Notice:  Function WP_Block_Type_Registry::register was called <strong>incorrectly</strong>. Block type "core/cover" is already registered. Please see <a href="https://developer.wordpress.org/advanced-administration/debug/debug-wordpress/">Debugging in WordPress</a> for more information. (This message was added in version 5.0.0.) in C:\xampp\htdocs\malumere\wp-includes\functions.php on line 6260
[23-Sep-2026 13:46:05 UTC] PHP Notice:  Function WP_Block_Type_Registry::register was called <strong>incorrectly</strong>. Block type "core/details" is already registered. Please see <a href="https://developer.wordpress.org/advanced-administration/debug/debug-wordpress/">Debugging in WordPress</a> for more information. (This message was added in version 5.0.0.) in C:\xampp\htdocs\malumere\wp-includes\functions.php on line 6260
[23-Sep-2026 13:46:05 UTC] PHP Notice:  Function WP_Block_Type_Registry::register was called <strong>incorrectly</strong>. Block type "core/file" is already registered. Please see <a href="https://developer.wordpress.org/advanced-administration/debug/debug-wordpress/">Debugging in WordPress</a> for more information. (This message was added in version 5.0.0.) in C:\xampp\htdocs\malumere\wp-includes\functions.php on line 6260
[23-Sep-2026 13:46:05 UTC] PHP Notice:  Function WP_Block_Type_Registry::register was called <strong>incorrectly</strong>. Block type "core/footnotes" is already registered. Please see <a href="https://developer.wordpress.org/advanced-administration/debug/debug-wordpress/">Debugging in WordPress</a> for more information. (This message was added in version 5.0.0.) in C:\xampp\htdocs\malumere\wp-includes\functions.php on line 6260
[23-Sep-2026 13:46:05 UTC] PHP Notice:  Function WP_Block_Type_Registry::register was called <strong>incorrectly</strong>. Block type "core/gallery" is already registered. Please see <a href="https://developer.wordpress.org/advanced-administration/debug/debug-wordpress/">Debugging in WordPress</a> for more information. (This message was added in version 5.0.0.) in C:\xampp\htdocs\malumere\wp-includes\functions.php on line 6260
[23-Sep-2026 13:46:05 UTC] PHP Notice:  Function WP_Block_Type_Registry::register was called <strong>incorrectly</strong>. Block type "core/heading" is already registered. Please see <a href="https://developer.wordpress.org/advanced-administration/debug/debug-wordpress/">Debugging in WordPress</a> for more information. (This message was added in version 5.0.0.) in C:\xampp\htdocs\malumere\wp-includes\functions.php on line 6260
[23-Sep-2026 13:46:05 UTC] PHP Notice:  Function WP_Block_Type_Registry::register was called <strong>incorrectly</strong>. Block type "core/home-link" is already registered. Please see <a href="https://developer.wordpress.org/advanced-administration/debug/debug-wordpress/">Debugging in WordPress</a> for more information. (This message was added in version 5.0.0.) in C:\xampp\htdocs\malumere\wp-includes\functions.php on line 6260
[23-Sep-2026 13:46:05 UTC] PHP Notice:  Function WP_Block_Type_Registry::register was called <strong>incorrectly</strong>. Block type "core/icon" is already registered. Please see <a href="https://developer.wordpress.org/advanced-administration/debug/debug-wordpress/">Debugging in WordPress</a> for more information. (This message was added in version 5.0.0.) in C:\xampp\htdocs\malumere\wp-includes\functions.php on line 6260
[23-Sep-2026 13:46:05 UTC] PHP Notice:  Function WP_Block_Type_Registry::register was called <strong>incorrectly</strong>. Block type "core/image" is already registered. Please see <a href="https://developer.wordpress.org/advanced-administration/debug/debug-wordpress/">Debugging in WordPress</a> for more information. (This message was added in version 5.0.0.) in C:\xampp\htdocs\malumere\wp-includes\functions.php on line 6260
[23-Sep-2026 13:46:05 UTC] PHP Notice:  Function WP_Block_Type_Registry::register was called <strong>incorrectly</strong>. Block type "core/latest-comments" is already registered. Please see <a href="https://developer.wordpress.org/advanced-administration/debug/debug-wordpress/">Debugging in WordPress</a> for more information. (This message was added in version 5.0.0.) in C:\xampp\htdocs\malumere\wp-includes\functions.php on line 6260
[23-Sep-2026 13:46:05 UTC] PHP Notice:  Function WP_Block_Type_Registry::register was called <strong>incorrectly</strong>. Block type "core/latest-posts" is already registered. Please see <a href="https://developer.wordpress.org/advanced-administration/debug/debug-wordpress/">Debugging in WordPress</a> for more information. (This message was added in version 5.0.0.) in C:\xampp\htdocs\malumere\wp-includes\functions.php on line 6260
[23-Sep-2026 13:46:05 UTC] PHP Notice:  Function WP_Block_Type_Registry::register was called <strong>incorrectly</strong>. Block type "core/list" is already registered. Please see <a href="https://developer.wordpress.org/advanced-administration/debug/debug-wordpress/">Debugging in WordPress</a> for more information. (This message was added in version 5.0.0.) in C:\xampp\htdocs\malumere\wp-includes\functions.php on line 6260
[23-Sep-2026 13:46:05 UTC] PHP Notice:  Function WP_Block_Type_Registry::register was called <strong>incorrectly</strong>. Block type "core/loginout" is already registered. Please see <a href="https://developer.wordpress.org/advanced-administration/debug/debug-wordpress/">Debugging in WordPress</a> for more information. (This message was added in version 5.0.0.) in C:\xampp\htdocs\malumere\wp-includes\functions.php on line 6260
[23-Sep-2026 13:46:05 UTC] PHP Notice:  Function WP_Block_Type_Registry::register was called <strong>incorrectly</strong>. Block type "core/media-text" is already registered. Please see <a href="https://developer.wordpress.org/advanced-administration/debug/debug-wordpress/">Debugging in WordPress</a> for more information. (This message was added in version 5.0.0.) in C:\xampp\htdocs\malumere\wp-includes\functions.php on line 6260
[23-Sep-2026 13:46:05 UTC] PHP Notice:  Function WP_Block_Type_Registry::register was called <strong>incorrectly</strong>. Block type "core/navigation" is already registered. Please see <a href="https://developer.wordpress.org/advanced-administration/debug/debug-wordpress/">Debugging in WordPress</a> for more information. (This message was added in version 5.0.0.) in C:\xampp\htdocs\malumere\wp-includes\functions.php on line 6260
[23-Sep-2026 13:46:05 UTC] PHP Notice:  Function WP_Block_Type_Registry::register was called <strong>incorrectly</strong>. Block type "core/navigation-link" is already registered. Please see <a href="https://developer.wordpress.org/advanced-administration/debug/debug-wordpress/">Debugging in WordPress</a> for more information. (This message was added in version 5.0.0.) in C:\xampp\htdocs\malumere\wp-includes\functions.php on line 6260
[23-Sep-2026 13:46:05 UTC] PHP Notice:  Function WP_Block_Type_Registry::register was called <strong>incorrectly</strong>. Block type "core/navigation-overlay-close" is already registered. Please see <a href="https://developer.wordpress.org/advanced-administration/debug/debug-wordpress/">Debugging in WordPress</a> for more information. (This message was added in version 5.0.0.) in C:\xampp\htdocs\malumere\wp-includes\functions.php on line 6260
[23-Sep-2026 13:46:05 UTC] PHP Notice:  Function WP_Block_Type_Registry::register was called <strong>incorrectly</strong>. Block type "core/navigation-submenu" is already registered. Please see <a href="https://developer.wordpress.org/advanced-administration/debug/debug-wordpress/">Debugging in WordPress</a> for more information. (This message was added in version 5.0.0.) in C:\xampp\htdocs\malumere\wp-includes\functions.php on line 6260
[23-Sep-2026 13:46:05 UTC] PHP Notice:  Function WP_Block_Type_Registry::register was called <strong>incorrectly</strong>. Block type "core/page-list" is already registered. Please see <a href="https://developer.wordpress.org/advanced-administration/debug/debug-wordpress/">Debugging in WordPress</a> for more information. (This message was added in version 5.0.0.) in C:\xampp\htdocs\malumere\wp-includes\functions.php on line 6260
[23-Sep-2026 13:46:05 UTC] PHP Notice:  Function WP_Block_Type_Registry::register was called <strong>incorrectly</strong>. Block type "core/page-list-item" is already registered. Please see <a href="https://developer.wordpress.org/advanced-administration/debug/debug-wordpress/">Debugging in WordPress</a> for more information. (This message was added in version 5.0.0.) in C:\xampp\htdocs\malumere\wp-includes\functions.php on line 6260
[23-Sep-2026 13:46:05 UTC] PHP Notice:  Function WP_Block_Type_Registry::register was called <strong>incorrectly</strong>. Block type "core/paragraph" is already registered. Please see <a href="https://developer.wordpress.org/advanced-administration/debug/debug-wordpress/">Debugging in WordPress</a> for more information. (This message was added in version 5.0.0.) in C:\xampp\htdocs\malumere\wp-includes\functions.php on line 6260
[23-Sep-2026 13:46:05 UTC] PHP Notice:  Function WP_Block_Type_Registry::register was called <strong>incorrectly</strong>. Block type "core/pattern" is already registered. Please see <a href="https://developer.wordpress.org/advanced-administration/debug/debug-wordpress/">Debugging in WordPress</a> for more information. (This message was added in version 5.0.0.) in C:\xampp\htdocs\malumere\wp-includes\functions.php on line 6260
[23-Sep-2026 13:46:05 UTC] PHP Notice:  Function WP_Block_Type_Registry::register was called <strong>incorrectly</strong>. Block type "core/playlist" is already registered. Please see <a href="https://developer.wordpress.org/advanced-administration/debug/debug-wordpress/">Debugging in WordPress</a> for more information. (This message was added in version 5.0.0.) in C:\xampp\htdocs\malumere\wp-includes\functions.php on line 6260
[23-Sep-2026 13:46:05 UTC] PHP Notice:  Function WP_Block_Type_Registry::register was called <strong>incorrectly</strong>. Block type "core/playlist-track" is already registered. Please see <a href="https://developer.wordpress.org/advanced-administration/debug/debug-wordpress/">Debugging in WordPress</a> for more information. (This message was added in version 5.0.0.) in C:\xampp\htdocs\malumere\wp-includes\functions.php on line 6260
[23-Sep-2026 13:46:05 UTC] PHP Notice:  Function WP_Block_Type_Registry::register was called <strong>incorrectly</strong>. Block type "core/post-author" is already registered. Please see <a href="https://developer.wordpress.org/advanced-administration/debug/debug-wordpress/">Debugging in WordPress</a> for more information. (This message was added in version 5.0.0.) in C:\xampp\htdocs\malumere\wp-includes\functions.php on line 6260
[23-Sep-2026 13:46:05 UTC] PHP Notice:  Function WP_Block_Type_Registry::register was called <strong>incorrectly</strong>. Block type "core/post-author-biography" is already registered. Please see <a href="https://developer.wordpress.org/advanced-administration/debug/debug-wordpress/">Debugging in WordPress</a> for more information. (This message was added in version 5.0.0.) in C:\xampp\htdocs\malumere\wp-includes\functions.php on line 6260
[23-Sep-2026 13:46:05 UTC] PHP Notice:  Function WP_Block_Type_Registry::register was called <strong>incorrectly</strong>. Block type "core/post-author-name" is already registered. Please see <a href="https://developer.wordpress.org/advanced-administration/debug/debug-wordpress/">Debugging in WordPress</a> for more information. (This message was added in version 5.0.0.) in C:\xampp\htdocs\malumere\wp-includes\functions.php on line 6260
[23-Sep-2026 13:46:05 UTC] PHP Notice:  Function WP_Block_Type_Registry::register was called <strong>incorrectly</strong>. Block type "core/post-comments-count" is already registered. Please see <a href="https://developer.wordpress.org/advanced-administration/debug/debug-wordpress/">Debugging in WordPress</a> for more information. (This message was added in version 5.0.0.) in C:\xampp\htdocs\malumere\wp-includes\functions.php on line 6260
[23-Sep-2026 13:46:05 UTC] PHP Notice:  Function WP_Block_Type_Registry::register was called <strong>incorrectly</strong>. Block type "core/post-comments-form" is already registered. Please see <a href="https://developer.wordpress.org/advanced-administration/debug/debug-wordpress/">Debugging in WordPress</a> for more information. (This message was added in version 5.0.0.) in C:\xampp\htdocs\malumere\wp-includes\functions.php on line 6260
[23-Sep-2026 13:46:05 UTC] PHP Notice:  Function WP_Block_Type_Registry::register was called <strong>incorrectly</strong>. Block type "core/post-comments-link" is already registered. Please see <a href="https://developer.wordpress.org/advanced-administration/debug/debug-wordpress/">Debugging in WordPress</a> for more information. (This message was added in version 5.0.0.) in C:\xampp\htdocs\malumere\wp-includes\functions.php on line 6260
[23-Sep-2026 13:46:05 UTC] PHP Notice:  Function WP_Block_Type_Registry::register was called <strong>incorrectly</strong>. Block type "core/post-content" is already registered. Please see <a href="https://developer.wordpress.org/advanced-administration/debug/debug-wordpress/">Debugging in WordPress</a> for more information. (This message was added in version 5.0.0.) in C:\xampp\htdocs\malumere\wp-includes\functions.php on line 6260
[23-Sep-2026 13:46:05 UTC] PHP Notice:  Function WP_Block_Type_Registry::register was called <strong>incorrectly</strong>. Block type "core/post-date" is already registered. Please see <a href="https://developer.wordpress.org/advanced-administration/debug/debug-wordpress/">Debugging in WordPress</a> for more information. (This message was added in version 5.0.0.) in C:\xampp\htdocs\malumere\wp-includes\functions.php on line 6260
[23-Sep-2026 13:46:05 UTC] PHP Notice:  Function WP_Block_Type_Registry::register was called <strong>incorrectly</strong>. Block type "core/post-excerpt" is already registered. Please see <a href="https://developer.wordpress.org/advanced-administration/debug/debug-wordpress/">Debugging in WordPress</a> for more information. (This message was added in version 5.0.0.) in C:\xampp\htdocs\malumere\wp-includes\functions.php on line 6260
[23-Sep-2026 13:46:05 UTC] PHP Notice:  Function WP_Block_Type_Registry::register was called <strong>incorrectly</strong>. Block type "core/post-featured-image" is already registered. Please see <a href="https://developer.wordpress.org/advanced-administration/debug/debug-wordpress/">Debugging in WordPress</a> for more information. (This message was added in version 5.0.0.) in C:\xampp\htdocs\malumere\wp-includes\functions.php on line 6260
[23-Sep-2026 13:46:05 UTC] PHP Notice:  Function WP_Block_Type_Registry::register was called <strong>incorrectly</strong>. Block type "core/post-navigation-link" is already registered. Please see <a href="https://developer.wordpress.org/advanced-administration/debug/debug-wordpress/">Debugging in WordPress</a> for more information. (This message was added in version 5.0.0.) in C:\xampp\htdocs\malumere\wp-includes\functions.php on line 6260
[23-Sep-2026 13:46:05 UTC] PHP Notice:  Function WP_Block_Type_Registry::register was called <strong>incorrectly</strong>. Block type "core/post-template" is already registered. Please see <a href="https://developer.wordpress.org/advanced-administration/debug/debug-wordpress/">Debugging in WordPress</a> for more information. (This message was added in version 5.0.0.) in C:\xampp\htdocs\malumere\wp-includes\functions.php on line 6260
[23-Sep-2026 13:46:05 UTC] PHP Notice:  Function WP_Block_Type_Registry::register was called <strong>incorrectly</strong>. Block type "core/post-terms" is already registered. Please see <a href="https://developer.wordpress.org/advanced-administration/debug/debug-wordpress/">Debugging in WordPress</a> for more information. (This message was added in version 5.0.0.) in C:\xampp\htdocs\malumere\wp-includes\functions.php on line 6260
[23-Sep-2026 13:46:05 UTC] PHP Notice:  Function WP_Block_Type_Registry::register was called <strong>incorrectly</strong>. Block type "core/post-time-to-read" is already registered. Please see <a href="https://developer.wordpress.org/advanced-administration/debug/debug-wordpress/">Debugging in WordPress</a> for more information. (This message was added in version 5.0.0.) in C:\xampp\htdocs\malumere\wp-includes\functions.php on line 6260
[23-Sep-2026 13:46:05 UTC] PHP Notice:  Function WP_Block_Type_Registry::register was called <strong>incorrectly</strong>. Block type "core/post-title" is already registered. Please see <a href="https://developer.wordpress.org/advanced-administration/debug/debug-wordpress/">Debugging in WordPress</a> for more information. (This message was added in version 5.0.0.) in C:\xampp\htdocs\malumere\wp-includes\functions.php on line 6260
[23-Sep-2026 13:46:05 UTC] PHP Notice:  Function WP_Block_Type_Registry::register was called <strong>incorrectly</strong>. Block type "core/query" is already registered. Please see <a href="https://developer.wordpress.org/advanced-administration/debug/debug-wordpress/">Debugging in WordPress</a> for more information. (This message was added in version 5.0.0.) in C:\xampp\htdocs\malumere\wp-includes\functions.php on line 6260
[23-Sep-2026 13:46:05 UTC] PHP Notice:  Function WP_Block_Type_Registry::register was called <strong>incorrectly</strong>. Block type "core/query-no-results" is already registered. Please see <a href="https://developer.wordpress.org/advanced-administration/debug/debug-wordpress/">Debugging in WordPress</a> for more information. (This message was added in version 5.0.0.) in C:\xampp\htdocs\malumere\wp-includes\functions.php on line 6260
[23-Sep-2026 13:46:05 UTC] PHP Notice:  Function WP_Block_Type_Registry::register was called <strong>incorrectly</strong>. Block type "core/query-pagination" is already registered. Please see <a href="https://developer.wordpress.org/advanced-administration/debug/debug-wordpress/">Debugging in WordPress</a> for more information. (This message was added in version 5.0.0.) in C:\xampp\htdocs\malumere\wp-includes\functions.php on line 6260
[23-Sep-2026 13:46:05 UTC] PHP Notice:  Function WP_Block_Type_Registry::register was called <strong>incorrectly</strong>. Block type "core/query-pagination-next" is already registered. Please see <a href="https://developer.wordpress.org/advanced-administration/debug/debug-wordpress/">Debugging in WordPress</a> for more information. (This message was added in version 5.0.0.) in C:\xampp\htdocs\malumere\wp-includes\functions.php on line 6260
[23-Sep-2026 13:46:05 UTC] PHP Notice:  Function WP_Block_Type_Registry::register was called <strong>incorrectly</strong>. Block type "core/query-pagination-numbers" is already registered. Please see <a href="https://developer.wordpress.org/advanced-administration/debug/debug-wordpress/">Debugging in WordPress</a> for more information. (This message was added in version 5.0.0.) in C:\xampp\htdocs\malumere\wp-includes\functions.php on line 6260
[23-Sep-2026 13:46:05 UTC] PHP Notice:  Function WP_Block_Type_Registry::register was called <strong>incorrectly</strong>. Block type "core/query-pagination-previous" is already registered. Please see <a href="https://developer.wordpress.org/advanced-administration/debug/debug-wordpress/">Debugging in WordPress</a> for more information. (This message was added in version 5.0.0.) in C:\xampp\htdocs\malumere\wp-includes\functions.php on line 6260
[23-Sep-2026 13:46:05 UTC] PHP Notice:  Function WP_Block_Type_Registry::register was called <strong>incorrectly</strong>. Block type "core/query-title" is already registered. Please see <a href="https://developer.wordpress.org/advanced-administration/debug/debug-wordpress/">Debugging in WordPress</a> for more information. (This message was added in version 5.0.0.) in C:\xampp\htdocs\malumere\wp-includes\functions.php on line 6260
[23-Sep-2026 13:46:05 UTC] PHP Notice:  Function WP_Block_Type_Registry::register was called <strong>incorrectly</strong>. Block type "core/query-total" is already registered. Please see <a href="https://developer.wordpress.org/advanced-administration/debug/debug-wordpress/">Debugging in WordPress</a> for more information. (This message was added in version 5.0.0.) in C:\xampp\htdocs\malumere\wp-includes\functions.php on line 6260
[23-Sep-2026 13:46:05 UTC] PHP Notice:  Function WP_Block_Type_Registry::register was called <strong>incorrectly</strong>. Block type "core/read-more" is already registered. Please see <a href="https://developer.wordpress.org/advanced-administration/debug/debug-wordpress/">Debugging in WordPress</a> for more information. (This message was added in version 5.0.0.) in C:\xampp\htdocs\malumere\wp-includes\functions.php on line 6260
[23-Sep-2026 13:46:05 UTC] PHP Notice:  Function WP_Block_Type_Registry::register was called <strong>incorrectly</strong>. Block type "core/rss" is already registered. Please see <a href="https://developer.wordpress.org/advanced-administration/debug/debug-wordpress/">Debugging in WordPress</a> for more information. (This message was added in version 5.0.0.) in C:\xampp\htdocs\malumere\wp-includes\functions.php on line 6260
[23-Sep-2026 13:46:05 UTC] PHP Notice:  Function WP_Block_Type_Registry::register was called <strong>incorrectly</strong>. Block type "core/search" is already registered. Please see <a href="https://developer.wordpress.org/advanced-administration/debug/debug-wordpress/">Debugging in WordPress</a> for more information. (This message was added in version 5.0.0.) in C:\xampp\htdocs\malumere\wp-includes\functions.php on line 6260
[23-Sep-2026 13:46:05 UTC] PHP Notice:  Function WP_Block_Type_Registry::register was called <strong>incorrectly</strong>. Block type "core/shortcode" is already registered. Please see <a href="https://developer.wordpress.org/advanced-administration/debug/debug-wordpress/">Debugging in WordPress</a> for more information. (This message was added in version 5.0.0.) in C:\xampp\htdocs\malumere\wp-includes\functions.php on line 6260
[23-Sep-2026 13:46:05 UTC] PHP Notice:  Function WP_Block_Type_Registry::register was called <strong>incorrectly</strong>. Block type "core/site-logo" is already registered. Please see <a href="https://developer.wordpress.org/advanced-administration/debug/debug-wordpress/">Debugging in WordPress</a> for more information. (This message was added in version 5.0.0.) in C:\xampp\htdocs\malumere\wp-includes\functions.php on line 6260
[23-Sep-2026 13:46:05 UTC] PHP Notice:  Function WP_Block_Type_Registry::register was called <strong>incorrectly</strong>. Block type "core/site-tagline" is already registered. Please see <a href="https://developer.wordpress.org/advanced-administration/debug/debug-wordpress/">Debugging in WordPress</a> for more information. (This message was added in version 5.0.0.) in C:\xampp\htdocs\malumere\wp-includes\functions.php on line 6260
[23-Sep-2026 13:46:05 UTC] PHP Notice:  Function WP_Block_Type_Registry::register was called <strong>incorrectly</strong>. Block type "core/site-title" is already registered. Please see <a href="https://developer.wordpress.org/advanced-administration/debug/debug-wordpress/">Debugging in WordPress</a> for more information. (This message was added in version 5.0.0.) in C:\xampp\htdocs\malumere\wp-includes\functions.php on line 6260
[23-Sep-2026 13:46:05 UTC] PHP Notice:  Function WP_Block_Type_Registry::register was called <strong>incorrectly</strong>. Block type "core/social-link" is already registered. Please see <a href="https://developer.wordpress.org/advanced-administration/debug/debug-wordpress/">Debugging in WordPress</a> for more information. (This message was added in version 5.0.0.) in C:\xampp\htdocs\malumere\wp-includes\functions.php on line 6260
[23-Sep-2026 13:46:05 UTC] PHP Notice:  Function WP_Block_Type_Registry::register was called <strong>incorrectly</strong>. Block type "core/tab-list" is already registered. Please see <a href="https://developer.wordpress.org/advanced-administration/debug/debug-wordpress/">Debugging in WordPress</a> for more information. (This message was added in version 5.0.0.) in C:\xampp\htdocs\malumere\wp-includes\functions.php on line 6260
[23-Sep-2026 13:46:05 UTC] PHP Notice:  Function WP_Block_Type_Registry::register was called <strong>incorrectly</strong>. Block type "core/tab-panel" is already registered. Please see <a href="https://developer.wordpress.org/advanced-administration/debug/debug-wordpress/">Debugging in WordPress</a> for more information. (This message was added in version 5.0.0.) in C:\xampp\htdocs\malumere\wp-includes\functions.php on line 6260
[23-Sep-2026 13:46:05 UTC] PHP Notice:  Function WP_Block_Type_Registry::register was called <strong>incorrectly</strong>. Block type "core/tabs" is already registered. Please see <a href="https://developer.wordpress.org/advanced-administration/debug/debug-wordpress/">Debugging in WordPress</a> for more information. (This message was added in version 5.0.0.) in C:\xampp\htdocs\malumere\wp-includes\functions.php on line 6260
[23-Sep-2026 13:46:05 UTC] PHP Notice:  Function WP_Block_Type_Registry::register was called <strong>incorrectly</strong>. Block type "core/tag-cloud" is already registered. Please see <a href="https://developer.wordpress.org/advanced-administration/debug/debug-wordpress/">Debugging in WordPress</a> for more information. (This message was added in version 5.0.0.) in C:\xampp\htdocs\malumere\wp-includes\functions.php on line 6260
[23-Sep-2026 13:46:05 UTC] PHP Notice:  Function WP_Block_Type_Registry::register was called <strong>incorrectly</strong>. Block type "core/template-part" is already registered. Please see <a href="https://developer.wordpress.org/advanced-administration/debug/debug-wordpress/">Debugging in WordPress</a> for more information. (This message was added in version 5.0.0.) in C:\xampp\htdocs\malumere\wp-includes\functions.php on line 6260
[23-Sep-2026 13:46:05 UTC] PHP Notice:  Function WP_Block_Type_Registry::register was called <strong>incorrectly</strong>. Block type "core/term-count" is already registered. Please see <a href="https://developer.wordpress.org/advanced-administration/debug/debug-wordpress/">Debugging in WordPress</a> for more information. (This message was added in version 5.0.0.) in C:\xampp\htdocs\malumere\wp-includes\functions.php on line 6260
[23-Sep-2026 13:46:05 UTC] PHP Notice:  Function WP_Block_Type_Registry::register was called <strong>incorrectly</strong>. Block type "core/term-description" is already registered. Please see <a href="https://developer.wordpress.org/advanced-administration/debug/debug-wordpress/">Debugging in WordPress</a> for more information. (This message was added in version 5.0.0.) in C:\xampp\htdocs\malumere\wp-includes\functions.php on line 6260
[23-Sep-2026 13:46:05 UTC] PHP Notice:  Function WP_Block_Type_Registry::register was called <strong>incorrectly</strong>. Block type "core/term-name" is already registered. Please see <a href="https://developer.wordpress.org/advanced-administration/debug/debug-wordpress/">Debugging in WordPress</a> for more information. (This message was added in version 5.0.0.) in C:\xampp\htdocs\malumere\wp-includes\functions.php on line 6260
[23-Sep-2026 13:46:05 UTC] PHP Notice:  Function WP_Block_Type_Registry::register was called <strong>incorrectly</strong>. Block type "core/term-template" is already registered. Please see <a href="https://developer.wordpress.org/advanced-administration/debug/debug-wordpress/">Debugging in WordPress</a> for more information. (This message was added in version 5.0.0.) in C:\xampp\htdocs\malumere\wp-includes\functions.php on line 6260
[23-Sep-2026 13:46:05 UTC] PHP Notice:  Function WP_Block_Type_Registry::register was called <strong>incorrectly</strong>. Block type "core/video" is already registered. Please see <a href="https://developer.wordpress.org/advanced-administration/debug/debug-wordpress/">Debugging in WordPress</a> for more information. (This message was added in version 5.0.0.) in C:\xampp\htdocs\malumere\wp-includes\functions.php on line 6260
[23-Sep-2026 13:46:05 UTC] PHP Notice:  Function WP_Block_Type_Registry::register was called <strong>incorrectly</strong>. Block type "core/accordion-heading" is already registered. Please see <a href="https://developer.wordpress.org/advanced-administration/debug/debug-wordpress/">Debugging in WordPress</a> for more information. (This message was added in version 5.0.0.) in C:\xampp\htdocs\malumere\wp-includes\functions.php on line 6260
[23-Sep-2026 13:46:05 UTC] PHP Notice:  Function WP_Block_Type_Registry::register was called <strong>incorrectly</strong>. Block type "core/accordion-panel" is already registered. Please see <a href="https://developer.wordpress.org/advanced-administration/debug/debug-wordpress/">Debugging in WordPress</a> for more information. (This message was added in version 5.0.0.) in C:\xampp\htdocs\malumere\wp-includes\functions.php on line 6260
[23-Sep-2026 13:46:05 UTC] PHP Notice:  Function WP_Block_Type_Registry::register was called <strong>incorrectly</strong>. Block type "core/audio" is already registered. Please see <a href="https://developer.wordpress.org/advanced-administration/debug/debug-wordpress/">Debugging in WordPress</a> for more information. (This message was added in version 5.0.0.) in C:\xampp\htdocs\malumere\wp-includes\functions.php on line 6260
[23-Sep-2026 13:46:05 UTC] PHP Notice:  Function WP_Block_Type_Registry::register was called <strong>incorrectly</strong>. Block type "core/buttons" is already registered. Please see <a href="https://developer.wordpress.org/advanced-administration/debug/debug-wordpress/">Debugging in WordPress</a> for more information. (This message was added in version 5.0.0.) in C:\xampp\htdocs\malumere\wp-includes\functions.php on line 6260
[23-Sep-2026 13:46:05 UTC] PHP Notice:  Function WP_Block_Type_Registry::register was called <strong>incorrectly</strong>. Block type "core/code" is already registered. Please see <a href="https://developer.wordpress.org/advanced-administration/debug/debug-wordpress/">Debugging in WordPress</a> for more information. (This message was added in version 5.0.0.) in C:\xampp\htdocs\malumere\wp-includes\functions.php on line 6260
[23-Sep-2026 13:46:05 UTC] PHP Notice:  Function WP_Block_Type_Registry::register was called <strong>incorrectly</strong>. Block type "core/column" is already registered. Please see <a href="https://developer.wordpress.org/advanced-administration/debug/debug-wordpress/">Debugging in WordPress</a> for more information. (This message was added in version 5.0.0.) in C:\xampp\htdocs\malumere\wp-includes\functions.php on line 6260
[23-Sep-2026 13:46:05 UTC] PHP Notice:  Function WP_Block_Type_Registry::register was called <strong>incorrectly</strong>. Block type "core/columns" is already registered. Please see <a href="https://developer.wordpress.org/advanced-administration/debug/debug-wordpress/">Debugging in WordPress</a> for more information. (This message was added in version 5.0.0.) in C:\xampp\htdocs\malumere\wp-includes\functions.php on line 6260
[23-Sep-2026 13:46:05 UTC] PHP Notice:  Function WP_Block_Type_Registry::register was called <strong>incorrectly</strong>. Block type "core/embed" is already registered. Please see <a href="https://developer.wordpress.org/advanced-administration/debug/debug-wordpress/">Debugging in WordPress</a> for more information. (This message was added in version 5.0.0.) in C:\xampp\htdocs\malumere\wp-includes\functions.php on line 6260
[23-Sep-2026 13:46:05 UTC] PHP Notice:  Function WP_Block_Type_Registry::register was called <strong>incorrectly</strong>. Block type "core/freeform" is already registered. Please see <a href="https://developer.wordpress.org/advanced-administration/debug/debug-wordpress/">Debugging in WordPress</a> for more information. (This message was added in version 5.0.0.) in C:\xampp\htdocs\malumere\wp-includes\functions.php on line 6260
[23-Sep-2026 13:46:05 UTC] PHP Notice:  Function WP_Block_Type_Registry::register was called <strong>incorrectly</strong>. Block type "core/group" is already registered. Please see <a href="https://developer.wordpress.org/advanced-administration/debug/debug-wordpress/">Debugging in WordPress</a> for more information. (This message was added in version 5.0.0.) in C:\xampp\htdocs\malumere\wp-includes\functions.php on line 6260
[23-Sep-2026 13:46:05 UTC] PHP Notice:  Function WP_Block_Type_Registry::register was called <strong>incorrectly</strong>. Block type "core/html" is already registered. Please see <a href="https://developer.wordpress.org/advanced-administration/debug/debug-wordpress/">Debugging in WordPress</a> for more information. (This message was added in version 5.0.0.) in C:\xampp\htdocs\malumere\wp-includes\functions.php on line 6260
[23-Sep-2026 13:46:05 UTC] PHP Notice:  Function WP_Block_Type_Registry::register was called <strong>incorrectly</strong>. Block type "core/list-item" is already registered. Please see <a href="https://developer.wordpress.org/advanced-administration/debug/debug-wordpress/">Debugging in WordPress</a> for more information. (This message was added in version 5.0.0.) in C:\xampp\htdocs\malumere\wp-includes\functions.php on line 6260
[23-Sep-2026 13:46:05 UTC] PHP Notice:  Function WP_Block_Type_Registry::register was called <strong>incorrectly</strong>. Block type "core/math" is already registered. Please see <a href="https://developer.wordpress.org/advanced-administration/debug/debug-wordpress/">Debugging in WordPress</a> for more information. (This message was added in version 5.0.0.) in C:\xampp\htdocs\malumere\wp-includes\functions.php on line 6260
[23-Sep-2026 13:46:05 UTC] PHP Notice:  Function WP_Block_Type_Registry::register was called <strong>incorrectly</strong>. Block type "core/missing" is already registered. Please see <a href="https://developer.wordpress.org/advanced-administration/debug/debug-wordpress/">Debugging in WordPress</a> for more information. (This message was added in version 5.0.0.) in C:\xampp\htdocs\malumere\wp-includes\functions.php on line 6260
[23-Sep-2026 13:46:05 UTC] PHP Notice:  Function WP_Block_Type_Registry::register was called <strong>incorrectly</strong>. Block type "core/more" is already registered. Please see <a href="https://developer.wordpress.org/advanced-administration/debug/debug-wordpress/">Debugging in WordPress</a> for more information. (This message was added in version 5.0.0.) in C:\xampp\htdocs\malumere\wp-includes\functions.php on line 6260
[23-Sep-2026 13:46:05 UTC] PHP Notice:  Function WP_Block_Type_Registry::register was called <strong>incorrectly</strong>. Block type "core/nextpage" is already registered. Please see <a href="https://developer.wordpress.org/advanced-administration/debug/debug-wordpress/">Debugging in WordPress</a> for more information. (This message was added in version 5.0.0.) in C:\xampp\htdocs\malumere\wp-includes\functions.php on line 6260
[23-Sep-2026 13:46:05 UTC] PHP Notice:  Function WP_Block_Type_Registry::register was called <strong>incorrectly</strong>. Block type "core/preformatted" is already registered. Please see <a href="https://developer.wordpress.org/advanced-administration/debug/debug-wordpress/">Debugging in WordPress</a> for more information. (This message was added in version 5.0.0.) in C:\xampp\htdocs\malumere\wp-includes\functions.php on line 6260
[23-Sep-2026 13:46:05 UTC] PHP Notice:  Function WP_Block_Type_Registry::register was called <strong>incorrectly</strong>. Block type "core/pullquote" is already registered. Please see <a href="https://developer.wordpress.org/advanced-administration/debug/debug-wordpress/">Debugging in WordPress</a> for more information. (This message was added in version 5.0.0.) in C:\xampp\htdocs\malumere\wp-includes\functions.php on line 6260
[23-Sep-2026 13:46:05 UTC] PHP Notice:  Function WP_Block_Type_Registry::register was called <strong>incorrectly</strong>. Block type "core/quote" is already registered. Please see <a href="https://developer.wordpress.org/advanced-administration/debug/debug-wordpress/">Debugging in WordPress</a> for more information. (This message was added in version 5.0.0.) in C:\xampp\htdocs\malumere\wp-includes\functions.php on line 6260
[23-Sep-2026 13:46:05 UTC] PHP Notice:  Function WP_Block_Type_Registry::register was called <strong>incorrectly</strong>. Block type "core/separator" is already registered. Please see <a href="https://developer.wordpress.org/advanced-administration/debug/debug-wordpress/">Debugging in WordPress</a> for more information. (This message was added in version 5.0.0.) in C:\xampp\htdocs\malumere\wp-includes\functions.php on line 6260
[23-Sep-2026 13:46:05 UTC] PHP Notice:  Function WP_Block_Type_Registry::register was called <strong>incorrectly</strong>. Block type "core/social-links" is already registered. Please see <a href="https://developer.wordpress.org/advanced-administration/debug/debug-wordpress/">Debugging in WordPress</a> for more information. (This message was added in version 5.0.0.) in C:\xampp\htdocs\malumere\wp-includes\functions.php on line 6260
[23-Sep-2026 13:46:05 UTC] PHP Notice:  Function WP_Block_Type_Registry::register was called <strong>incorrectly</strong>. Block type "core/spacer" is already registered. Please see <a href="https://developer.wordpress.org/advanced-administration/debug/debug-wordpress/">Debugging in WordPress</a> for more information. (This message was added in version 5.0.0.) in C:\xampp\htdocs\malumere\wp-includes\functions.php on line 6260
[23-Sep-2026 13:46:05 UTC] PHP Notice:  Function WP_Block_Type_Registry::register was called <strong>incorrectly</strong>. Block type "core/tab-panels" is already registered. Please see <a href="https://developer.wordpress.org/advanced-administration/debug/debug-wordpress/">Debugging in WordPress</a> for more information. (This message was added in version 5.0.0.) in C:\xampp\htdocs\malumere\wp-includes\functions.php on line 6260
[23-Sep-2026 13:46:05 UTC] PHP Notice:  Function WP_Block_Type_Registry::register was called <strong>incorrectly</strong>. Block type "core/table" is already registered. Please see <a href="https://developer.wordpress.org/advanced-administration/debug/debug-wordpress/">Debugging in WordPress</a> for more information. (This message was added in version 5.0.0.) in C:\xampp\htdocs\malumere\wp-includes\functions.php on line 6260
[23-Sep-2026 13:46:05 UTC] PHP Notice:  Function WP_Block_Type_Registry::register was called <strong>incorrectly</strong>. Block type "core/terms-query" is already registered. Please see <a href="https://developer.wordpress.org/advanced-administration/debug/debug-wordpress/">Debugging in WordPress</a> for more information. (This message was added in version 5.0.0.) in C:\xampp\htdocs\malumere\wp-includes\functions.php on line 6260
[23-Sep-2026 13:46:05 UTC] PHP Notice:  Function WP_Block_Type_Registry::register was called <strong>incorrectly</strong>. Block type "core/text-columns" is already registered. Please see <a href="https://developer.wordpress.org/advanced-administration/debug/debug-wordpress/">Debugging in WordPress</a> for more information. (This message was added in version 5.0.0.) in C:\xampp\htdocs\malumere\wp-includes\functions.php on line 6260
[23-Sep-2026 13:46:05 UTC] PHP Notice:  Function WP_Block_Type_Registry::register was called <strong>incorrectly</strong>. Block type "core/verse" is already registered. Please see <a href="https://developer.wordpress.org/advanced-administration/debug/debug-wordpress/">Debugging in WordPress</a> for more information. (This message was added in version 5.0.0.) in C:\xampp\htdocs\malumere\wp-includes\functions.php on line 6260
[23-Sep-2026 13:46:24 UTC] PHP Warning:  Cannot modify header information - headers already sent by (output started at C:\Users\Jay\AppData\Local\Temp\opencode\smoke10_photos.php:16) in C:\xampp\htdocs\malumere\wp-content\plugins\ma-lumiere-clinic-manager\includes\class-photo-repository.php on line 270
[23-Sep-2026 13:46:24 UTC] PHP Warning:  Cannot modify header information - headers already sent by (output started at C:\Users\Jay\AppData\Local\Temp\opencode\smoke10_photos.php:16) in C:\xampp\htdocs\malumere\wp-content\plugins\ma-lumiere-clinic-manager\includes\class-photo-repository.php on line 271
[23-Sep-2026 13:46:24 UTC] PHP Warning:  Cannot modify header information - headers already sent by (output started at C:\Users\Jay\AppData\Local\Temp\opencode\smoke10_photos.php:16) in C:\xampp\htdocs\malumere\wp-content\plugins\ma-lumiere-clinic-manager\includes\class-photo-repository.php on line 272
[23-Sep-2026 13:46:24 UTC] PHP Warning:  Cannot modify header information - headers already sent by (output started at C:\Users\Jay\AppData\Local\Temp\opencode\smoke10_photos.php:16) in C:\xampp\htdocs\malumere\wp-content\plugins\ma-lumiere-clinic-manager\includes\class-photo-repository.php on line 273
[23-Sep-2026 13:46:24 UTC] PHP Warning:  Cannot modify header information - headers already sent by (output started at C:\Users\Jay\AppData\Local\Temp\opencode\smoke10_photos.php:16) in C:\xampp\htdocs\malumere\wp-content\plugins\ma-lumiere-clinic-manager\includes\class-photo-repository.php on line 274
[23-Sep-2026 13:47:51 UTC] WordPress database error Table 'malumere.wp_ml_visit_services' doesn't exist for query DELETE FROM `wp_ml_visit_services` WHERE `visit_id` = 35
[23-Sep-2026 13:48:32 UTC] PHP Deprecated:  reset(): Calling reset() on an object is deprecated in C:\Users\Jay\AppData\Local\Temp\opencode\dbg35.php on line 6
[23-Sep-2026 13:48:32 UTC] PHP Deprecated:  reset(): Calling reset() on an object is deprecated in C:\Users\Jay\AppData\Local\Temp\opencode\dbg35.php on line 6
[23-Sep-2026 13:48:32 UTC] PHP Deprecated:  reset(): Calling reset() on an object is deprecated in C:\Users\Jay\AppData\Local\Temp\opencode\dbg35.php on line 6
[23-Sep-2026 13:48:32 UTC] PHP Deprecated:  reset(): Calling reset() on an object is deprecated in C:\Users\Jay\AppData\Local\Temp\opencode\dbg35.php on line 6
[23-Sep-2026 13:48:32 UTC] PHP Deprecated:  reset(): Calling reset() on an object is deprecated in C:\Users\Jay\AppData\Local\Temp\opencode\dbg35.php on line 6
[23-Sep-2026 13:48:32 UTC] PHP Deprecated:  reset(): Calling reset() on an object is deprecated in C:\Users\Jay\AppData\Local\Temp\opencode\dbg35.php on line 6
[23-Sep-2026 13:48:32 UTC] PHP Deprecated:  reset(): Calling reset() on an object is deprecated in C:\Users\Jay\AppData\Local\Temp\opencode\dbg35.php on line 6
[23-Sep-2026 13:48:32 UTC] PHP Deprecated:  reset(): Calling reset() on an object is deprecated in C:\Users\Jay\AppData\Local\Temp\opencode\dbg35.php on line 6
[23-Sep-2026 13:48:32 UTC] PHP Deprecated:  reset(): Calling reset() on an object is deprecated in C:\Users\Jay\AppData\Local\Temp\opencode\dbg35.php on line 6
[23-Sep-2026 13:48:32 UTC] PHP Deprecated:  reset(): Calling reset() on an object is deprecated in C:\Users\Jay\AppData\Local\Temp\opencode\dbg35.php on line 6
[23-Sep-2026 13:48:32 UTC] PHP Deprecated:  reset(): Calling reset() on an object is deprecated in C:\Users\Jay\AppData\Local\Temp\opencode\dbg35.php on line 6
[23-Sep-2026 13:48:32 UTC] PHP Deprecated:  reset(): Calling reset() on an object is deprecated in C:\Users\Jay\AppData\Local\Temp\opencode\dbg35.php on line 6
[23-Sep-2026 13:48:32 UTC] PHP Deprecated:  reset(): Calling reset() on an object is deprecated in C:\Users\Jay\AppData\Local\Temp\opencode\dbg35.php on line 6
[23-Sep-2026 13:48:32 UTC] PHP Deprecated:  reset(): Calling reset() on an object is deprecated in C:\Users\Jay\AppData\Local\Temp\opencode\dbg35.php on line 6
[23-Sep-2026 13:48:32 UTC] WordPress database error Table 'malumere.wp_ml_visit_services' doesn't exist for query SHOW COLUMNS FROM wp_ml_visit_services
[23-Sep-2026 13:49:31 UTC] PHP Notice:  Function WP_Icon_Collections_Registry::register was called <strong>incorrectly</strong>. Icon collection is already registered. Please see <a href="https://developer.wordpress.org/advanced-administration/debug/debug-wordpress/">Debugging in WordPress</a> for more information. (This message was added in version 7.1.0.) in C:\xampp\htdocs\malumere\wp-includes\functions.php on line 6260
[23-Sep-2026 13:49:31 UTC] PHP Notice:  Function WP_Font_Library::register_font_collection was called <strong>incorrectly</strong>. Font collection with slug: "google-fonts" is already registered. Please see <a href="https://developer.wordpress.org/advanced-administration/debug/debug-wordpress/">Debugging in WordPress</a> for more information. (This message was added in version 6.5.0.) in C:\xampp\htdocs\malumere\wp-includes\functions.php on line 6260
[23-Sep-2026 13:49:31 UTC] PHP Notice:  Function WP_Icons_Registry::register was called <strong>incorrectly</strong>. Icon is already registered. Please see <a href="https://developer.wordpress.org/advanced-administration/debug/debug-wordpress/">Debugging in WordPress</a> for more information. (This message was added in version 7.1.0.) in C:\xampp\htdocs\malumere\wp-includes\functions.php on line 6260
[23-Sep-2026 13:49:31 UTC] PHP Notice:  Function WP_Icons_Registry::register was called <strong>incorrectly</strong>. Icon is already registered. Please see <a href="https://developer.wordpress.org/advanced-administration/debug/debug-wordpress/">Debugging in WordPress</a> for more information. (This message was added in version 7.1.0.) in C:\xampp\htdocs\malumere\wp-includes\functions.php on line 6260
[23-Sep-2026 13:49:31 UTC] PHP Notice:  Function WP_Icons_Registry::register was called <strong>incorrectly</strong>. Icon is already registered. Please see <a href="https://developer.wordpress.org/advanced-administration/debug/debug-wordpress/">Debugging in WordPress</a> for more information. (This message was added in version 7.1.0.) in C:\xampp\htdocs\malumere\wp-includes\functions.php on line 6260
[23-Sep-2026 13:49:31 UTC] PHP Notice:  Function WP_Icons_Registry::register was called <strong>incorrectly</strong>. Icon is already registered. Please see <a href="https://developer.wordpress.org/advanced-administration/debug/debug-wordpress/">Debugging in WordPress</a> for more information. (This message was added in version 7.1.0.) in C:\xampp\htdocs\malumere\wp-includes\functions.php on line 6260
[23-Sep-2026 13:49:31 UTC] PHP Notice:  Function WP_Icons_Registry::register was called <strong>incorrectly</strong>. Icon is already registered. Please see <a href="https://developer.wordpress.org/advanced-administration/debug/debug-wordpress/">Debugging in WordPress</a> for more information. (This message was added in version 7.1.0.) in C:\xampp\htdocs\malumere\wp-includes\functions.php on line 6260
[23-Sep-2026 13:49:31 UTC] PHP Notice:  Function WP_Icons_Registry::register was called <strong>incorrectly</strong>. Icon is already registered. Please see <a href="https://developer.wordpress.org/advanced-administration/debug/debug-wordpress/">Debugging in WordPress</a> for more information. (This message was added in version 7.1.0.) in C:\xampp\htdocs\malumere\wp-includes\functions.php on line 6260
[23-Sep-2026 13:49:31 UTC] PHP Notice:  Function WP_Icons_Registry::register was called <strong>incorrectly</strong>. Icon is already registered. Please see <a href="https://developer.wordpress.org/advanced-administration/debug/debug-wordpress/">Debugging in WordPress</a> for more information. (This message was added in version 7.1.0.) in C:\xampp\htdocs\malumere\wp-includes\functions.php on line 6260
[23-Sep-2026 13:49:31 UTC] PHP Notice:  Function WP_Icons_Registry::register was called <strong>incorrectly</strong>. Icon is already registered. Please see <a href="https://developer.wordpress.org/advanced-administration/debug/debug-wordpress/">Debugging in WordPress</a> for more information. (This message was added in version 7.1.0.) in C:\xampp\htdocs\malumere\wp-includes\functions.php on line 6260
[23-Sep-2026 13:49:31 UTC] PHP Notice:  Function WP_Icons_Registry::register was called <strong>incorrectly</strong>. Icon is already registered. Please see <a href="https://developer.wordpress.org/advanced-administration/debug/debug-wordpress/">Debugging in WordPress</a> for more information. (This message was added in version 7.1.0.) in C:\xampp\htdocs\malumere\wp-includes\functions.php on line 6260
[23-Sep-2026 13:49:31 UTC] PHP Notice:  Function WP_Icons_Registry::register was called <strong>incorrectly</strong>. Icon is already registered. Please see <a href="https://developer.wordpress.org/advanced-administration/debug/debug-wordpress/">Debugging in WordPress</a> for more information. (This message was added in version 7.1.0.) in C:\xampp\htdocs\malumere\wp-includes\functions.php on line 6260
[23-Sep-2026 13:49:31 UTC] PHP Notice:  Function WP_Icons_Registry::register was called <strong>incorrectly</strong>. Icon is already registered. Please see <a href="https://developer.wordpress.org/advanced-administration/debug/debug-wordpress/">Debugging in WordPress</a> for more information. (This message was added in version 7.1.0.) in C:\xampp\htdocs\malumere\wp-includes\functions.php on line 6260
[23-Sep-2026 13:49:31 UTC] PHP Notice:  Function WP_Icons_Registry::register was called <strong>incorrectly</strong>. Icon is already registered. Please see <a href="https://developer.wordpress.org/advanced-administration/debug/debug-wordpress/">Debugging in WordPress</a> for more information. (This message was added in version 7.1.0.) in C:\xampp\htdocs\malumere\wp-includes\functions.php on line 6260
[23-Sep-2026 13:49:31 UTC] PHP Notice:  Function WP_Icons_Registry::register was called <strong>incorrectly</strong>. Icon is already registered. Please see <a href="https://developer.wordpress.org/advanced-administration/debug/debug-wordpress/">Debugging in WordPress</a> for more information. (This message was added in version 7.1.0.) in C:\xampp\htdocs\malumere\wp-includes\functions.php on line 6260
[23-Sep-2026 13:49:31 UTC] PHP Notice:  Function WP_Icons_Registry::register was called <strong>incorrectly</strong>. Icon is already registered. Please see <a href="https://developer.wordpress.org/advanced-administration/debug/debug-wordpress/">Debugging in WordPress</a> for more information. (This message was added in version 7.1.0.) in C:\xampp\htdocs\malumere\wp-includes\functions.php on line 6260
[23-Sep-2026 13:49:31 UTC] PHP Notice:  Function WP_Icons_Registry::register was called <strong>incorrectly</strong>. Icon is already registered. Please see <a href="https://developer.wordpress.org/advanced-administration/debug/debug-wordpress/">Debugging in WordPress</a> for more information. (This message was added in version 7.1.0.) in C:\xampp\htdocs\malumere\wp-includes\functions.php on line 6260
[23-Sep-2026 13:49:31 UTC] PHP Notice:  Function WP_Icons_Registry::register was called <strong>incorrectly</strong>. Icon is already registered. Please see <a href="https://developer.wordpress.org/advanced-administration/debug/debug-wordpress/">Debugging in WordPress</a> for more information. (This message was added in version 7.1.0.) in C:\xampp\htdocs\malumere\wp-includes\functions.php on line 6260
[23-Sep-2026 13:49:31 UTC] PHP Notice:  Function WP_Icons_Registry::register was called <strong>incorrectly</strong>. Icon is already registered. Please see <a href="https://developer.wordpress.org/advanced-administration/debug/debug-wordpress/">Debugging in WordPress</a> for more information. (This message was added in version 7.1.0.) in C:\xampp\htdocs\malumere\wp-includes\functions.php on line 6260
[23-Sep-2026 13:49:31 UTC] PHP Notice:  Function WP_Icons_Registry::register was called <strong>incorrectly</strong>. Icon is already registered. Please see <a href="https://developer.wordpress.org/advanced-administration/debug/debug-wordpress/">Debugging in WordPress</a> for more information. (This message was added in version 7.1.0.) in C:\xampp\htdocs\malumere\wp-includes\functions.php on line 6260
[23-Sep-2026 13:49:31 UTC] PHP Notice:  Function WP_Icons_Registry::register was called <strong>incorrectly</strong>. Icon is already registered. Please see <a href="https://developer.wordpress.org/advanced-administration/debug/debug-wordpress/">Debugging in WordPress</a> for more information. (This message was added in version 7.1.0.) in C:\xampp\htdocs\malumere\wp-includes\functions.php on line 6260
[23-Sep-2026 13:49:31 UTC] PHP Notice:  Function WP_Icons_Registry::register was called <strong>incorrectly</strong>. Icon is already registered. Please see <a href="https://developer.wordpress.org/advanced-administration/debug/debug-wordpress/">Debugging in WordPress</a> for more information. (This message was added in version 7.1.0.) in C:\xampp\htdocs\malumere\wp-includes\functions.php on line 6260
[23-Sep-2026 13:49:31 UTC] PHP Notice:  Function WP_Icons_Registry::register was called <strong>incorrectly</strong>. Icon is already registered. Please see <a href="https://developer.wordpress.org/advanced-administration/debug/debug-wordpress/">Debugging in WordPress</a> for more information. (This message was added in version 7.1.0.) in C:\xampp\htdocs\malumere\wp-includes\functions.php on line 6260
[23-Sep-2026 13:49:31 UTC] PHP Notice:  Function WP_Icons_Registry::register was called <strong>incorrectly</strong>. Icon is already registered. Please see <a href="https://developer.wordpress.org/advanced-administration/debug/debug-wordpress/">Debugging in WordPress</a> for more information. (This message was added in version 7.1.0.) in C:\xampp\htdocs\malumere\wp-includes\functions.php on line 6260
[23-Sep-2026 13:49:31 UTC] PHP Notice:  Function WP_Icons_Registry::register was called <strong>incorrectly</strong>. Icon is already registered. Please see <a href="https://developer.wordpress.org/advanced-administration/debug/debug-wordpress/">Debugging in WordPress</a> for more information. (This message was added in version 7.1.0.) in C:\xampp\htdocs\malumere\wp-includes\functions.php on line 6260
[23-Sep-2026 13:49:31 UTC] PHP Notice:  Function WP_Icons_Registry::register was called <strong>incorrectly</strong>. Icon is already registered. Please see <a href="https://developer.wordpress.org/advanced-administration/debug/debug-wordpress/">Debugging in WordPress</a> for more information. (This message was added in version 7.1.0.) in C:\xampp\htdocs\malumere\wp-includes\functions.php on line 6260
[23-Sep-2026 13:49:31 UTC] PHP Notice:  Function WP_Icons_Registry::register was called <strong>incorrectly</strong>. Icon is already registered. Please see <a href="https://developer.wordpress.org/advanced-administration/debug/debug-wordpress/">Debugging in WordPress</a> for more information. (This message was added in version 7.1.0.) in C:\xampp\htdocs\malumere\wp-includes\functions.php on line 6260
[23-Sep-2026 13:49:31 UTC] PHP Notice:  Function WP_Icons_Registry::register was called <strong>incorrectly</strong>. Icon is already registered. Please see <a href="https://developer.wordpress.org/advanced-administration/debug/debug-wordpress/">Debugging in WordPress</a> for more information. (This message was added in version 7.1.0.) in C:\xampp\htdocs\malumere\wp-includes\functions.php on line 6260
[23-Sep-2026 13:49:31 UTC] PHP Notice:  Function WP_Icons_Registry::register was called <strong>incorrectly</strong>. Icon is already registered. Please see <a href="https://developer.wordpress.org/advanced-administration/debug/debug-wordpress/">Debugging in WordPress</a> for more information. (This message was added in version 7.1.0.) in C:\xampp\htdocs\malumere\wp-includes\functions.php on line 6260
[23-Sep-2026 13:49:31 UTC] PHP Notice:  Function WP_Icons_Registry::register was called <strong>incorrectly</strong>. Icon is already registered. Please see <a href="https://developer.wordpress.org/advanced-administration/debug/debug-wordpress/">Debugging in WordPress</a> for more information. (This message was added in version 7.1.0.) in C:\xampp\htdocs\malumere\wp-includes\functions.php on line 6260
[23-Sep-2026 13:49:31 UTC] PHP Notice:  Function WP_Icons_Registry::register was called <strong>incorrectly</strong>. Icon is already registered. Please see <a href="https://developer.wordpress.org/advanced-administration/debug/debug-wordpress/">Debugging in WordPress</a> for more information. (This message was added in version 7.1.0.) in C:\xampp\htdocs\malumere\wp-includes\functions.php on line 6260
[23-Sep-2026 13:49:31 UTC] PHP Notice:  Function WP_Icons_Registry::register was called <strong>incorrectly</strong>. Icon is already registered. Please see <a href="https://developer.wordpress.org/advanced-administration/debug/debug-wordpress/">Debugging in WordPress</a> for more information. (This message was added in version 7.1.0.) in C:\xampp\htdocs\malumere\wp-includes\functions.php on line 6260
[23-Sep-2026 13:49:31 UTC] PHP Notice:  Function WP_Icons_Registry::register was called <strong>incorrectly</strong>. Icon is already registered. Please see <a href="https://developer.wordpress.org/advanced-administration/debug/debug-wordpress/">Debugging in WordPress</a> for more information. (This message was added in version 7.1.0.) in C:\xampp\htdocs\malumere\wp-includes\functions.php on line 6260
[23-Sep-2026 13:49:31 UTC] PHP Notice:  Function WP_Icons_Registry::register was called <strong>incorrectly</strong>. Icon is already registered. Please see <a href="https://developer.wordpress.org/advanced-administration/debug/debug-wordpress/">Debugging in WordPress</a> for more information. (This message was added in version 7.1.0.) in C:\xampp\htdocs\malumere\wp-includes\functions.php on line 6260
[23-Sep-2026 13:49:31 UTC] PHP Notice:  Function WP_Icons_Registry::register was called <strong>incorrectly</strong>. Icon is already registered. Please see <a href="https://developer.wordpress.org/advanced-administration/debug/debug-wordpress/">Debugging in WordPress</a> for more information. (This message was added in version 7.1.0.) in C:\xampp\htdocs\malumere\wp-includes\functions.php on line 6260
[23-Sep-2026 13:49:31 UTC] PHP Notice:  Function WP_Icons_Registry::register was called <strong>incorrectly</strong>. Icon is already registered. Please see <a href="https://developer.wordpress.org/advanced-administration/debug/debug-wordpress/">Debugging in WordPress</a> for more information. (This message was added in version 7.1.0.) in C:\xampp\htdocs\malumere\wp-includes\functions.php on line 6260
[23-Sep-2026 13:49:31 UTC] PHP Notice:  Function WP_Icons_Registry::register was called <strong>incorrectly</strong>. Icon is already registered. Please see <a href="https://developer.wordpress.org/advanced-administration/debug/debug-wordpress/">Debugging in WordPress</a> for more information. (This message was added in version 7.1.0.) in C:\xampp\htdocs\malumere\wp-includes\functions.php on line 6260
[23-Sep-2026 13:49:31 UTC] PHP Notice:  Function WP_Icons_Registry::register was called <strong>incorrectly</strong>. Icon is already registered. Please see <a href="https://developer.wordpress.org/advanced-administration/debug/debug-wordpress/">Debugging in WordPress</a> for more information. (This message was added in version 7.1.0.) in C:\xampp\htdocs\malumere\wp-includes\functions.php on line 6260
[23-Sep-2026 13:49:31 UTC] PHP Notice:  Function WP_Icons_Registry::register was called <strong>incorrectly</strong>. Icon is already registered. Please see <a href="https://developer.wordpress.org/advanced-administration/debug/debug-wordpress/">Debugging in WordPress</a> for more information. (This message was added in version 7.1.0.) in C:\xampp\htdocs\malumere\wp-includes\functions.php on line 6260
[23-Sep-2026 13:49:31 UTC] PHP Notice:  Function WP_Icons_Registry::register was called <strong>incorrectly</strong>. Icon is already registered. Please see <a href="https://developer.wordpress.org/advanced-administration/debug/debug-wordpress/">Debugging in WordPress</a> for more information. (This message was added in version 7.1.0.) in C:\xampp\htdocs\malumere\wp-includes\functions.php on line 6260
[23-Sep-2026 13:49:31 UTC] PHP Notice:  Function WP_Icons_Registry::register was called <strong>incorrectly</strong>. Icon is already registered. Please see <a href="https://developer.wordpress.org/advanced-administration/debug/debug-wordpress/">Debugging in WordPress</a> for more information. (This message was added in version 7.1.0.) in C:\xampp\htdocs\malumere\wp-includes\functions.php on line 6260
[23-Sep-2026 13:49:31 UTC] PHP Notice:  Function WP_Icons_Registry::register was called <strong>incorrectly</strong>. Icon is already registered. Please see <a href="https://developer.wordpress.org/advanced-administration/debug/debug-wordpress/">Debugging in WordPress</a> for more information. (This message was added in version 7.1.0.) in C:\xampp\htdocs\malumere\wp-includes\functions.php on line 6260
[23-Sep-2026 13:49:31 UTC] PHP Notice:  Function WP_Icons_Registry::register was called <strong>incorrectly</strong>. Icon is already registered. Please see <a href="https://developer.wordpress.org/advanced-administration/debug/debug-wordpress/">Debugging in WordPress</a> for more information. (This message was added in version 7.1.0.) in C:\xampp\htdocs\malumere\wp-includes\functions.php on line 6260
[23-Sep-2026 13:49:31 UTC] PHP Notice:  Function WP_Icons_Registry::register was called <strong>incorrectly</strong>. Icon is already registered. Please see <a href="https://developer.wordpress.org/advanced-administration/debug/debug-wordpress/">Debugging in WordPress</a> for more information. (This message was added in version 7.1.0.) in C:\xampp\htdocs\malumere\wp-includes\functions.php on line 6260
[23-Sep-2026 13:49:31 UTC] PHP Notice:  Function WP_Icons_Registry::register was called <strong>incorrectly</strong>. Icon is already registered. Please see <a href="https://developer.wordpress.org/advanced-administration/debug/debug-wordpress/">Debugging in WordPress</a> for more information. (This message was added in version 7.1.0.) in C:\xampp\htdocs\malumere\wp-includes\functions.php on line 6260
[23-Sep-2026 13:49:31 UTC] PHP Notice:  Function WP_Icons_Registry::register was called <strong>incorrectly</strong>. Icon is already registered. Please see <a href="https://developer.wordpress.org/advanced-administration/debug/debug-wordpress/">Debugging in WordPress</a> for more information. (This message was added in version 7.1.0.) in C:\xampp\htdocs\malumere\wp-includes\functions.php on line 6260
[23-Sep-2026 13:49:31 UTC] PHP Notice:  Function WP_Icons_Registry::register was called <strong>incorrectly</strong>. Icon is already registered. Please see <a href="https://developer.wordpress.org/advanced-administration/debug/debug-wordpress/">Debugging in WordPress</a> for more information. (This message was added in version 7.1.0.) in C:\xampp\htdocs\malumere\wp-includes\functions.php on line 6260
[23-Sep-2026 13:49:31 UTC] PHP Notice:  Function WP_Icons_Registry::register was called <strong>incorrectly</strong>. Icon is already registered. Please see <a href="https://developer.wordpress.org/advanced-administration/debug/debug-wordpress/">Debugging in WordPress</a> for more information. (This message was added in version 7.1.0.) in C:\xampp\htdocs\malumere\wp-includes\functions.php on line 6260
[23-Sep-2026 13:49:31 UTC] PHP Notice:  Function WP_Icons_Registry::register was called <strong>incorrectly</strong>. Icon is already registered. Please see <a href="https://developer.wordpress.org/advanced-administration/debug/debug-wordpress/">Debugging in WordPress</a> for more information. (This message was added in version 7.1.0.) in C:\xampp\htdocs\malumere\wp-includes\functions.php on line 6260
[23-Sep-2026 13:49:31 UTC] PHP Notice:  Function WP_Icons_Registry::register was called <strong>incorrectly</strong>. Icon is already registered. Please see <a href="https://developer.wordpress.org/advanced-administration/debug/debug-wordpress/">Debugging in WordPress</a> for more information. (This message was added in version 7.1.0.) in C:\xampp\htdocs\malumere\wp-includes\functions.php on line 6260
[23-Sep-2026 13:49:31 UTC] PHP Notice:  Function WP_Icons_Registry::register was called <strong>incorrectly</strong>. Icon is already registered. Please see <a href="https://developer.wordpress.org/advanced-administration/debug/debug-wordpress/">Debugging in WordPress</a> for more information. (This message was added in version 7.1.0.) in C:\xampp\htdocs\malumere\wp-includes\functions.php on line 6260
[23-Sep-2026 13:49:31 UTC] PHP Notice:  Function WP_Icons_Registry::register was called <strong>incorrectly</strong>. Icon is already registered. Please see <a href="https://developer.wordpress.org/advanced-administration/debug/debug-wordpress/">Debugging in WordPress</a> for more information. (This message was added in version 7.1.0.) in C:\xampp\htdocs\malumere\wp-includes\functions.php on line 6260
[23-Sep-2026 13:49:31 UTC] PHP Notice:  Function WP_Icons_Registry::register was called <strong>incorrectly</strong>. Icon is already registered. Please see <a href="https://developer.wordpress.org/advanced-administration/debug/debug-wordpress/">Debugging in WordPress</a> for more information. (This message was added in version 7.1.0.) in C:\xampp\htdocs\malumere\wp-includes\functions.php on line 6260
[23-Sep-2026 13:49:31 UTC] PHP Notice:  Function WP_Icons_Registry::register was called <strong>incorrectly</strong>. Icon is already registered. Please see <a href="https://developer.wordpress.org/advanced-administration/debug/debug-wordpress/">Debugging in WordPress</a> for more information. (This message was added in version 7.1.0.) in C:\xampp\htdocs\malumere\wp-includes\functions.php on line 6260
[23-Sep-2026 13:49:31 UTC] PHP Notice:  Function WP_Icons_Registry::register was called <strong>incorrectly</strong>. Icon is already registered. Please see <a href="https://developer.wordpress.org/advanced-administration/debug/debug-wordpress/">Debugging in WordPress</a> for more information. (This message was added in version 7.1.0.) in C:\xampp\htdocs\malumere\wp-includes\functions.php on line 6260
[23-Sep-2026 13:49:31 UTC] PHP Notice:  Function WP_Icons_Registry::register was called <strong>incorrectly</strong>. Icon is already registered. Please see <a href="https://developer.wordpress.org/advanced-administration/debug/debug-wordpress/">Debugging in WordPress</a> for more information. (This message was added in version 7.1.0.) in C:\xampp\htdocs\malumere\wp-includes\functions.php on line 6260
[23-Sep-2026 13:49:31 UTC] PHP Notice:  Function WP_Icons_Registry::register was called <strong>incorrectly</strong>. Icon is already registered. Please see <a href="https://developer.wordpress.org/advanced-administration/debug/debug-wordpress/">Debugging in WordPress</a> for more information. (This message was added in version 7.1.0.) in C:\xampp\htdocs\malumere\wp-includes\functions.php on line 6260
[23-Sep-2026 13:49:31 UTC] PHP Notice:  Function WP_Icons_Registry::register was called <strong>incorrectly</strong>. Icon is already registered. Please see <a href="https://developer.wordpress.org/advanced-administration/debug/debug-wordpress/">Debugging in WordPress</a> for more information. (This message was added in version 7.1.0.) in C:\xampp\htdocs\malumere\wp-includes\functions.php on line 6260
[23-Sep-2026 13:49:31 UTC] PHP Notice:  Function WP_Icons_Registry::register was called <strong>incorrectly</strong>. Icon is already registered. Please see <a href="https://developer.wordpress.org/advanced-administration/debug/debug-wordpress/">Debugging in WordPress</a> for more information. (This message was added in version 7.1.0.) in C:\xampp\htdocs\malumere\wp-includes\functions.php on line 6260
[23-Sep-2026 13:49:31 UTC] PHP Notice:  Function WP_Icons_Registry::register was called <strong>incorrectly</strong>. Icon is already registered. Please see <a href="https://developer.wordpress.org/advanced-administration/debug/debug-wordpress/">Debugging in WordPress</a> for more information. (This message was added in version 7.1.0.) in C:\xampp\htdocs\malumere\wp-includes\functions.php on line 6260
[23-Sep-2026 13:49:31 UTC] PHP Notice:  Function WP_Icons_Registry::register was called <strong>incorrectly</strong>. Icon is already registered. Please see <a href="https://developer.wordpress.org/advanced-administration/debug/debug-wordpress/">Debugging in WordPress</a> for more information. (This message was added in version 7.1.0.) in C:\xampp\htdocs\malumere\wp-includes\functions.php on line 6260
[23-Sep-2026 13:49:31 UTC] PHP Notice:  Function WP_Icons_Registry::register was called <strong>incorrectly</strong>. Icon is already registered. Please see <a href="https://developer.wordpress.org/advanced-administration/debug/debug-wordpress/">Debugging in WordPress</a> for more information. (This message was added in version 7.1.0.) in C:\xampp\htdocs\malumere\wp-includes\functions.php on line 6260
[23-Sep-2026 13:49:31 UTC] PHP Notice:  Function WP_Icons_Registry::register was called <strong>incorrectly</strong>. Icon is already registered. Please see <a href="https://developer.wordpress.org/advanced-administration/debug/debug-wordpress/">Debugging in WordPress</a> for more information. (This message was added in version 7.1.0.) in C:\xampp\htdocs\malumere\wp-includes\functions.php on line 6260
[23-Sep-2026 13:49:31 UTC] PHP Notice:  Function WP_Icons_Registry::register was called <strong>incorrectly</strong>. Icon is already registered. Please see <a href="https://developer.wordpress.org/advanced-administration/debug/debug-wordpress/">Debugging in WordPress</a> for more information. (This message was added in version 7.1.0.) in C:\xampp\htdocs\malumere\wp-includes\functions.php on line 6260
[23-Sep-2026 13:49:31 UTC] PHP Notice:  Function WP_Icons_Registry::register was called <strong>incorrectly</strong>. Icon is already registered. Please see <a href="https://developer.wordpress.org/advanced-administration/debug/debug-wordpress/">Debugging in WordPress</a> for more information. (This message was added in version 7.1.0.) in C:\xampp\htdocs\malumere\wp-includes\functions.php on line 6260
[23-Sep-2026 13:49:31 UTC] PHP Notice:  Function WP_Icons_Registry::register was called <strong>incorrectly</strong>. Icon is already registered. Please see <a href="https://developer.wordpress.org/advanced-administration/debug/debug-wordpress/">Debugging in WordPress</a> for more information. (This message was added in version 7.1.0.) in C:\xampp\htdocs\malumere\wp-includes\functions.php on line 6260
[23-Sep-2026 13:49:31 UTC] PHP Notice:  Function WP_Icons_Registry::register was called <strong>incorrectly</strong>. Icon is already registered. Please see <a href="https://developer.wordpress.org/advanced-administration/debug/debug-wordpress/">Debugging in WordPress</a> for more information. (This message was added in version 7.1.0.) in C:\xampp\htdocs\malumere\wp-includes\functions.php on line 6260
[23-Sep-2026 13:49:31 UTC] PHP Notice:  Function WP_Icons_Registry::register was called <strong>incorrectly</strong>. Icon is already registered. Please see <a href="https://developer.wordpress.org/advanced-administration/debug/debug-wordpress/">Debugging in WordPress</a> for more information. (This message was added in version 7.1.0.) in C:\xampp\htdocs\malumere\wp-includes\functions.php on line 6260
[23-Sep-2026 13:49:31 UTC] PHP Notice:  Function WP_Icons_Registry::register was called <strong>incorrectly</strong>. Icon is already registered. Please see <a href="https://developer.wordpress.org/advanced-administration/debug/debug-wordpress/">Debugging in WordPress</a> for more information. (This message was added in version 7.1.0.) in C:\xampp\htdocs\malumere\wp-includes\functions.php on line 6260
[23-Sep-2026 13:49:31 UTC] PHP Notice:  Function WP_Icons_Registry::register was called <strong>incorrectly</strong>. Icon is already registered. Please see <a href="https://developer.wordpress.org/advanced-administration/debug/debug-wordpress/">Debugging in WordPress</a> for more information. (This message was added in version 7.1.0.) in C:\xampp\htdocs\malumere\wp-includes\functions.php on line 6260
[23-Sep-2026 13:49:31 UTC] PHP Notice:  Function WP_Icons_Registry::register was called <strong>incorrectly</strong>. Icon is already registered. Please see <a href="https://developer.wordpress.org/advanced-administration/debug/debug-wordpress/">Debugging in WordPress</a> for more information. (This message was added in version 7.1.0.) in C:\xampp\htdocs\malumere\wp-includes\functions.php on line 6260
[23-Sep-2026 13:49:31 UTC] PHP Notice:  Function WP_Icons_Registry::register was called <strong>incorrectly</strong>. Icon is already registered. Please see <a href="https://developer.wordpress.org/advanced-administration/debug/debug-wordpress/">Debugging in WordPress</a> for more information. (This message was added in version 7.1.0.) in C:\xampp\htdocs\malumere\wp-includes\functions.php on line 6260
[23-Sep-2026 13:49:31 UTC] PHP Notice:  Function WP_Icons_Registry::register was called <strong>incorrectly</strong>. Icon is already registered. Please see <a href="https://developer.wordpress.org/advanced-administration/debug/debug-wordpress/">Debugging in WordPress</a> for more information. (This message was added in version 7.1.0.) in C:\xampp\htdocs\malumere\wp-includes\functions.php on line 6260
[23-Sep-2026 13:49:31 UTC] PHP Notice:  Function WP_Icons_Registry::register was called <strong>incorrectly</strong>. Icon is already registered. Please see <a href="https://developer.wordpress.org/advanced-administration/debug/debug-wordpress/">Debugging in WordPress</a> for more information. (This message was added in version 7.1.0.) in C:\xampp\htdocs\malumere\wp-includes\functions.php on line 6260
[23-Sep-2026 13:49:31 UTC] PHP Notice:  Function WP_Icons_Registry::register was called <strong>incorrectly</strong>. Icon is already registered. Please see <a href="https://developer.wordpress.org/advanced-administration/debug/debug-wordpress/">Debugging in WordPress</a> for more information. (This message was added in version 7.1.0.) in C:\xampp\htdocs\malumere\wp-includes\functions.php on line 6260
[23-Sep-2026 13:49:31 UTC] PHP Notice:  Function WP_Icons_Registry::register was called <strong>incorrectly</strong>. Icon is already registered. Please see <a href="https://developer.wordpress.org/advanced-administration/debug/debug-wordpress/">Debugging in WordPress</a> for more information. (This message was added in version 7.1.0.) in C:\xampp\htdocs\malumere\wp-includes\functions.php on line 6260
[23-Sep-2026 13:49:31 UTC] PHP Notice:  Function WP_Icons_Registry::register was called <strong>incorrectly</strong>. Icon is already registered. Please see <a href="https://developer.wordpress.org/advanced-administration/debug/debug-wordpress/">Debugging in WordPress</a> for more information. (This message was added in version 7.1.0.) in C:\xampp\htdocs\malumere\wp-includes\functions.php on line 6260
[23-Sep-2026 13:49:31 UTC] PHP Notice:  Function WP_Icons_Registry::register was called <strong>incorrectly</strong>. Icon is already registered. Please see <a href="https://developer.wordpress.org/advanced-administration/debug/debug-wordpress/">Debugging in WordPress</a> for more information. (This message was added in version 7.1.0.) in C:\xampp\htdocs\malumere\wp-includes\functions.php on line 6260
[23-Sep-2026 13:49:31 UTC] PHP Notice:  Function WP_Icons_Registry::register was called <strong>incorrectly</strong>. Icon is already registered. Please see <a href="https://developer.wordpress.org/advanced-administration/debug/debug-wordpress/">Debugging in WordPress</a> for more information. (This message was added in version 7.1.0.) in C:\xampp\htdocs\malumere\wp-includes\functions.php on line 6260
[23-Sep-2026 13:49:31 UTC] PHP Notice:  Function WP_Icons_Registry::register was called <strong>incorrectly</strong>. Icon is already registered. Please see <a href="https://developer.wordpress.org/advanced-administration/debug/debug-wordpress/">Debugging in WordPress</a> for more information. (This message was added in version 7.1.0.) in C:\xampp\htdocs\malumere\wp-includes\functions.php on line 6260
[23-Sep-2026 13:49:31 UTC] PHP Notice:  Function WP_Icons_Registry::register was called <strong>incorrectly</strong>. Icon is already registered. Please see <a href="https://developer.wordpress.org/advanced-administration/debug/debug-wordpress/">Debugging in WordPress</a> for more information. (This message was added in version 7.1.0.) in C:\xampp\htdocs\malumere\wp-includes\functions.php on line 6260
[23-Sep-2026 13:49:31 UTC] PHP Notice:  Function WP_Icons_Registry::register was called <strong>incorrectly</strong>. Icon is already registered. Please see <a href="https://developer.wordpress.org/advanced-administration/debug/debug-wordpress/">Debugging in WordPress</a> for more information. (This message was added in version 7.1.0.) in C:\xampp\htdocs\malumere\wp-includes\functions.php on line 6260
[23-Sep-2026 13:49:31 UTC] PHP Notice:  Function WP_Icons_Registry::register was called <strong>incorrectly</strong>. Icon is already registered. Please see <a href="https://developer.wordpress.org/advanced-administration/debug/debug-wordpress/">Debugging in WordPress</a> for more information. (This message was added in version 7.1.0.) in C:\xampp\htdocs\malumere\wp-includes\functions.php on line 6260
[23-Sep-2026 13:49:31 UTC] PHP Notice:  Function WP_Icons_Registry::register was called <strong>incorrectly</strong>. Icon is already registered. Please see <a href="https://developer.wordpress.org/advanced-administration/debug/debug-wordpress/">Debugging in WordPress</a> for more information. (This message was added in version 7.1.0.) in C:\xampp\htdocs\malumere\wp-includes\functions.php on line 6260
[23-Sep-2026 13:49:31 UTC] PHP Notice:  Function WP_Icons_Registry::register was called <strong>incorrectly</strong>. Icon is already registered. Please see <a href="https://developer.wordpress.org/advanced-administration/debug/debug-wordpress/">Debugging in WordPress</a> for more information. (This message was added in version 7.1.0.) in C:\xampp\htdocs\malumere\wp-includes\functions.php on line 6260
[23-Sep-2026 13:49:31 UTC] PHP Notice:  Function WP_Icons_Registry::register was called <strong>incorrectly</strong>. Icon is already registered. Please see <a href="https://developer.wordpress.org/advanced-administration/debug/debug-wordpress/">Debugging in WordPress</a> for more information. (This message was added in version 7.1.0.) in C:\xampp\htdocs\malumere\wp-includes\functions.php on line 6260
[23-Sep-2026 13:49:31 UTC] PHP Notice:  Function WP_Icons_Registry::register was called <strong>incorrectly</strong>. Icon is already registered. Please see <a href="https://developer.wordpress.org/advanced-administration/debug/debug-wordpress/">Debugging in WordPress</a> for more information. (This message was added in version 7.1.0.) in C:\xampp\htdocs\malumere\wp-includes\functions.php on line 6260
[23-Sep-2026 13:49:31 UTC] PHP Notice:  Function WP_Icons_Registry::register was called <strong>incorrectly</strong>. Icon is already registered. Please see <a href="https://developer.wordpress.org/advanced-administration/debug/debug-wordpress/">Debugging in WordPress</a> for more information. (This message was added in version 7.1.0.) in C:\xampp\htdocs\malumere\wp-includes\functions.php on line 6260
[23-Sep-2026 13:49:31 UTC] PHP Notice:  Function WP_Icons_Registry::register was called <strong>incorrectly</strong>. Icon is already registered. Please see <a href="https://developer.wordpress.org/advanced-administration/debug/debug-wordpress/">Debugging in WordPress</a> for more information. (This message was added in version 7.1.0.) in C:\xampp\htdocs\malumere\wp-includes\functions.php on line 6260
[23-Sep-2026 13:49:31 UTC] PHP Notice:  Function WP_Icons_Registry::register was called <strong>incorrectly</strong>. Icon is already registered. Please see <a href="https://developer.wordpress.org/advanced-administration/debug/debug-wordpress/">Debugging in WordPress</a> for more information. (This message was added in version 7.1.0.) in C:\xampp\htdocs\malumere\wp-includes\functions.php on line 6260
[23-Sep-2026 13:49:31 UTC] PHP Notice:  Function WP_Block_Bindings_Registry::register was called <strong>incorrectly</strong>. Block bindings source "core/pattern-overrides" already registered. Please see <a href="https://developer.wordpress.org/advanced-administration/debug/debug-wordpress/">Debugging in WordPress</a> for more information. (This message was added in version 6.5.0.) in C:\xampp\htdocs\malumere\wp-includes\functions.php on line 6260
[23-Sep-2026 13:49:31 UTC] PHP Notice:  Function WP_Block_Bindings_Registry::register was called <strong>incorrectly</strong>. Block bindings source "core/post-data" already registered. Please see <a href="https://developer.wordpress.org/advanced-administration/debug/debug-wordpress/">Debugging in WordPress</a> for more information. (This message was added in version 6.5.0.) in C:\xampp\htdocs\malumere\wp-includes\functions.php on line 6260
[23-Sep-2026 13:49:31 UTC] PHP Notice:  Function WP_Block_Bindings_Registry::register was called <strong>incorrectly</strong>. Block bindings source "core/post-meta" already registered. Please see <a href="https://developer.wordpress.org/advanced-administration/debug/debug-wordpress/">Debugging in WordPress</a> for more information. (This message was added in version 6.5.0.) in C:\xampp\htdocs\malumere\wp-includes\functions.php on line 6260
[23-Sep-2026 13:49:31 UTC] PHP Notice:  Function WP_Block_Type_Registry::register was called <strong>incorrectly</strong>. Block type "core/legacy-widget" is already registered. Please see <a href="https://developer.wordpress.org/advanced-administration/debug/debug-wordpress/">Debugging in WordPress</a> for more information. (This message was added in version 5.0.0.) in C:\xampp\htdocs\malumere\wp-includes\functions.php on line 6260
[23-Sep-2026 13:49:31 UTC] PHP Notice:  Function WP_Block_Type_Registry::register was called <strong>incorrectly</strong>. Block type "core/widget-group" is already registered. Please see <a href="https://developer.wordpress.org/advanced-administration/debug/debug-wordpress/">Debugging in WordPress</a> for more information. (This message was added in version 5.0.0.) in C:\xampp\htdocs\malumere\wp-includes\functions.php on line 6260
[23-Sep-2026 13:49:31 UTC] PHP Notice:  Function WP_Block_Type_Registry::register was called <strong>incorrectly</strong>. Block type "core/accordion" is already registered. Please see <a href="https://developer.wordpress.org/advanced-administration/debug/debug-wordpress/">Debugging in WordPress</a> for more information. (This message was added in version 5.0.0.) in C:\xampp\htdocs\malumere\wp-includes\functions.php on line 6260
[23-Sep-2026 13:49:31 UTC] PHP Notice:  Function WP_Block_Type_Registry::register was called <strong>incorrectly</strong>. Block type "core/accordion-item" is already registered. Please see <a href="https://developer.wordpress.org/advanced-administration/debug/debug-wordpress/">Debugging in WordPress</a> for more information. (This message was added in version 5.0.0.) in C:\xampp\htdocs\malumere\wp-includes\functions.php on line 6260
[23-Sep-2026 13:49:31 UTC] PHP Notice:  Function WP_Block_Type_Registry::register was called <strong>incorrectly</strong>. Block type "core/archives" is already registered. Please see <a href="https://developer.wordpress.org/advanced-administration/debug/debug-wordpress/">Debugging in WordPress</a> for more information. (This message was added in version 5.0.0.) in C:\xampp\htdocs\malumere\wp-includes\functions.php on line 6260
[23-Sep-2026 13:49:31 UTC] PHP Notice:  Function WP_Block_Type_Registry::register was called <strong>incorrectly</strong>. Block type "core/avatar" is already registered. Please see <a href="https://developer.wordpress.org/advanced-administration/debug/debug-wordpress/">Debugging in WordPress</a> for more information. (This message was added in version 5.0.0.) in C:\xampp\htdocs\malumere\wp-includes\functions.php on line 6260
[23-Sep-2026 13:49:31 UTC] PHP Notice:  Function WP_Block_Type_Registry::register was called <strong>incorrectly</strong>. Block type "core/block" is already registered. Please see <a href="https://developer.wordpress.org/advanced-administration/debug/debug-wordpress/">Debugging in WordPress</a> for more information. (This message was added in version 5.0.0.) in C:\xampp\htdocs\malumere\wp-includes\functions.php on line 6260
[23-Sep-2026 13:49:31 UTC] PHP Notice:  Function WP_Block_Type_Registry::register was called <strong>incorrectly</strong>. Block type "core/breadcrumbs" is already registered. Please see <a href="https://developer.wordpress.org/advanced-administration/debug/debug-wordpress/">Debugging in WordPress</a> for more information. (This message was added in version 5.0.0.) in C:\xampp\htdocs\malumere\wp-includes\functions.php on line 6260
[23-Sep-2026 13:49:31 UTC] PHP Notice:  Function WP_Block_Type_Registry::register was called <strong>incorrectly</strong>. Block type "core/button" is already registered. Please see <a href="https://developer.wordpress.org/advanced-administration/debug/debug-wordpress/">Debugging in WordPress</a> for more information. (This message was added in version 5.0.0.) in C:\xampp\htdocs\malumere\wp-includes\functions.php on line 6260
[23-Sep-2026 13:49:31 UTC] PHP Notice:  Function WP_Block_Type_Registry::register was called <strong>incorrectly</strong>. Block type "core/calendar" is already registered. Please see <a href="https://developer.wordpress.org/advanced-administration/debug/debug-wordpress/">Debugging in WordPress</a> for more information. (This message was added in version 5.0.0.) in C:\xampp\htdocs\malumere\wp-includes\functions.php on line 6260
[23-Sep-2026 13:49:31 UTC] PHP Notice:  Function WP_Block_Type_Registry::register was called <strong>incorrectly</strong>. Block type "core/categories" is already registered. Please see <a href="https://developer.wordpress.org/advanced-administration/debug/debug-wordpress/">Debugging in WordPress</a> for more information. (This message was added in version 5.0.0.) in C:\xampp\htdocs\malumere\wp-includes\functions.php on line 6260
[23-Sep-2026 13:49:31 UTC] PHP Notice:  Function WP_Block_Type_Registry::register was called <strong>incorrectly</strong>. Block type "core/comment-author-name" is already registered. Please see <a href="https://developer.wordpress.org/advanced-administration/debug/debug-wordpress/">Debugging in WordPress</a> for more information. (This message was added in version 5.0.0.) in C:\xampp\htdocs\malumere\wp-includes\functions.php on line 6260
[23-Sep-2026 13:49:31 UTC] PHP Notice:  Function WP_Block_Type_Registry::register was called <strong>incorrectly</strong>. Block type "core/comment-content" is already registered. Please see <a href="https://developer.wordpress.org/advanced-administration/debug/debug-wordpress/">Debugging in WordPress</a> for more information. (This message was added in version 5.0.0.) in C:\xampp\htdocs\malumere\wp-includes\functions.php on line 6260
[23-Sep-2026 13:49:31 UTC] PHP Notice:  Function WP_Block_Type_Registry::register was called <strong>incorrectly</strong>. Block type "core/comment-date" is already registered. Please see <a href="https://developer.wordpress.org/advanced-administration/debug/debug-wordpress/">Debugging in WordPress</a> for more information. (This message was added in version 5.0.0.) in C:\xampp\htdocs\malumere\wp-includes\functions.php on line 6260
[23-Sep-2026 13:49:31 UTC] PHP Notice:  Function WP_Block_Type_Registry::register was called <strong>incorrectly</strong>. Block type "core/comment-edit-link" is already registered. Please see <a href="https://developer.wordpress.org/advanced-administration/debug/debug-wordpress/">Debugging in WordPress</a> for more information. (This message was added in version 5.0.0.) in C:\xampp\htdocs\malumere\wp-includes\functions.php on line 6260
[23-Sep-2026 13:49:31 UTC] PHP Notice:  Function WP_Block_Type_Registry::register was called <strong>incorrectly</strong>. Block type "core/comment-reply-link" is already registered. Please see <a href="https://developer.wordpress.org/advanced-administration/debug/debug-wordpress/">Debugging in WordPress</a> for more information. (This message was added in version 5.0.0.) in C:\xampp\htdocs\malumere\wp-includes\functions.php on line 6260
[23-Sep-2026 13:49:31 UTC] PHP Notice:  Function WP_Block_Type_Registry::register was called <strong>incorrectly</strong>. Block type "core/comment-template" is already registered. Please see <a href="https://developer.wordpress.org/advanced-administration/debug/debug-wordpress/">Debugging in WordPress</a> for more information. (This message was added in version 5.0.0.) in C:\xampp\htdocs\malumere\wp-includes\functions.php on line 6260
[23-Sep-2026 13:49:31 UTC] PHP Notice:  Function WP_Block_Type_Registry::register was called <strong>incorrectly</strong>. Block type "core/comments" is already registered. Please see <a href="https://developer.wordpress.org/advanced-administration/debug/debug-wordpress/">Debugging in WordPress</a> for more information. (This message was added in version 5.0.0.) in C:\xampp\htdocs\malumere\wp-includes\functions.php on line 6260
[23-Sep-2026 13:49:31 UTC] PHP Notice:  Function WP_Block_Type_Registry::register was called <strong>incorrectly</strong>. Block type "core/comments-pagination" is already registered. Please see <a href="https://developer.wordpress.org/advanced-administration/debug/debug-wordpress/">Debugging in WordPress</a> for more information. (This message was added in version 5.0.0.) in C:\xampp\htdocs\malumere\wp-includes\functions.php on line 6260
[23-Sep-2026 13:49:31 UTC] PHP Notice:  Function WP_Block_Type_Registry::register was called <strong>incorrectly</strong>. Block type "core/comments-pagination-next" is already registered. Please see <a href="https://developer.wordpress.org/advanced-administration/debug/debug-wordpress/">Debugging in WordPress</a> for more information. (This message was added in version 5.0.0.) in C:\xampp\htdocs\malumere\wp-includes\functions.php on line 6260
[23-Sep-2026 13:49:31 UTC] PHP Notice:  Function WP_Block_Type_Registry::register was called <strong>incorrectly</strong>. Block type "core/comments-pagination-numbers" is already registered. Please see <a href="https://developer.wordpress.org/advanced-administration/debug/debug-wordpress/">Debugging in WordPress</a> for more information. (This message was added in version 5.0.0.) in C:\xampp\htdocs\malumere\wp-includes\functions.php on line 6260
[23-Sep-2026 13:49:31 UTC] PHP Notice:  Function WP_Block_Type_Registry::register was called <strong>incorrectly</strong>. Block type "core/comments-pagination-previous" is already registered. Please see <a href="https://developer.wordpress.org/advanced-administration/debug/debug-wordpress/">Debugging in WordPress</a> for more information. (This message was added in version 5.0.0.) in C:\xampp\htdocs\malumere\wp-includes\functions.php on line 6260
[23-Sep-2026 13:49:31 UTC] PHP Notice:  Function WP_Block_Type_Registry::register was called <strong>incorrectly</strong>. Block type "core/comments-title" is already registered. Please see <a href="https://developer.wordpress.org/advanced-administration/debug/debug-wordpress/">Debugging in WordPress</a> for more information. (This message was added in version 5.0.0.) in C:\xampp\htdocs\malumere\wp-includes\functions.php on line 6260
[23-Sep-2026 13:49:31 UTC] PHP Notice:  Function WP_Block_Type_Registry::register was called <strong>incorrectly</strong>. Block type "core/cover" is already registered. Please see <a href="https://developer.wordpress.org/advanced-administration/debug/debug-wordpress/">Debugging in WordPress</a> for more information. (This message was added in version 5.0.0.) in C:\xampp\htdocs\malumere\wp-includes\functions.php on line 6260
[23-Sep-2026 13:49:31 UTC] PHP Notice:  Function WP_Block_Type_Registry::register was called <strong>incorrectly</strong>. Block type "core/details" is already registered. Please see <a href="https://developer.wordpress.org/advanced-administration/debug/debug-wordpress/">Debugging in WordPress</a> for more information. (This message was added in version 5.0.0.) in C:\xampp\htdocs\malumere\wp-includes\functions.php on line 6260
[23-Sep-2026 13:49:31 UTC] PHP Notice:  Function WP_Block_Type_Registry::register was called <strong>incorrectly</strong>. Block type "core/file" is already registered. Please see <a href="https://developer.wordpress.org/advanced-administration/debug/debug-wordpress/">Debugging in WordPress</a> for more information. (This message was added in version 5.0.0.) in C:\xampp\htdocs\malumere\wp-includes\functions.php on line 6260
[23-Sep-2026 13:49:31 UTC] PHP Notice:  Function WP_Block_Type_Registry::register was called <strong>incorrectly</strong>. Block type "core/footnotes" is already registered. Please see <a href="https://developer.wordpress.org/advanced-administration/debug/debug-wordpress/">Debugging in WordPress</a> for more information. (This message was added in version 5.0.0.) in C:\xampp\htdocs\malumere\wp-includes\functions.php on line 6260
[23-Sep-2026 13:49:31 UTC] PHP Notice:  Function WP_Block_Type_Registry::register was called <strong>incorrectly</strong>. Block type "core/gallery" is already registered. Please see <a href="https://developer.wordpress.org/advanced-administration/debug/debug-wordpress/">Debugging in WordPress</a> for more information. (This message was added in version 5.0.0.) in C:\xampp\htdocs\malumere\wp-includes\functions.php on line 6260
[23-Sep-2026 13:49:31 UTC] PHP Notice:  Function WP_Block_Type_Registry::register was called <strong>incorrectly</strong>. Block type "core/heading" is already registered. Please see <a href="https://developer.wordpress.org/advanced-administration/debug/debug-wordpress/">Debugging in WordPress</a> for more information. (This message was added in version 5.0.0.) in C:\xampp\htdocs\malumere\wp-includes\functions.php on line 6260
[23-Sep-2026 13:49:31 UTC] PHP Notice:  Function WP_Block_Type_Registry::register was called <strong>incorrectly</strong>. Block type "core/home-link" is already registered. Please see <a href="https://developer.wordpress.org/advanced-administration/debug/debug-wordpress/">Debugging in WordPress</a> for more information. (This message was added in version 5.0.0.) in C:\xampp\htdocs\malumere\wp-includes\functions.php on line 6260
[23-Sep-2026 13:49:31 UTC] PHP Notice:  Function WP_Block_Type_Registry::register was called <strong>incorrectly</strong>. Block type "core/icon" is already registered. Please see <a href="https://developer.wordpress.org/advanced-administration/debug/debug-wordpress/">Debugging in WordPress</a> for more information. (This message was added in version 5.0.0.) in C:\xampp\htdocs\malumere\wp-includes\functions.php on line 6260
[23-Sep-2026 13:49:31 UTC] PHP Notice:  Function WP_Block_Type_Registry::register was called <strong>incorrectly</strong>. Block type "core/image" is already registered. Please see <a href="https://developer.wordpress.org/advanced-administration/debug/debug-wordpress/">Debugging in WordPress</a> for more information. (This message was added in version 5.0.0.) in C:\xampp\htdocs\malumere\wp-includes\functions.php on line 6260
[23-Sep-2026 13:49:31 UTC] PHP Notice:  Function WP_Block_Type_Registry::register was called <strong>incorrectly</strong>. Block type "core/latest-comments" is already registered. Please see <a href="https://developer.wordpress.org/advanced-administration/debug/debug-wordpress/">Debugging in WordPress</a> for more information. (This message was added in version 5.0.0.) in C:\xampp\htdocs\malumere\wp-includes\functions.php on line 6260
[23-Sep-2026 13:49:31 UTC] PHP Notice:  Function WP_Block_Type_Registry::register was called <strong>incorrectly</strong>. Block type "core/latest-posts" is already registered. Please see <a href="https://developer.wordpress.org/advanced-administration/debug/debug-wordpress/">Debugging in WordPress</a> for more information. (This message was added in version 5.0.0.) in C:\xampp\htdocs\malumere\wp-includes\functions.php on line 6260
[23-Sep-2026 13:49:31 UTC] PHP Notice:  Function WP_Block_Type_Registry::register was called <strong>incorrectly</strong>. Block type "core/list" is already registered. Please see <a href="https://developer.wordpress.org/advanced-administration/debug/debug-wordpress/">Debugging in WordPress</a> for more information. (This message was added in version 5.0.0.) in C:\xampp\htdocs\malumere\wp-includes\functions.php on line 6260
[23-Sep-2026 13:49:31 UTC] PHP Notice:  Function WP_Block_Type_Registry::register was called <strong>incorrectly</strong>. Block type "core/loginout" is already registered. Please see <a href="https://developer.wordpress.org/advanced-administration/debug/debug-wordpress/">Debugging in WordPress</a> for more information. (This message was added in version 5.0.0.) in C:\xampp\htdocs\malumere\wp-includes\functions.php on line 6260
[23-Sep-2026 13:49:31 UTC] PHP Notice:  Function WP_Block_Type_Registry::register was called <strong>incorrectly</strong>. Block type "core/media-text" is already registered. Please see <a href="https://developer.wordpress.org/advanced-administration/debug/debug-wordpress/">Debugging in WordPress</a> for more information. (This message was added in version 5.0.0.) in C:\xampp\htdocs\malumere\wp-includes\functions.php on line 6260
[23-Sep-2026 13:49:31 UTC] PHP Notice:  Function WP_Block_Type_Registry::register was called <strong>incorrectly</strong>. Block type "core/navigation" is already registered. Please see <a href="https://developer.wordpress.org/advanced-administration/debug/debug-wordpress/">Debugging in WordPress</a> for more information. (This message was added in version 5.0.0.) in C:\xampp\htdocs\malumere\wp-includes\functions.php on line 6260
[23-Sep-2026 13:49:31 UTC] PHP Notice:  Function WP_Block_Type_Registry::register was called <strong>incorrectly</strong>. Block type "core/navigation-link" is already registered. Please see <a href="https://developer.wordpress.org/advanced-administration/debug/debug-wordpress/">Debugging in WordPress</a> for more information. (This message was added in version 5.0.0.) in C:\xampp\htdocs\malumere\wp-includes\functions.php on line 6260
[23-Sep-2026 13:49:31 UTC] PHP Notice:  Function WP_Block_Type_Registry::register was called <strong>incorrectly</strong>. Block type "core/navigation-overlay-close" is already registered. Please see <a href="https://developer.wordpress.org/advanced-administration/debug/debug-wordpress/">Debugging in WordPress</a> for more information. (This message was added in version 5.0.0.) in C:\xampp\htdocs\malumere\wp-includes\functions.php on line 6260
[23-Sep-2026 13:49:31 UTC] PHP Notice:  Function WP_Block_Type_Registry::register was called <strong>incorrectly</strong>. Block type "core/navigation-submenu" is already registered. Please see <a href="https://developer.wordpress.org/advanced-administration/debug/debug-wordpress/">Debugging in WordPress</a> for more information. (This message was added in version 5.0.0.) in C:\xampp\htdocs\malumere\wp-includes\functions.php on line 6260
[23-Sep-2026 13:49:31 UTC] PHP Notice:  Function WP_Block_Type_Registry::register was called <strong>incorrectly</strong>. Block type "core/page-list" is already registered. Please see <a href="https://developer.wordpress.org/advanced-administration/debug/debug-wordpress/">Debugging in WordPress</a> for more information. (This message was added in version 5.0.0.) in C:\xampp\htdocs\malumere\wp-includes\functions.php on line 6260
[23-Sep-2026 13:49:31 UTC] PHP Notice:  Function WP_Block_Type_Registry::register was called <strong>incorrectly</strong>. Block type "core/page-list-item" is already registered. Please see <a href="https://developer.wordpress.org/advanced-administration/debug/debug-wordpress/">Debugging in WordPress</a> for more information. (This message was added in version 5.0.0.) in C:\xampp\htdocs\malumere\wp-includes\functions.php on line 6260
[23-Sep-2026 13:49:31 UTC] PHP Notice:  Function WP_Block_Type_Registry::register was called <strong>incorrectly</strong>. Block type "core/paragraph" is already registered. Please see <a href="https://developer.wordpress.org/advanced-administration/debug/debug-wordpress/">Debugging in WordPress</a> for more information. (This message was added in version 5.0.0.) in C:\xampp\htdocs\malumere\wp-includes\functions.php on line 6260
[23-Sep-2026 13:49:31 UTC] PHP Notice:  Function WP_Block_Type_Registry::register was called <strong>incorrectly</strong>. Block type "core/pattern" is already registered. Please see <a href="https://developer.wordpress.org/advanced-administration/debug/debug-wordpress/">Debugging in WordPress</a> for more information. (This message was added in version 5.0.0.) in C:\xampp\htdocs\malumere\wp-includes\functions.php on line 6260
[23-Sep-2026 13:49:31 UTC] PHP Notice:  Function WP_Block_Type_Registry::register was called <strong>incorrectly</strong>. Block type "core/playlist" is already registered. Please see <a href="https://developer.wordpress.org/advanced-administration/debug/debug-wordpress/">Debugging in WordPress</a> for more information. (This message was added in version 5.0.0.) in C:\xampp\htdocs\malumere\wp-includes\functions.php on line 6260
[23-Sep-2026 13:49:31 UTC] PHP Notice:  Function WP_Block_Type_Registry::register was called <strong>incorrectly</strong>. Block type "core/playlist-track" is already registered. Please see <a href="https://developer.wordpress.org/advanced-administration/debug/debug-wordpress/">Debugging in WordPress</a> for more information. (This message was added in version 5.0.0.) in C:\xampp\htdocs\malumere\wp-includes\functions.php on line 6260
[23-Sep-2026 13:49:31 UTC] PHP Notice:  Function WP_Block_Type_Registry::register was called <strong>incorrectly</strong>. Block type "core/post-author" is already registered. Please see <a href="https://developer.wordpress.org/advanced-administration/debug/debug-wordpress/">Debugging in WordPress</a> for more information. (This message was added in version 5.0.0.) in C:\xampp\htdocs\malumere\wp-includes\functions.php on line 6260
[23-Sep-2026 13:49:31 UTC] PHP Notice:  Function WP_Block_Type_Registry::register was called <strong>incorrectly</strong>. Block type "core/post-author-biography" is already registered. Please see <a href="https://developer.wordpress.org/advanced-administration/debug/debug-wordpress/">Debugging in WordPress</a> for more information. (This message was added in version 5.0.0.) in C:\xampp\htdocs\malumere\wp-includes\functions.php on line 6260
[23-Sep-2026 13:49:31 UTC] PHP Notice:  Function WP_Block_Type_Registry::register was called <strong>incorrectly</strong>. Block type "core/post-author-name" is already registered. Please see <a href="https://developer.wordpress.org/advanced-administration/debug/debug-wordpress/">Debugging in WordPress</a> for more information. (This message was added in version 5.0.0.) in C:\xampp\htdocs\malumere\wp-includes\functions.php on line 6260
[23-Sep-2026 13:49:31 UTC] PHP Notice:  Function WP_Block_Type_Registry::register was called <strong>incorrectly</strong>. Block type "core/post-comments-count" is already registered. Please see <a href="https://developer.wordpress.org/advanced-administration/debug/debug-wordpress/">Debugging in WordPress</a> for more information. (This message was added in version 5.0.0.) in C:\xampp\htdocs\malumere\wp-includes\functions.php on line 6260
[23-Sep-2026 13:49:31 UTC] PHP Notice:  Function WP_Block_Type_Registry::register was called <strong>incorrectly</strong>. Block type "core/post-comments-form" is already registered. Please see <a href="https://developer.wordpress.org/advanced-administration/debug/debug-wordpress/">Debugging in WordPress</a> for more information. (This message was added in version 5.0.0.) in C:\xampp\htdocs\malumere\wp-includes\functions.php on line 6260
[23-Sep-2026 13:49:31 UTC] PHP Notice:  Function WP_Block_Type_Registry::register was called <strong>incorrectly</strong>. Block type "core/post-comments-link" is already registered. Please see <a href="https://developer.wordpress.org/advanced-administration/debug/debug-wordpress/">Debugging in WordPress</a> for more information. (This message was added in version 5.0.0.) in C:\xampp\htdocs\malumere\wp-includes\functions.php on line 6260
[23-Sep-2026 13:49:31 UTC] PHP Notice:  Function WP_Block_Type_Registry::register was called <strong>incorrectly</strong>. Block type "core/post-content" is already registered. Please see <a href="https://developer.wordpress.org/advanced-administration/debug/debug-wordpress/">Debugging in WordPress</a> for more information. (This message was added in version 5.0.0.) in C:\xampp\htdocs\malumere\wp-includes\functions.php on line 6260
[23-Sep-2026 13:49:31 UTC] PHP Notice:  Function WP_Block_Type_Registry::register was called <strong>incorrectly</strong>. Block type "core/post-date" is already registered. Please see <a href="https://developer.wordpress.org/advanced-administration/debug/debug-wordpress/">Debugging in WordPress</a> for more information. (This message was added in version 5.0.0.) in C:\xampp\htdocs\malumere\wp-includes\functions.php on line 6260
[23-Sep-2026 13:49:31 UTC] PHP Notice:  Function WP_Block_Type_Registry::register was called <strong>incorrectly</strong>. Block type "core/post-excerpt" is already registered. Please see <a href="https://developer.wordpress.org/advanced-administration/debug/debug-wordpress/">Debugging in WordPress</a> for more information. (This message was added in version 5.0.0.) in C:\xampp\htdocs\malumere\wp-includes\functions.php on line 6260
[23-Sep-2026 13:49:31 UTC] PHP Notice:  Function WP_Block_Type_Registry::register was called <strong>incorrectly</strong>. Block type "core/post-featured-image" is already registered. Please see <a href="https://developer.wordpress.org/advanced-administration/debug/debug-wordpress/">Debugging in WordPress</a> for more information. (This message was added in version 5.0.0.) in C:\xampp\htdocs\malumere\wp-includes\functions.php on line 6260
[23-Sep-2026 13:49:31 UTC] PHP Notice:  Function WP_Block_Type_Registry::register was called <strong>incorrectly</strong>. Block type "core/post-navigation-link" is already registered. Please see <a href="https://developer.wordpress.org/advanced-administration/debug/debug-wordpress/">Debugging in WordPress</a> for more information. (This message was added in version 5.0.0.) in C:\xampp\htdocs\malumere\wp-includes\functions.php on line 6260
[23-Sep-2026 13:49:31 UTC] PHP Notice:  Function WP_Block_Type_Registry::register was called <strong>incorrectly</strong>. Block type "core/post-template" is already registered. Please see <a href="https://developer.wordpress.org/advanced-administration/debug/debug-wordpress/">Debugging in WordPress</a> for more information. (This message was added in version 5.0.0.) in C:\xampp\htdocs\malumere\wp-includes\functions.php on line 6260
[23-Sep-2026 13:49:31 UTC] PHP Notice:  Function WP_Block_Type_Registry::register was called <strong>incorrectly</strong>. Block type "core/post-terms" is already registered. Please see <a href="https://developer.wordpress.org/advanced-administration/debug/debug-wordpress/">Debugging in WordPress</a> for more information. (This message was added in version 5.0.0.) in C:\xampp\htdocs\malumere\wp-includes\functions.php on line 6260
[23-Sep-2026 13:49:31 UTC] PHP Notice:  Function WP_Block_Type_Registry::register was called <strong>incorrectly</strong>. Block type "core/post-time-to-read" is already registered. Please see <a href="https://developer.wordpress.org/advanced-administration/debug/debug-wordpress/">Debugging in WordPress</a> for more information. (This message was added in version 5.0.0.) in C:\xampp\htdocs\malumere\wp-includes\functions.php on line 6260
[23-Sep-2026 13:49:31 UTC] PHP Notice:  Function WP_Block_Type_Registry::register was called <strong>incorrectly</strong>. Block type "core/post-title" is already registered. Please see <a href="https://developer.wordpress.org/advanced-administration/debug/debug-wordpress/">Debugging in WordPress</a> for more information. (This message was added in version 5.0.0.) in C:\xampp\htdocs\malumere\wp-includes\functions.php on line 6260
[23-Sep-2026 13:49:31 UTC] PHP Notice:  Function WP_Block_Type_Registry::register was called <strong>incorrectly</strong>. Block type "core/query" is already registered. Please see <a href="https://developer.wordpress.org/advanced-administration/debug/debug-wordpress/">Debugging in WordPress</a> for more information. (This message was added in version 5.0.0.) in C:\xampp\htdocs\malumere\wp-includes\functions.php on line 6260
[23-Sep-2026 13:49:31 UTC] PHP Notice:  Function WP_Block_Type_Registry::register was called <strong>incorrectly</strong>. Block type "core/query-no-results" is already registered. Please see <a href="https://developer.wordpress.org/advanced-administration/debug/debug-wordpress/">Debugging in WordPress</a> for more information. (This message was added in version 5.0.0.) in C:\xampp\htdocs\malumere\wp-includes\functions.php on line 6260
[23-Sep-2026 13:49:31 UTC] PHP Notice:  Function WP_Block_Type_Registry::register was called <strong>incorrectly</strong>. Block type "core/query-pagination" is already registered. Please see <a href="https://developer.wordpress.org/advanced-administration/debug/debug-wordpress/">Debugging in WordPress</a> for more information. (This message was added in version 5.0.0.) in C:\xampp\htdocs\malumere\wp-includes\functions.php on line 6260
[23-Sep-2026 13:49:31 UTC] PHP Notice:  Function WP_Block_Type_Registry::register was called <strong>incorrectly</strong>. Block type "core/query-pagination-next" is already registered. Please see <a href="https://developer.wordpress.org/advanced-administration/debug/debug-wordpress/">Debugging in WordPress</a> for more information. (This message was added in version 5.0.0.) in C:\xampp\htdocs\malumere\wp-includes\functions.php on line 6260
[23-Sep-2026 13:49:31 UTC] PHP Notice:  Function WP_Block_Type_Registry::register was called <strong>incorrectly</strong>. Block type "core/query-pagination-numbers" is already registered. Please see <a href="https://developer.wordpress.org/advanced-administration/debug/debug-wordpress/">Debugging in WordPress</a> for more information. (This message was added in version 5.0.0.) in C:\xampp\htdocs\malumere\wp-includes\functions.php on line 6260
[23-Sep-2026 13:49:31 UTC] PHP Notice:  Function WP_Block_Type_Registry::register was called <strong>incorrectly</strong>. Block type "core/query-pagination-previous" is already registered. Please see <a href="https://developer.wordpress.org/advanced-administration/debug/debug-wordpress/">Debugging in WordPress</a> for more information. (This message was added in version 5.0.0.) in C:\xampp\htdocs\malumere\wp-includes\functions.php on line 6260
[23-Sep-2026 13:49:31 UTC] PHP Notice:  Function WP_Block_Type_Registry::register was called <strong>incorrectly</strong>. Block type "core/query-title" is already registered. Please see <a href="https://developer.wordpress.org/advanced-administration/debug/debug-wordpress/">Debugging in WordPress</a> for more information. (This message was added in version 5.0.0.) in C:\xampp\htdocs\malumere\wp-includes\functions.php on line 6260
[23-Sep-2026 13:49:31 UTC] PHP Notice:  Function WP_Block_Type_Registry::register was called <strong>incorrectly</strong>. Block type "core/query-total" is already registered. Please see <a href="https://developer.wordpress.org/advanced-administration/debug/debug-wordpress/">Debugging in WordPress</a> for more information. (This message was added in version 5.0.0.) in C:\xampp\htdocs\malumere\wp-includes\functions.php on line 6260
[23-Sep-2026 13:49:31 UTC] PHP Notice:  Function WP_Block_Type_Registry::register was called <strong>incorrectly</strong>. Block type "core/read-more" is already registered. Please see <a href="https://developer.wordpress.org/advanced-administration/debug/debug-wordpress/">Debugging in WordPress</a> for more information. (This message was added in version 5.0.0.) in C:\xampp\htdocs\malumere\wp-includes\functions.php on line 6260
[23-Sep-2026 13:49:31 UTC] PHP Notice:  Function WP_Block_Type_Registry::register was called <strong>incorrectly</strong>. Block type "core/rss" is already registered. Please see <a href="https://developer.wordpress.org/advanced-administration/debug/debug-wordpress/">Debugging in WordPress</a> for more information. (This message was added in version 5.0.0.) in C:\xampp\htdocs\malumere\wp-includes\functions.php on line 6260
[23-Sep-2026 13:49:31 UTC] PHP Notice:  Function WP_Block_Type_Registry::register was called <strong>incorrectly</strong>. Block type "core/search" is already registered. Please see <a href="https://developer.wordpress.org/advanced-administration/debug/debug-wordpress/">Debugging in WordPress</a> for more information. (This message was added in version 5.0.0.) in C:\xampp\htdocs\malumere\wp-includes\functions.php on line 6260
[23-Sep-2026 13:49:31 UTC] PHP Notice:  Function WP_Block_Type_Registry::register was called <strong>incorrectly</strong>. Block type "core/shortcode" is already registered. Please see <a href="https://developer.wordpress.org/advanced-administration/debug/debug-wordpress/">Debugging in WordPress</a> for more information. (This message was added in version 5.0.0.) in C:\xampp\htdocs\malumere\wp-includes\functions.php on line 6260
[23-Sep-2026 13:49:31 UTC] PHP Notice:  Function WP_Block_Type_Registry::register was called <strong>incorrectly</strong>. Block type "core/site-logo" is already registered. Please see <a href="https://developer.wordpress.org/advanced-administration/debug/debug-wordpress/">Debugging in WordPress</a> for more information. (This message was added in version 5.0.0.) in C:\xampp\htdocs\malumere\wp-includes\functions.php on line 6260
[23-Sep-2026 13:49:31 UTC] PHP Notice:  Function WP_Block_Type_Registry::register was called <strong>incorrectly</strong>. Block type "core/site-tagline" is already registered. Please see <a href="https://developer.wordpress.org/advanced-administration/debug/debug-wordpress/">Debugging in WordPress</a> for more information. (This message was added in version 5.0.0.) in C:\xampp\htdocs\malumere\wp-includes\functions.php on line 6260
[23-Sep-2026 13:49:31 UTC] PHP Notice:  Function WP_Block_Type_Registry::register was called <strong>incorrectly</strong>. Block type "core/site-title" is already registered. Please see <a href="https://developer.wordpress.org/advanced-administration/debug/debug-wordpress/">Debugging in WordPress</a> for more information. (This message was added in version 5.0.0.) in C:\xampp\htdocs\malumere\wp-includes\functions.php on line 6260
[23-Sep-2026 13:49:31 UTC] PHP Notice:  Function WP_Block_Type_Registry::register was called <strong>incorrectly</strong>. Block type "core/social-link" is already registered. Please see <a href="https://developer.wordpress.org/advanced-administration/debug/debug-wordpress/">Debugging in WordPress</a> for more information. (This message was added in version 5.0.0.) in C:\xampp\htdocs\malumere\wp-includes\functions.php on line 6260
[23-Sep-2026 13:49:31 UTC] PHP Notice:  Function WP_Block_Type_Registry::register was called <strong>incorrectly</strong>. Block type "core/tab-list" is already registered. Please see <a href="https://developer.wordpress.org/advanced-administration/debug/debug-wordpress/">Debugging in WordPress</a> for more information. (This message was added in version 5.0.0.) in C:\xampp\htdocs\malumere\wp-includes\functions.php on line 6260
[23-Sep-2026 13:49:31 UTC] PHP Notice:  Function WP_Block_Type_Registry::register was called <strong>incorrectly</strong>. Block type "core/tab-panel" is already registered. Please see <a href="https://developer.wordpress.org/advanced-administration/debug/debug-wordpress/">Debugging in WordPress</a> for more information. (This message was added in version 5.0.0.) in C:\xampp\htdocs\malumere\wp-includes\functions.php on line 6260
[23-Sep-2026 13:49:31 UTC] PHP Notice:  Function WP_Block_Type_Registry::register was called <strong>incorrectly</strong>. Block type "core/tabs" is already registered. Please see <a href="https://developer.wordpress.org/advanced-administration/debug/debug-wordpress/">Debugging in WordPress</a> for more information. (This message was added in version 5.0.0.) in C:\xampp\htdocs\malumere\wp-includes\functions.php on line 6260
[23-Sep-2026 13:49:31 UTC] PHP Notice:  Function WP_Block_Type_Registry::register was called <strong>incorrectly</strong>. Block type "core/tag-cloud" is already registered. Please see <a href="https://developer.wordpress.org/advanced-administration/debug/debug-wordpress/">Debugging in WordPress</a> for more information. (This message was added in version 5.0.0.) in C:\xampp\htdocs\malumere\wp-includes\functions.php on line 6260
[23-Sep-2026 13:49:31 UTC] PHP Notice:  Function WP_Block_Type_Registry::register was called <strong>incorrectly</strong>. Block type "core/template-part" is already registered. Please see <a href="https://developer.wordpress.org/advanced-administration/debug/debug-wordpress/">Debugging in WordPress</a> for more information. (This message was added in version 5.0.0.) in C:\xampp\htdocs\malumere\wp-includes\functions.php on line 6260
[23-Sep-2026 13:49:31 UTC] PHP Notice:  Function WP_Block_Type_Registry::register was called <strong>incorrectly</strong>. Block type "core/term-count" is already registered. Please see <a href="https://developer.wordpress.org/advanced-administration/debug/debug-wordpress/">Debugging in WordPress</a> for more information. (This message was added in version 5.0.0.) in C:\xampp\htdocs\malumere\wp-includes\functions.php on line 6260
[23-Sep-2026 13:49:31 UTC] PHP Notice:  Function WP_Block_Type_Registry::register was called <strong>incorrectly</strong>. Block type "core/term-description" is already registered. Please see <a href="https://developer.wordpress.org/advanced-administration/debug/debug-wordpress/">Debugging in WordPress</a> for more information. (This message was added in version 5.0.0.) in C:\xampp\htdocs\malumere\wp-includes\functions.php on line 6260
[23-Sep-2026 13:49:31 UTC] PHP Notice:  Function WP_Block_Type_Registry::register was called <strong>incorrectly</strong>. Block type "core/term-name" is already registered. Please see <a href="https://developer.wordpress.org/advanced-administration/debug/debug-wordpress/">Debugging in WordPress</a> for more information. (This message was added in version 5.0.0.) in C:\xampp\htdocs\malumere\wp-includes\functions.php on line 6260
[23-Sep-2026 13:49:31 UTC] PHP Notice:  Function WP_Block_Type_Registry::register was called <strong>incorrectly</strong>. Block type "core/term-template" is already registered. Please see <a href="https://developer.wordpress.org/advanced-administration/debug/debug-wordpress/">Debugging in WordPress</a> for more information. (This message was added in version 5.0.0.) in C:\xampp\htdocs\malumere\wp-includes\functions.php on line 6260
[23-Sep-2026 13:49:31 UTC] PHP Notice:  Function WP_Block_Type_Registry::register was called <strong>incorrectly</strong>. Block type "core/video" is already registered. Please see <a href="https://developer.wordpress.org/advanced-administration/debug/debug-wordpress/">Debugging in WordPress</a> for more information. (This message was added in version 5.0.0.) in C:\xampp\htdocs\malumere\wp-includes\functions.php on line 6260
[23-Sep-2026 13:49:31 UTC] PHP Notice:  Function WP_Block_Type_Registry::register was called <strong>incorrectly</strong>. Block type "core/accordion-heading" is already registered. Please see <a href="https://developer.wordpress.org/advanced-administration/debug/debug-wordpress/">Debugging in WordPress</a> for more information. (This message was added in version 5.0.0.) in C:\xampp\htdocs\malumere\wp-includes\functions.php on line 6260
[23-Sep-2026 13:49:31 UTC] PHP Notice:  Function WP_Block_Type_Registry::register was called <strong>incorrectly</strong>. Block type "core/accordion-panel" is already registered. Please see <a href="https://developer.wordpress.org/advanced-administration/debug/debug-wordpress/">Debugging in WordPress</a> for more information. (This message was added in version 5.0.0.) in C:\xampp\htdocs\malumere\wp-includes\functions.php on line 6260
[23-Sep-2026 13:49:31 UTC] PHP Notice:  Function WP_Block_Type_Registry::register was called <strong>incorrectly</strong>. Block type "core/audio" is already registered. Please see <a href="https://developer.wordpress.org/advanced-administration/debug/debug-wordpress/">Debugging in WordPress</a> for more information. (This message was added in version 5.0.0.) in C:\xampp\htdocs\malumere\wp-includes\functions.php on line 6260
[23-Sep-2026 13:49:31 UTC] PHP Notice:  Function WP_Block_Type_Registry::register was called <strong>incorrectly</strong>. Block type "core/buttons" is already registered. Please see <a href="https://developer.wordpress.org/advanced-administration/debug/debug-wordpress/">Debugging in WordPress</a> for more information. (This message was added in version 5.0.0.) in C:\xampp\htdocs\malumere\wp-includes\functions.php on line 6260
[23-Sep-2026 13:49:31 UTC] PHP Notice:  Function WP_Block_Type_Registry::register was called <strong>incorrectly</strong>. Block type "core/code" is already registered. Please see <a href="https://developer.wordpress.org/advanced-administration/debug/debug-wordpress/">Debugging in WordPress</a> for more information. (This message was added in version 5.0.0.) in C:\xampp\htdocs\malumere\wp-includes\functions.php on line 6260
[23-Sep-2026 13:49:31 UTC] PHP Notice:  Function WP_Block_Type_Registry::register was called <strong>incorrectly</strong>. Block type "core/column" is already registered. Please see <a href="https://developer.wordpress.org/advanced-administration/debug/debug-wordpress/">Debugging in WordPress</a> for more information. (This message was added in version 5.0.0.) in C:\xampp\htdocs\malumere\wp-includes\functions.php on line 6260
[23-Sep-2026 13:49:31 UTC] PHP Notice:  Function WP_Block_Type_Registry::register was called <strong>incorrectly</strong>. Block type "core/columns" is already registered. Please see <a href="https://developer.wordpress.org/advanced-administration/debug/debug-wordpress/">Debugging in WordPress</a> for more information. (This message was added in version 5.0.0.) in C:\xampp\htdocs\malumere\wp-includes\functions.php on line 6260
[23-Sep-2026 13:49:31 UTC] PHP Notice:  Function WP_Block_Type_Registry::register was called <strong>incorrectly</strong>. Block type "core/embed" is already registered. Please see <a href="https://developer.wordpress.org/advanced-administration/debug/debug-wordpress/">Debugging in WordPress</a> for more information. (This message was added in version 5.0.0.) in C:\xampp\htdocs\malumere\wp-includes\functions.php on line 6260
[23-Sep-2026 13:49:31 UTC] PHP Notice:  Function WP_Block_Type_Registry::register was called <strong>incorrectly</strong>. Block type "core/freeform" is already registered. Please see <a href="https://developer.wordpress.org/advanced-administration/debug/debug-wordpress/">Debugging in WordPress</a> for more information. (This message was added in version 5.0.0.) in C:\xampp\htdocs\malumere\wp-includes\functions.php on line 6260
[23-Sep-2026 13:49:31 UTC] PHP Notice:  Function WP_Block_Type_Registry::register was called <strong>incorrectly</strong>. Block type "core/group" is already registered. Please see <a href="https://developer.wordpress.org/advanced-administration/debug/debug-wordpress/">Debugging in WordPress</a> for more information. (This message was added in version 5.0.0.) in C:\xampp\htdocs\malumere\wp-includes\functions.php on line 6260
[23-Sep-2026 13:49:31 UTC] PHP Notice:  Function WP_Block_Type_Registry::register was called <strong>incorrectly</strong>. Block type "core/html" is already registered. Please see <a href="https://developer.wordpress.org/advanced-administration/debug/debug-wordpress/">Debugging in WordPress</a> for more information. (This message was added in version 5.0.0.) in C:\xampp\htdocs\malumere\wp-includes\functions.php on line 6260
[23-Sep-2026 13:49:31 UTC] PHP Notice:  Function WP_Block_Type_Registry::register was called <strong>incorrectly</strong>. Block type "core/list-item" is already registered. Please see <a href="https://developer.wordpress.org/advanced-administration/debug/debug-wordpress/">Debugging in WordPress</a> for more information. (This message was added in version 5.0.0.) in C:\xampp\htdocs\malumere\wp-includes\functions.php on line 6260
[23-Sep-2026 13:49:31 UTC] PHP Notice:  Function WP_Block_Type_Registry::register was called <strong>incorrectly</strong>. Block type "core/math" is already registered. Please see <a href="https://developer.wordpress.org/advanced-administration/debug/debug-wordpress/">Debugging in WordPress</a> for more information. (This message was added in version 5.0.0.) in C:\xampp\htdocs\malumere\wp-includes\functions.php on line 6260
[23-Sep-2026 13:49:31 UTC] PHP Notice:  Function WP_Block_Type_Registry::register was called <strong>incorrectly</strong>. Block type "core/missing" is already registered. Please see <a href="https://developer.wordpress.org/advanced-administration/debug/debug-wordpress/">Debugging in WordPress</a> for more information. (This message was added in version 5.0.0.) in C:\xampp\htdocs\malumere\wp-includes\functions.php on line 6260
[23-Sep-2026 13:49:31 UTC] PHP Notice:  Function WP_Block_Type_Registry::register was called <strong>incorrectly</strong>. Block type "core/more" is already registered. Please see <a href="https://developer.wordpress.org/advanced-administration/debug/debug-wordpress/">Debugging in WordPress</a> for more information. (This message was added in version 5.0.0.) in C:\xampp\htdocs\malumere\wp-includes\functions.php on line 6260
[23-Sep-2026 13:49:31 UTC] PHP Notice:  Function WP_Block_Type_Registry::register was called <strong>incorrectly</strong>. Block type "core/nextpage" is already registered. Please see <a href="https://developer.wordpress.org/advanced-administration/debug/debug-wordpress/">Debugging in WordPress</a> for more information. (This message was added in version 5.0.0.) in C:\xampp\htdocs\malumere\wp-includes\functions.php on line 6260
[23-Sep-2026 13:49:31 UTC] PHP Notice:  Function WP_Block_Type_Registry::register was called <strong>incorrectly</strong>. Block type "core/preformatted" is already registered. Please see <a href="https://developer.wordpress.org/advanced-administration/debug/debug-wordpress/">Debugging in WordPress</a> for more information. (This message was added in version 5.0.0.) in C:\xampp\htdocs\malumere\wp-includes\functions.php on line 6260
[23-Sep-2026 13:49:31 UTC] PHP Notice:  Function WP_Block_Type_Registry::register was called <strong>incorrectly</strong>. Block type "core/pullquote" is already registered. Please see <a href="https://developer.wordpress.org/advanced-administration/debug/debug-wordpress/">Debugging in WordPress</a> for more information. (This message was added in version 5.0.0.) in C:\xampp\htdocs\malumere\wp-includes\functions.php on line 6260
[23-Sep-2026 13:49:31 UTC] PHP Notice:  Function WP_Block_Type_Registry::register was called <strong>incorrectly</strong>. Block type "core/quote" is already registered. Please see <a href="https://developer.wordpress.org/advanced-administration/debug/debug-wordpress/">Debugging in WordPress</a> for more information. (This message was added in version 5.0.0.) in C:\xampp\htdocs\malumere\wp-includes\functions.php on line 6260
[23-Sep-2026 13:49:31 UTC] PHP Notice:  Function WP_Block_Type_Registry::register was called <strong>incorrectly</strong>. Block type "core/separator" is already registered. Please see <a href="https://developer.wordpress.org/advanced-administration/debug/debug-wordpress/">Debugging in WordPress</a> for more information. (This message was added in version 5.0.0.) in C:\xampp\htdocs\malumere\wp-includes\functions.php on line 6260
[23-Sep-2026 13:49:31 UTC] PHP Notice:  Function WP_Block_Type_Registry::register was called <strong>incorrectly</strong>. Block type "core/social-links" is already registered. Please see <a href="https://developer.wordpress.org/advanced-administration/debug/debug-wordpress/">Debugging in WordPress</a> for more information. (This message was added in version 5.0.0.) in C:\xampp\htdocs\malumere\wp-includes\functions.php on line 6260
[23-Sep-2026 13:49:31 UTC] PHP Notice:  Function WP_Block_Type_Registry::register was called <strong>incorrectly</strong>. Block type "core/spacer" is already registered. Please see <a href="https://developer.wordpress.org/advanced-administration/debug/debug-wordpress/">Debugging in WordPress</a> for more information. (This message was added in version 5.0.0.) in C:\xampp\htdocs\malumere\wp-includes\functions.php on line 6260
[23-Sep-2026 13:49:31 UTC] PHP Notice:  Function WP_Block_Type_Registry::register was called <strong>incorrectly</strong>. Block type "core/tab-panels" is already registered. Please see <a href="https://developer.wordpress.org/advanced-administration/debug/debug-wordpress/">Debugging in WordPress</a> for more information. (This message was added in version 5.0.0.) in C:\xampp\htdocs\malumere\wp-includes\functions.php on line 6260
[23-Sep-2026 13:49:31 UTC] PHP Notice:  Function WP_Block_Type_Registry::register was called <strong>incorrectly</strong>. Block type "core/table" is already registered. Please see <a href="https://developer.wordpress.org/advanced-administration/debug/debug-wordpress/">Debugging in WordPress</a> for more information. (This message was added in version 5.0.0.) in C:\xampp\htdocs\malumere\wp-includes\functions.php on line 6260
[23-Sep-2026 13:49:31 UTC] PHP Notice:  Function WP_Block_Type_Registry::register was called <strong>incorrectly</strong>. Block type "core/terms-query" is already registered. Please see <a href="https://developer.wordpress.org/advanced-administration/debug/debug-wordpress/">Debugging in WordPress</a> for more information. (This message was added in version 5.0.0.) in C:\xampp\htdocs\malumere\wp-includes\functions.php on line 6260
[23-Sep-2026 13:49:31 UTC] PHP Notice:  Function WP_Block_Type_Registry::register was called <strong>incorrectly</strong>. Block type "core/text-columns" is already registered. Please see <a href="https://developer.wordpress.org/advanced-administration/debug/debug-wordpress/">Debugging in WordPress</a> for more information. (This message was added in version 5.0.0.) in C:\xampp\htdocs\malumere\wp-includes\functions.php on line 6260
[23-Sep-2026 13:49:31 UTC] PHP Notice:  Function WP_Block_Type_Registry::register was called <strong>incorrectly</strong>. Block type "core/verse" is already registered. Please see <a href="https://developer.wordpress.org/advanced-administration/debug/debug-wordpress/">Debugging in WordPress</a> for more information. (This message was added in version 5.0.0.) in C:\xampp\htdocs\malumere\wp-includes\functions.php on line 6260
[23-Sep-2026 13:49:37 UTC] PHP Warning:  Undefined variable $ml_state in C:\xampp\htdocs\malumere\wp-content\plugins\ma-lumiere-clinic-manager\admin\views\billing.php on line 391
[23-Sep-2026 13:49:37 UTC] PHP Warning:  Trying to access array offset on value of type null in C:\xampp\htdocs\malumere\wp-content\plugins\ma-lumiere-clinic-manager\admin\views\billing.php on line 391
[23-Sep-2026 13:49:37 UTC] PHP Warning:  Trying to access array offset on value of type null in C:\xampp\htdocs\malumere\wp-content\plugins\ma-lumiere-clinic-manager\admin\views\billing.php on line 399
[23-Sep-2026 13:49:37 UTC] PHP Warning:  Trying to access array offset on value of type null in C:\xampp\htdocs\malumere\wp-content\plugins\ma-lumiere-clinic-manager\admin\views\billing.php on line 399
[23-Sep-2026 13:50:34 UTC] PHP Deprecated:  reset(): Calling reset() on an object is deprecated in C:\Users\Jay\AppData\Local\Temp\opencode\dbg35.php on line 6
[23-Sep-2026 13:50:34 UTC] PHP Deprecated:  reset(): Calling reset() on an object is deprecated in C:\Users\Jay\AppData\Local\Temp\opencode\dbg35.php on line 6
[23-Sep-2026 13:50:34 UTC] PHP Deprecated:  reset(): Calling reset() on an object is deprecated in C:\Users\Jay\AppData\Local\Temp\opencode\dbg35.php on line 6
[23-Sep-2026 13:50:34 UTC] PHP Deprecated:  reset(): Calling reset() on an object is deprecated in C:\Users\Jay\AppData\Local\Temp\opencode\dbg35.php on line 6
[23-Sep-2026 13:50:34 UTC] PHP Deprecated:  reset(): Calling reset() on an object is deprecated in C:\Users\Jay\AppData\Local\Temp\opencode\dbg35.php on line 6
[23-Sep-2026 13:50:34 UTC] PHP Deprecated:  reset(): Calling reset() on an object is deprecated in C:\Users\Jay\AppData\Local\Temp\opencode\dbg35.php on line 6
[23-Sep-2026 13:50:34 UTC] PHP Deprecated:  reset(): Calling reset() on an object is deprecated in C:\Users\Jay\AppData\Local\Temp\opencode\dbg35.php on line 6
[23-Sep-2026 13:50:34 UTC] PHP Deprecated:  reset(): Calling reset() on an object is deprecated in C:\Users\Jay\AppData\Local\Temp\opencode\dbg35.php on line 6
[23-Sep-2026 13:50:34 UTC] PHP Deprecated:  reset(): Calling reset() on an object is deprecated in C:\Users\Jay\AppData\Local\Temp\opencode\dbg35.php on line 6
[23-Sep-2026 13:50:34 UTC] PHP Deprecated:  reset(): Calling reset() on an object is deprecated in C:\Users\Jay\AppData\Local\Temp\opencode\dbg35.php on line 6
[23-Sep-2026 13:50:34 UTC] PHP Deprecated:  reset(): Calling reset() on an object is deprecated in C:\Users\Jay\AppData\Local\Temp\opencode\dbg35.php on line 6
[23-Sep-2026 13:50:34 UTC] PHP Deprecated:  reset(): Calling reset() on an object is deprecated in C:\Users\Jay\AppData\Local\Temp\opencode\dbg35.php on line 6
[23-Sep-2026 13:50:34 UTC] PHP Deprecated:  reset(): Calling reset() on an object is deprecated in C:\Users\Jay\AppData\Local\Temp\opencode\dbg35.php on line 6
[23-Sep-2026 13:50:34 UTC] PHP Deprecated:  reset(): Calling reset() on an object is deprecated in C:\Users\Jay\AppData\Local\Temp\opencode\dbg35.php on line 6
[23-Sep-2026 13:50:43 UTC] PHP Fatal error:  Uncaught TypeError: get_class_methods(): Argument #1 ($object_or_class) must be an object or a valid class name, string given in C:\Users\Jay\AppData\Local\Temp\opencode\dbg36.php:11
Stack trace:
#0 C:\Users\Jay\AppData\Local\Temp\opencode\dbg36.php(11): get_class_methods('ML_Pdf_Service')
#1 {main}
  thrown in C:\Users\Jay\AppData\Local\Temp\opencode\dbg36.php on line 11
[23-Sep-2026 13:58:58 UTC] PHP Fatal error:  Uncaught ArgumentCountError: Too few arguments to function wp_checkdate(), 3 passed in C:\xampp\htdocs\malumere\wp-content\plugins\ma-lumiere-clinic-manager\includes\class-reports.php on line 45 and exactly 4 expected in C:\xampp\htdocs\malumere\wp-includes\functions.php:7527
Stack trace:
#0 C:\xampp\htdocs\malumere\wp-content\plugins\ma-lumiere-clinic-manager\includes\class-reports.php(45): wp_checkdate(1, 1, 2026)
#1 C:\Users\Jay\AppData\Local\Temp\opencode\smoke14_reports.php(26): ML_Reports::parse_range('2026-01-01', '2026-01-05')
#2 {main}
  thrown in C:\xampp\htdocs\malumere\wp-includes\functions.php on line 7527
[23-Sep-2026 13:59:01 UTC] PHP Fatal error:  Uncaught ArgumentCountError: Too few arguments to function wp_checkdate(), 3 passed in C:\xampp\htdocs\malumere\wp-content\plugins\ma-lumiere-clinic-manager\includes\class-reports.php on line 45 and exactly 4 expected in C:\xampp\htdocs\malumere\wp-includes\functions.php:7527
Stack trace:
#0 C:\xampp\htdocs\malumere\wp-content\plugins\ma-lumiere-clinic-manager\includes\class-reports.php(45): wp_checkdate(1, 1, 2026)
#1 C:\Users\Jay\AppData\Local\Temp\opencode\smoke14_reports.php(26): ML_Reports::parse_range('2026-01-01', '2026-01-05')
#2 {main}
  thrown in C:\xampp\htdocs\malumere\wp-includes\functions.php on line 7527
[23-Sep-2026 13:59:07 UTC] PHP Fatal error:  Uncaught ArgumentCountError: Too few arguments to function wp_checkdate(), 3 passed in C:\xampp\htdocs\malumere\wp-content\plugins\ma-lumiere-clinic-manager\includes\class-reports.php on line 45 and exactly 4 expected in C:\xampp\htdocs\malumere\wp-includes\functions.php:7527
Stack trace:
#0 C:\xampp\htdocs\malumere\wp-content\plugins\ma-lumiere-clinic-manager\includes\class-reports.php(45): wp_checkdate(1, 1, 2026)
#1 C:\Users\Jay\AppData\Local\Temp\opencode\smoke14_reports.php(26): ML_Reports::parse_range('2026-01-01', '2026-01-05')
#2 {main}
  thrown in C:\xampp\htdocs\malumere\wp-includes\functions.php on line 7527
[23-Sep-2026 13:59:24 UTC] PHP Fatal error:  Uncaught ArgumentCountError: Too few arguments to function wp_checkdate(), 3 passed in C:\xampp\htdocs\malumere\wp-content\plugins\ma-lumiere-clinic-manager\includes\class-reports.php on line 45 and exactly 4 expected in C:\xampp\htdocs\malumere\wp-includes\functions.php:7527
Stack trace:
#0 C:\xampp\htdocs\malumere\wp-content\plugins\ma-lumiere-clinic-manager\includes\class-reports.php(45): wp_checkdate(1, 1, 2026)
#1 C:\Users\Jay\AppData\Local\Temp\opencode\dbg41.php(9): ML_Reports::parse_range('2026-01-01', '2026-01-05')
#2 {main}
  thrown in C:\xampp\htdocs\malumere\wp-includes\functions.php on line 7527
[23-Sep-2026 14:01:49 UTC] PHP Notice:  Function WP_Icon_Collections_Registry::register was called <strong>incorrectly</strong>. Icon collection is already registered. Please see <a href="https://developer.wordpress.org/advanced-administration/debug/debug-wordpress/">Debugging in WordPress</a> for more information. (This message was added in version 7.1.0.) in C:\xampp\htdocs\malumere\wp-includes\functions.php on line 6260
[23-Sep-2026 14:01:49 UTC] PHP Notice:  Function WP_Font_Library::register_font_collection was called <strong>incorrectly</strong>. Font collection with slug: "google-fonts" is already registered. Please see <a href="https://developer.wordpress.org/advanced-administration/debug/debug-wordpress/">Debugging in WordPress</a> for more information. (This message was added in version 6.5.0.) in C:\xampp\htdocs\malumere\wp-includes\functions.php on line 6260
[23-Sep-2026 14:01:49 UTC] PHP Notice:  Function WP_Icons_Registry::register was called <strong>incorrectly</strong>. Icon is already registered. Please see <a href="https://developer.wordpress.org/advanced-administration/debug/debug-wordpress/">Debugging in WordPress</a> for more information. (This message was added in version 7.1.0.) in C:\xampp\htdocs\malumere\wp-includes\functions.php on line 6260
[23-Sep-2026 14:01:49 UTC] PHP Notice:  Function WP_Icons_Registry::register was called <strong>incorrectly</strong>. Icon is already registered. Please see <a href="https://developer.wordpress.org/advanced-administration/debug/debug-wordpress/">Debugging in WordPress</a> for more information. (This message was added in version 7.1.0.) in C:\xampp\htdocs\malumere\wp-includes\functions.php on line 6260
[23-Sep-2026 14:01:49 UTC] PHP Notice:  Function WP_Icons_Registry::register was called <strong>incorrectly</strong>. Icon is already registered. Please see <a href="https://developer.wordpress.org/advanced-administration/debug/debug-wordpress/">Debugging in WordPress</a> for more information. (This message was added in version 7.1.0.) in C:\xampp\htdocs\malumere\wp-includes\functions.php on line 6260
[23-Sep-2026 14:01:49 UTC] PHP Notice:  Function WP_Icons_Registry::register was called <strong>incorrectly</strong>. Icon is already registered. Please see <a href="https://developer.wordpress.org/advanced-administration/debug/debug-wordpress/">Debugging in WordPress</a> for more information. (This message was added in version 7.1.0.) in C:\xampp\htdocs\malumere\wp-includes\functions.php on line 6260
[23-Sep-2026 14:01:49 UTC] PHP Notice:  Function WP_Icons_Registry::register was called <strong>incorrectly</strong>. Icon is already registered. Please see <a href="https://developer.wordpress.org/advanced-administration/debug/debug-wordpress/">Debugging in WordPress</a> for more information. (This message was added in version 7.1.0.) in C:\xampp\htdocs\malumere\wp-includes\functions.php on line 6260
[23-Sep-2026 14:01:49 UTC] PHP Notice:  Function WP_Icons_Registry::register was called <strong>incorrectly</strong>. Icon is already registered. Please see <a href="https://developer.wordpress.org/advanced-administration/debug/debug-wordpress/">Debugging in WordPress</a> for more information. (This message was added in version 7.1.0.) in C:\xampp\htdocs\malumere\wp-includes\functions.php on line 6260
[23-Sep-2026 14:01:49 UTC] PHP Notice:  Function WP_Icons_Registry::register was called <strong>incorrectly</strong>. Icon is already registered. Please see <a href="https://developer.wordpress.org/advanced-administration/debug/debug-wordpress/">Debugging in WordPress</a> for more information. (This message was added in version 7.1.0.) in C:\xampp\htdocs\malumere\wp-includes\functions.php on line 6260
[23-Sep-2026 14:01:49 UTC] PHP Notice:  Function WP_Icons_Registry::register was called <strong>incorrectly</strong>. Icon is already registered. Please see <a href="https://developer.wordpress.org/advanced-administration/debug/debug-wordpress/">Debugging in WordPress</a> for more information. (This message was added in version 7.1.0.) in C:\xampp\htdocs\malumere\wp-includes\functions.php on line 6260
[23-Sep-2026 14:01:49 UTC] PHP Notice:  Function WP_Icons_Registry::register was called <strong>incorrectly</strong>. Icon is already registered. Please see <a href="https://developer.wordpress.org/advanced-administration/debug/debug-wordpress/">Debugging in WordPress</a> for more information. (This message was added in version 7.1.0.) in C:\xampp\htdocs\malumere\wp-includes\functions.php on line 6260
[23-Sep-2026 14:01:49 UTC] PHP Notice:  Function WP_Icons_Registry::register was called <strong>incorrectly</strong>. Icon is already registered. Please see <a href="https://developer.wordpress.org/advanced-administration/debug/debug-wordpress/">Debugging in WordPress</a> for more information. (This message was added in version 7.1.0.) in C:\xampp\htdocs\malumere\wp-includes\functions.php on line 6260
[23-Sep-2026 14:01:49 UTC] PHP Notice:  Function WP_Icons_Registry::register was called <strong>incorrectly</strong>. Icon is already registered. Please see <a href="https://developer.wordpress.org/advanced-administration/debug/debug-wordpress/">Debugging in WordPress</a> for more information. (This message was added in version 7.1.0.) in C:\xampp\htdocs\malumere\wp-includes\functions.php on line 6260
[23-Sep-2026 14:01:49 UTC] PHP Notice:  Function WP_Icons_Registry::register was called <strong>incorrectly</strong>. Icon is already registered. Please see <a href="https://developer.wordpress.org/advanced-administration/debug/debug-wordpress/">Debugging in WordPress</a> for more information. (This message was added in version 7.1.0.) in C:\xampp\htdocs\malumere\wp-includes\functions.php on line 6260
[23-Sep-2026 14:01:49 UTC] PHP Notice:  Function WP_Icons_Registry::register was called <strong>incorrectly</strong>. Icon is already registered. Please see <a href="https://developer.wordpress.org/advanced-administration/debug/debug-wordpress/">Debugging in WordPress</a> for more information. (This message was added in version 7.1.0.) in C:\xampp\htdocs\malumere\wp-includes\functions.php on line 6260
[23-Sep-2026 14:01:49 UTC] PHP Notice:  Function WP_Icons_Registry::register was called <strong>incorrectly</strong>. Icon is already registered. Please see <a href="https://developer.wordpress.org/advanced-administration/debug/debug-wordpress/">Debugging in WordPress</a> for more information. (This message was added in version 7.1.0.) in C:\xampp\htdocs\malumere\wp-includes\functions.php on line 6260
[23-Sep-2026 14:01:49 UTC] PHP Notice:  Function WP_Icons_Registry::register was called <strong>incorrectly</strong>. Icon is already registered. Please see <a href="https://developer.wordpress.org/advanced-administration/debug/debug-wordpress/">Debugging in WordPress</a> for more information. (This message was added in version 7.1.0.) in C:\xampp\htdocs\malumere\wp-includes\functions.php on line 6260
[23-Sep-2026 14:01:49 UTC] PHP Notice:  Function WP_Icons_Registry::register was called <strong>incorrectly</strong>. Icon is already registered. Please see <a href="https://developer.wordpress.org/advanced-administration/debug/debug-wordpress/">Debugging in WordPress</a> for more information. (This message was added in version 7.1.0.) in C:\xampp\htdocs\malumere\wp-includes\functions.php on line 6260
[23-Sep-2026 14:01:49 UTC] PHP Notice:  Function WP_Icons_Registry::register was called <strong>incorrectly</strong>. Icon is already registered. Please see <a href="https://developer.wordpress.org/advanced-administration/debug/debug-wordpress/">Debugging in WordPress</a> for more information. (This message was added in version 7.1.0.) in C:\xampp\htdocs\malumere\wp-includes\functions.php on line 6260
[23-Sep-2026 14:01:49 UTC] PHP Notice:  Function WP_Icons_Registry::register was called <strong>incorrectly</strong>. Icon is already registered. Please see <a href="https://developer.wordpress.org/advanced-administration/debug/debug-wordpress/">Debugging in WordPress</a> for more information. (This message was added in version 7.1.0.) in C:\xampp\htdocs\malumere\wp-includes\functions.php on line 6260
[23-Sep-2026 14:01:49 UTC] PHP Notice:  Function WP_Icons_Registry::register was called <strong>incorrectly</strong>. Icon is already registered. Please see <a href="https://developer.wordpress.org/advanced-administration/debug/debug-wordpress/">Debugging in WordPress</a> for more information. (This message was added in version 7.1.0.) in C:\xampp\htdocs\malumere\wp-includes\functions.php on line 6260
[23-Sep-2026 14:01:49 UTC] PHP Notice:  Function WP_Icons_Registry::register was called <strong>incorrectly</strong>. Icon is already registered. Please see <a href="https://developer.wordpress.org/advanced-administration/debug/debug-wordpress/">Debugging in WordPress</a> for more information. (This message was added in version 7.1.0.) in C:\xampp\htdocs\malumere\wp-includes\functions.php on line 6260
[23-Sep-2026 14:01:49 UTC] PHP Notice:  Function WP_Icons_Registry::register was called <strong>incorrectly</strong>. Icon is already registered. Please see <a href="https://developer.wordpress.org/advanced-administration/debug/debug-wordpress/">Debugging in WordPress</a> for more information. (This message was added in version 7.1.0.) in C:\xampp\htdocs\malumere\wp-includes\functions.php on line 6260
[23-Sep-2026 14:01:49 UTC] PHP Notice:  Function WP_Icons_Registry::register was called <strong>incorrectly</strong>. Icon is already registered. Please see <a href="https://developer.wordpress.org/advanced-administration/debug/debug-wordpress/">Debugging in WordPress</a> for more information. (This message was added in version 7.1.0.) in C:\xampp\htdocs\malumere\wp-includes\functions.php on line 6260
[23-Sep-2026 14:01:49 UTC] PHP Notice:  Function WP_Icons_Registry::register was called <strong>incorrectly</strong>. Icon is already registered. Please see <a href="https://developer.wordpress.org/advanced-administration/debug/debug-wordpress/">Debugging in WordPress</a> for more information. (This message was added in version 7.1.0.) in C:\xampp\htdocs\malumere\wp-includes\functions.php on line 6260
[23-Sep-2026 14:01:49 UTC] PHP Notice:  Function WP_Icons_Registry::register was called <strong>incorrectly</strong>. Icon is already registered. Please see <a href="https://developer.wordpress.org/advanced-administration/debug/debug-wordpress/">Debugging in WordPress</a> for more information. (This message was added in version 7.1.0.) in C:\xampp\htdocs\malumere\wp-includes\functions.php on line 6260
[23-Sep-2026 14:01:49 UTC] PHP Notice:  Function WP_Icons_Registry::register was called <strong>incorrectly</strong>. Icon is already registered. Please see <a href="https://developer.wordpress.org/advanced-administration/debug/debug-wordpress/">Debugging in WordPress</a> for more information. (This message was added in version 7.1.0.) in C:\xampp\htdocs\malumere\wp-includes\functions.php on line 6260
[23-Sep-2026 14:01:49 UTC] PHP Notice:  Function WP_Icons_Registry::register was called <strong>incorrectly</strong>. Icon is already registered. Please see <a href="https://developer.wordpress.org/advanced-administration/debug/debug-wordpress/">Debugging in WordPress</a> for more information. (This message was added in version 7.1.0.) in C:\xampp\htdocs\malumere\wp-includes\functions.php on line 6260
[23-Sep-2026 14:01:49 UTC] PHP Notice:  Function WP_Icons_Registry::register was called <strong>incorrectly</strong>. Icon is already registered. Please see <a href="https://developer.wordpress.org/advanced-administration/debug/debug-wordpress/">Debugging in WordPress</a> for more information. (This message was added in version 7.1.0.) in C:\xampp\htdocs\malumere\wp-includes\functions.php on line 6260
[23-Sep-2026 14:01:49 UTC] PHP Notice:  Function WP_Icons_Registry::register was called <strong>incorrectly</strong>. Icon is already registered. Please see <a href="https://developer.wordpress.org/advanced-administration/debug/debug-wordpress/">Debugging in WordPress</a> for more information. (This message was added in version 7.1.0.) in C:\xampp\htdocs\malumere\wp-includes\functions.php on line 6260
[23-Sep-2026 14:01:49 UTC] PHP Notice:  Function WP_Icons_Registry::register was called <strong>incorrectly</strong>. Icon is already registered. Please see <a href="https://developer.wordpress.org/advanced-administration/debug/debug-wordpress/">Debugging in WordPress</a> for more information. (This message was added in version 7.1.0.) in C:\xampp\htdocs\malumere\wp-includes\functions.php on line 6260
[23-Sep-2026 14:01:49 UTC] PHP Notice:  Function WP_Icons_Registry::register was called <strong>incorrectly</strong>. Icon is already registered. Please see <a href="https://developer.wordpress.org/advanced-administration/debug/debug-wordpress/">Debugging in WordPress</a> for more information. (This message was added in version 7.1.0.) in C:\xampp\htdocs\malumere\wp-includes\functions.php on line 6260
[23-Sep-2026 14:01:49 UTC] PHP Notice:  Function WP_Icons_Registry::register was called <strong>incorrectly</strong>. Icon is already registered. Please see <a href="https://developer.wordpress.org/advanced-administration/debug/debug-wordpress/">Debugging in WordPress</a> for more information. (This message was added in version 7.1.0.) in C:\xampp\htdocs\malumere\wp-includes\functions.php on line 6260
[23-Sep-2026 14:01:49 UTC] PHP Notice:  Function WP_Icons_Registry::register was called <strong>incorrectly</strong>. Icon is already registered. Please see <a href="https://developer.wordpress.org/advanced-administration/debug/debug-wordpress/">Debugging in WordPress</a> for more information. (This message was added in version 7.1.0.) in C:\xampp\htdocs\malumere\wp-includes\functions.php on line 6260
[23-Sep-2026 14:01:49 UTC] PHP Notice:  Function WP_Icons_Registry::register was called <strong>incorrectly</strong>. Icon is already registered. Please see <a href="https://developer.wordpress.org/advanced-administration/debug/debug-wordpress/">Debugging in WordPress</a> for more information. (This message was added in version 7.1.0.) in C:\xampp\htdocs\malumere\wp-includes\functions.php on line 6260
[23-Sep-2026 14:01:49 UTC] PHP Notice:  Function WP_Icons_Registry::register was called <strong>incorrectly</strong>. Icon is already registered. Please see <a href="https://developer.wordpress.org/advanced-administration/debug/debug-wordpress/">Debugging in WordPress</a> for more information. (This message was added in version 7.1.0.) in C:\xampp\htdocs\malumere\wp-includes\functions.php on line 6260
[23-Sep-2026 14:01:49 UTC] PHP Notice:  Function WP_Icons_Registry::register was called <strong>incorrectly</strong>. Icon is already registered. Please see <a href="https://developer.wordpress.org/advanced-administration/debug/debug-wordpress/">Debugging in WordPress</a> for more information. (This message was added in version 7.1.0.) in C:\xampp\htdocs\malumere\wp-includes\functions.php on line 6260
[23-Sep-2026 14:01:49 UTC] PHP Notice:  Function WP_Icons_Registry::register was called <strong>incorrectly</strong>. Icon is already registered. Please see <a href="https://developer.wordpress.org/advanced-administration/debug/debug-wordpress/">Debugging in WordPress</a> for more information. (This message was added in version 7.1.0.) in C:\xampp\htdocs\malumere\wp-includes\functions.php on line 6260
[23-Sep-2026 14:01:49 UTC] PHP Notice:  Function WP_Icons_Registry::register was called <strong>incorrectly</strong>. Icon is already registered. Please see <a href="https://developer.wordpress.org/advanced-administration/debug/debug-wordpress/">Debugging in WordPress</a> for more information. (This message was added in version 7.1.0.) in C:\xampp\htdocs\malumere\wp-includes\functions.php on line 6260
[23-Sep-2026 14:01:49 UTC] PHP Notice:  Function WP_Icons_Registry::register was called <strong>incorrectly</strong>. Icon is already registered. Please see <a href="https://developer.wordpress.org/advanced-administration/debug/debug-wordpress/">Debugging in WordPress</a> for more information. (This message was added in version 7.1.0.) in C:\xampp\htdocs\malumere\wp-includes\functions.php on line 6260
[23-Sep-2026 14:01:49 UTC] PHP Notice:  Function WP_Icons_Registry::register was called <strong>incorrectly</strong>. Icon is already registered. Please see <a href="https://developer.wordpress.org/advanced-administration/debug/debug-wordpress/">Debugging in WordPress</a> for more information. (This message was added in version 7.1.0.) in C:\xampp\htdocs\malumere\wp-includes\functions.php on line 6260
[23-Sep-2026 14:01:49 UTC] PHP Notice:  Function WP_Icons_Registry::register was called <strong>incorrectly</strong>. Icon is already registered. Please see <a href="https://developer.wordpress.org/advanced-administration/debug/debug-wordpress/">Debugging in WordPress</a> for more information. (This message was added in version 7.1.0.) in C:\xampp\htdocs\malumere\wp-includes\functions.php on line 6260
[23-Sep-2026 14:01:49 UTC] PHP Notice:  Function WP_Icons_Registry::register was called <strong>incorrectly</strong>. Icon is already registered. Please see <a href="https://developer.wordpress.org/advanced-administration/debug/debug-wordpress/">Debugging in WordPress</a> for more information. (This message was added in version 7.1.0.) in C:\xampp\htdocs\malumere\wp-includes\functions.php on line 6260
[23-Sep-2026 14:01:49 UTC] PHP Notice:  Function WP_Icons_Registry::register was called <strong>incorrectly</strong>. Icon is already registered. Please see <a href="https://developer.wordpress.org/advanced-administration/debug/debug-wordpress/">Debugging in WordPress</a> for more information. (This message was added in version 7.1.0.) in C:\xampp\htdocs\malumere\wp-includes\functions.php on line 6260
[23-Sep-2026 14:01:49 UTC] PHP Notice:  Function WP_Icons_Registry::register was called <strong>incorrectly</strong>. Icon is already registered. Please see <a href="https://developer.wordpress.org/advanced-administration/debug/debug-wordpress/">Debugging in WordPress</a> for more information. (This message was added in version 7.1.0.) in C:\xampp\htdocs\malumere\wp-includes\functions.php on line 6260
[23-Sep-2026 14:01:49 UTC] PHP Notice:  Function WP_Icons_Registry::register was called <strong>incorrectly</strong>. Icon is already registered. Please see <a href="https://developer.wordpress.org/advanced-administration/debug/debug-wordpress/">Debugging in WordPress</a> for more information. (This message was added in version 7.1.0.) in C:\xampp\htdocs\malumere\wp-includes\functions.php on line 6260
[23-Sep-2026 14:01:49 UTC] PHP Notice:  Function WP_Icons_Registry::register was called <strong>incorrectly</strong>. Icon is already registered. Please see <a href="https://developer.wordpress.org/advanced-administration/debug/debug-wordpress/">Debugging in WordPress</a> for more information. (This message was added in version 7.1.0.) in C:\xampp\htdocs\malumere\wp-includes\functions.php on line 6260
[23-Sep-2026 14:01:49 UTC] PHP Notice:  Function WP_Icons_Registry::register was called <strong>incorrectly</strong>. Icon is already registered. Please see <a href="https://developer.wordpress.org/advanced-administration/debug/debug-wordpress/">Debugging in WordPress</a> for more information. (This message was added in version 7.1.0.) in C:\xampp\htdocs\malumere\wp-includes\functions.php on line 6260
[23-Sep-2026 14:01:49 UTC] PHP Notice:  Function WP_Icons_Registry::register was called <strong>incorrectly</strong>. Icon is already registered. Please see <a href="https://developer.wordpress.org/advanced-administration/debug/debug-wordpress/">Debugging in WordPress</a> for more information. (This message was added in version 7.1.0.) in C:\xampp\htdocs\malumere\wp-includes\functions.php on line 6260
[23-Sep-2026 14:01:49 UTC] PHP Notice:  Function WP_Icons_Registry::register was called <strong>incorrectly</strong>. Icon is already registered. Please see <a href="https://developer.wordpress.org/advanced-administration/debug/debug-wordpress/">Debugging in WordPress</a> for more information. (This message was added in version 7.1.0.) in C:\xampp\htdocs\malumere\wp-includes\functions.php on line 6260
[23-Sep-2026 14:01:49 UTC] PHP Notice:  Function WP_Icons_Registry::register was called <strong>incorrectly</strong>. Icon is already registered. Please see <a href="https://developer.wordpress.org/advanced-administration/debug/debug-wordpress/">Debugging in WordPress</a> for more information. (This message was added in version 7.1.0.) in C:\xampp\htdocs\malumere\wp-includes\functions.php on line 6260
[23-Sep-2026 14:01:49 UTC] PHP Notice:  Function WP_Icons_Registry::register was called <strong>incorrectly</strong>. Icon is already registered. Please see <a href="https://developer.wordpress.org/advanced-administration/debug/debug-wordpress/">Debugging in WordPress</a> for more information. (This message was added in version 7.1.0.) in C:\xampp\htdocs\malumere\wp-includes\functions.php on line 6260
[23-Sep-2026 14:01:49 UTC] PHP Notice:  Function WP_Icons_Registry::register was called <strong>incorrectly</strong>. Icon is already registered. Please see <a href="https://developer.wordpress.org/advanced-administration/debug/debug-wordpress/">Debugging in WordPress</a> for more information. (This message was added in version 7.1.0.) in C:\xampp\htdocs\malumere\wp-includes\functions.php on line 6260
[23-Sep-2026 14:01:49 UTC] PHP Notice:  Function WP_Icons_Registry::register was called <strong>incorrectly</strong>. Icon is already registered. Please see <a href="https://developer.wordpress.org/advanced-administration/debug/debug-wordpress/">Debugging in WordPress</a> for more information. (This message was added in version 7.1.0.) in C:\xampp\htdocs\malumere\wp-includes\functions.php on line 6260
[23-Sep-2026 14:01:49 UTC] PHP Notice:  Function WP_Icons_Registry::register was called <strong>incorrectly</strong>. Icon is already registered. Please see <a href="https://developer.wordpress.org/advanced-administration/debug/debug-wordpress/">Debugging in WordPress</a> for more information. (This message was added in version 7.1.0.) in C:\xampp\htdocs\malumere\wp-includes\functions.php on line 6260
[23-Sep-2026 14:01:49 UTC] PHP Notice:  Function WP_Icons_Registry::register was called <strong>incorrectly</strong>. Icon is already registered. Please see <a href="https://developer.wordpress.org/advanced-administration/debug/debug-wordpress/">Debugging in WordPress</a> for more information. (This message was added in version 7.1.0.) in C:\xampp\htdocs\malumere\wp-includes\functions.php on line 6260
[23-Sep-2026 14:01:49 UTC] PHP Notice:  Function WP_Icons_Registry::register was called <strong>incorrectly</strong>. Icon is already registered. Please see <a href="https://developer.wordpress.org/advanced-administration/debug/debug-wordpress/">Debugging in WordPress</a> for more information. (This message was added in version 7.1.0.) in C:\xampp\htdocs\malumere\wp-includes\functions.php on line 6260
[23-Sep-2026 14:01:49 UTC] PHP Notice:  Function WP_Icons_Registry::register was called <strong>incorrectly</strong>. Icon is already registered. Please see <a href="https://developer.wordpress.org/advanced-administration/debug/debug-wordpress/">Debugging in WordPress</a> for more information. (This message was added in version 7.1.0.) in C:\xampp\htdocs\malumere\wp-includes\functions.php on line 6260
[23-Sep-2026 14:01:49 UTC] PHP Notice:  Function WP_Icons_Registry::register was called <strong>incorrectly</strong>. Icon is already registered. Please see <a href="https://developer.wordpress.org/advanced-administration/debug/debug-wordpress/">Debugging in WordPress</a> for more information. (This message was added in version 7.1.0.) in C:\xampp\htdocs\malumere\wp-includes\functions.php on line 6260
[23-Sep-2026 14:01:49 UTC] PHP Notice:  Function WP_Icons_Registry::register was called <strong>incorrectly</strong>. Icon is already registered. Please see <a href="https://developer.wordpress.org/advanced-administration/debug/debug-wordpress/">Debugging in WordPress</a> for more information. (This message was added in version 7.1.0.) in C:\xampp\htdocs\malumere\wp-includes\functions.php on line 6260
[23-Sep-2026 14:01:49 UTC] PHP Notice:  Function WP_Icons_Registry::register was called <strong>incorrectly</strong>. Icon is already registered. Please see <a href="https://developer.wordpress.org/advanced-administration/debug/debug-wordpress/">Debugging in WordPress</a> for more information. (This message was added in version 7.1.0.) in C:\xampp\htdocs\malumere\wp-includes\functions.php on line 6260
[23-Sep-2026 14:01:49 UTC] PHP Notice:  Function WP_Icons_Registry::register was called <strong>incorrectly</strong>. Icon is already registered. Please see <a href="https://developer.wordpress.org/advanced-administration/debug/debug-wordpress/">Debugging in WordPress</a> for more information. (This message was added in version 7.1.0.) in C:\xampp\htdocs\malumere\wp-includes\functions.php on line 6260
[23-Sep-2026 14:01:49 UTC] PHP Notice:  Function WP_Icons_Registry::register was called <strong>incorrectly</strong>. Icon is already registered. Please see <a href="https://developer.wordpress.org/advanced-administration/debug/debug-wordpress/">Debugging in WordPress</a> for more information. (This message was added in version 7.1.0.) in C:\xampp\htdocs\malumere\wp-includes\functions.php on line 6260
[23-Sep-2026 14:01:49 UTC] PHP Notice:  Function WP_Icons_Registry::register was called <strong>incorrectly</strong>. Icon is already registered. Please see <a href="https://developer.wordpress.org/advanced-administration/debug/debug-wordpress/">Debugging in WordPress</a> for more information. (This message was added in version 7.1.0.) in C:\xampp\htdocs\malumere\wp-includes\functions.php on line 6260
[23-Sep-2026 14:01:49 UTC] PHP Notice:  Function WP_Icons_Registry::register was called <strong>incorrectly</strong>. Icon is already registered. Please see <a href="https://developer.wordpress.org/advanced-administration/debug/debug-wordpress/">Debugging in WordPress</a> for more information. (This message was added in version 7.1.0.) in C:\xampp\htdocs\malumere\wp-includes\functions.php on line 6260
[23-Sep-2026 14:01:49 UTC] PHP Notice:  Function WP_Icons_Registry::register was called <strong>incorrectly</strong>. Icon is already registered. Please see <a href="https://developer.wordpress.org/advanced-administration/debug/debug-wordpress/">Debugging in WordPress</a> for more information. (This message was added in version 7.1.0.) in C:\xampp\htdocs\malumere\wp-includes\functions.php on line 6260
[23-Sep-2026 14:01:49 UTC] PHP Notice:  Function WP_Icons_Registry::register was called <strong>incorrectly</strong>. Icon is already registered. Please see <a href="https://developer.wordpress.org/advanced-administration/debug/debug-wordpress/">Debugging in WordPress</a> for more information. (This message was added in version 7.1.0.) in C:\xampp\htdocs\malumere\wp-includes\functions.php on line 6260
[23-Sep-2026 14:01:49 UTC] PHP Notice:  Function WP_Icons_Registry::register was called <strong>incorrectly</strong>. Icon is already registered. Please see <a href="https://developer.wordpress.org/advanced-administration/debug/debug-wordpress/">Debugging in WordPress</a> for more information. (This message was added in version 7.1.0.) in C:\xampp\htdocs\malumere\wp-includes\functions.php on line 6260
[23-Sep-2026 14:01:49 UTC] PHP Notice:  Function WP_Icons_Registry::register was called <strong>incorrectly</strong>. Icon is already registered. Please see <a href="https://developer.wordpress.org/advanced-administration/debug/debug-wordpress/">Debugging in WordPress</a> for more information. (This message was added in version 7.1.0.) in C:\xampp\htdocs\malumere\wp-includes\functions.php on line 6260
[23-Sep-2026 14:01:49 UTC] PHP Notice:  Function WP_Icons_Registry::register was called <strong>incorrectly</strong>. Icon is already registered. Please see <a href="https://developer.wordpress.org/advanced-administration/debug/debug-wordpress/">Debugging in WordPress</a> for more information. (This message was added in version 7.1.0.) in C:\xampp\htdocs\malumere\wp-includes\functions.php on line 6260
[23-Sep-2026 14:01:49 UTC] PHP Notice:  Function WP_Icons_Registry::register was called <strong>incorrectly</strong>. Icon is already registered. Please see <a href="https://developer.wordpress.org/advanced-administration/debug/debug-wordpress/">Debugging in WordPress</a> for more information. (This message was added in version 7.1.0.) in C:\xampp\htdocs\malumere\wp-includes\functions.php on line 6260
[23-Sep-2026 14:01:49 UTC] PHP Notice:  Function WP_Icons_Registry::register was called <strong>incorrectly</strong>. Icon is already registered. Please see <a href="https://developer.wordpress.org/advanced-administration/debug/debug-wordpress/">Debugging in WordPress</a> for more information. (This message was added in version 7.1.0.) in C:\xampp\htdocs\malumere\wp-includes\functions.php on line 6260
[23-Sep-2026 14:01:49 UTC] PHP Notice:  Function WP_Icons_Registry::register was called <strong>incorrectly</strong>. Icon is already registered. Please see <a href="https://developer.wordpress.org/advanced-administration/debug/debug-wordpress/">Debugging in WordPress</a> for more information. (This message was added in version 7.1.0.) in C:\xampp\htdocs\malumere\wp-includes\functions.php on line 6260
[23-Sep-2026 14:01:49 UTC] PHP Notice:  Function WP_Icons_Registry::register was called <strong>incorrectly</strong>. Icon is already registered. Please see <a href="https://developer.wordpress.org/advanced-administration/debug/debug-wordpress/">Debugging in WordPress</a> for more information. (This message was added in version 7.1.0.) in C:\xampp\htdocs\malumere\wp-includes\functions.php on line 6260
[23-Sep-2026 14:01:49 UTC] PHP Notice:  Function WP_Icons_Registry::register was called <strong>incorrectly</strong>. Icon is already registered. Please see <a href="https://developer.wordpress.org/advanced-administration/debug/debug-wordpress/">Debugging in WordPress</a> for more information. (This message was added in version 7.1.0.) in C:\xampp\htdocs\malumere\wp-includes\functions.php on line 6260
[23-Sep-2026 14:01:49 UTC] PHP Notice:  Function WP_Icons_Registry::register was called <strong>incorrectly</strong>. Icon is already registered. Please see <a href="https://developer.wordpress.org/advanced-administration/debug/debug-wordpress/">Debugging in WordPress</a> for more information. (This message was added in version 7.1.0.) in C:\xampp\htdocs\malumere\wp-includes\functions.php on line 6260
[23-Sep-2026 14:01:49 UTC] PHP Notice:  Function WP_Icons_Registry::register was called <strong>incorrectly</strong>. Icon is already registered. Please see <a href="https://developer.wordpress.org/advanced-administration/debug/debug-wordpress/">Debugging in WordPress</a> for more information. (This message was added in version 7.1.0.) in C:\xampp\htdocs\malumere\wp-includes\functions.php on line 6260
[23-Sep-2026 14:01:49 UTC] PHP Notice:  Function WP_Icons_Registry::register was called <strong>incorrectly</strong>. Icon is already registered. Please see <a href="https://developer.wordpress.org/advanced-administration/debug/debug-wordpress/">Debugging in WordPress</a> for more information. (This message was added in version 7.1.0.) in C:\xampp\htdocs\malumere\wp-includes\functions.php on line 6260
[23-Sep-2026 14:01:49 UTC] PHP Notice:  Function WP_Icons_Registry::register was called <strong>incorrectly</strong>. Icon is already registered. Please see <a href="https://developer.wordpress.org/advanced-administration/debug/debug-wordpress/">Debugging in WordPress</a> for more information. (This message was added in version 7.1.0.) in C:\xampp\htdocs\malumere\wp-includes\functions.php on line 6260
[23-Sep-2026 14:01:49 UTC] PHP Notice:  Function WP_Icons_Registry::register was called <strong>incorrectly</strong>. Icon is already registered. Please see <a href="https://developer.wordpress.org/advanced-administration/debug/debug-wordpress/">Debugging in WordPress</a> for more information. (This message was added in version 7.1.0.) in C:\xampp\htdocs\malumere\wp-includes\functions.php on line 6260
[23-Sep-2026 14:01:49 UTC] PHP Notice:  Function WP_Icons_Registry::register was called <strong>incorrectly</strong>. Icon is already registered. Please see <a href="https://developer.wordpress.org/advanced-administration/debug/debug-wordpress/">Debugging in WordPress</a> for more information. (This message was added in version 7.1.0.) in C:\xampp\htdocs\malumere\wp-includes\functions.php on line 6260
[23-Sep-2026 14:01:49 UTC] PHP Notice:  Function WP_Icons_Registry::register was called <strong>incorrectly</strong>. Icon is already registered. Please see <a href="https://developer.wordpress.org/advanced-administration/debug/debug-wordpress/">Debugging in WordPress</a> for more information. (This message was added in version 7.1.0.) in C:\xampp\htdocs\malumere\wp-includes\functions.php on line 6260
[23-Sep-2026 14:01:49 UTC] PHP Notice:  Function WP_Icons_Registry::register was called <strong>incorrectly</strong>. Icon is already registered. Please see <a href="https://developer.wordpress.org/advanced-administration/debug/debug-wordpress/">Debugging in WordPress</a> for more information. (This message was added in version 7.1.0.) in C:\xampp\htdocs\malumere\wp-includes\functions.php on line 6260
[23-Sep-2026 14:01:49 UTC] PHP Notice:  Function WP_Icons_Registry::register was called <strong>incorrectly</strong>. Icon is already registered. Please see <a href="https://developer.wordpress.org/advanced-administration/debug/debug-wordpress/">Debugging in WordPress</a> for more information. (This message was added in version 7.1.0.) in C:\xampp\htdocs\malumere\wp-includes\functions.php on line 6260
[23-Sep-2026 14:01:49 UTC] PHP Notice:  Function WP_Icons_Registry::register was called <strong>incorrectly</strong>. Icon is already registered. Please see <a href="https://developer.wordpress.org/advanced-administration/debug/debug-wordpress/">Debugging in WordPress</a> for more information. (This message was added in version 7.1.0.) in C:\xampp\htdocs\malumere\wp-includes\functions.php on line 6260
[23-Sep-2026 14:01:49 UTC] PHP Notice:  Function WP_Icons_Registry::register was called <strong>incorrectly</strong>. Icon is already registered. Please see <a href="https://developer.wordpress.org/advanced-administration/debug/debug-wordpress/">Debugging in WordPress</a> for more information. (This message was added in version 7.1.0.) in C:\xampp\htdocs\malumere\wp-includes\functions.php on line 6260
[23-Sep-2026 14:01:49 UTC] PHP Notice:  Function WP_Icons_Registry::register was called <strong>incorrectly</strong>. Icon is already registered. Please see <a href="https://developer.wordpress.org/advanced-administration/debug/debug-wordpress/">Debugging in WordPress</a> for more information. (This message was added in version 7.1.0.) in C:\xampp\htdocs\malumere\wp-includes\functions.php on line 6260
[23-Sep-2026 14:01:49 UTC] PHP Notice:  Function WP_Icons_Registry::register was called <strong>incorrectly</strong>. Icon is already registered. Please see <a href="https://developer.wordpress.org/advanced-administration/debug/debug-wordpress/">Debugging in WordPress</a> for more information. (This message was added in version 7.1.0.) in C:\xampp\htdocs\malumere\wp-includes\functions.php on line 6260
[23-Sep-2026 14:01:49 UTC] PHP Notice:  Function WP_Icons_Registry::register was called <strong>incorrectly</strong>. Icon is already registered. Please see <a href="https://developer.wordpress.org/advanced-administration/debug/debug-wordpress/">Debugging in WordPress</a> for more information. (This message was added in version 7.1.0.) in C:\xampp\htdocs\malumere\wp-includes\functions.php on line 6260
[23-Sep-2026 14:01:49 UTC] PHP Notice:  Function WP_Icons_Registry::register was called <strong>incorrectly</strong>. Icon is already registered. Please see <a href="https://developer.wordpress.org/advanced-administration/debug/debug-wordpress/">Debugging in WordPress</a> for more information. (This message was added in version 7.1.0.) in C:\xampp\htdocs\malumere\wp-includes\functions.php on line 6260
[23-Sep-2026 14:01:49 UTC] PHP Notice:  Function WP_Block_Bindings_Registry::register was called <strong>incorrectly</strong>. Block bindings source "core/pattern-overrides" already registered. Please see <a href="https://developer.wordpress.org/advanced-administration/debug/debug-wordpress/">Debugging in WordPress</a> for more information. (This message was added in version 6.5.0.) in C:\xampp\htdocs\malumere\wp-includes\functions.php on line 6260
[23-Sep-2026 14:01:49 UTC] PHP Notice:  Function WP_Block_Bindings_Registry::register was called <strong>incorrectly</strong>. Block bindings source "core/post-data" already registered. Please see <a href="https://developer.wordpress.org/advanced-administration/debug/debug-wordpress/">Debugging in WordPress</a> for more information. (This message was added in version 6.5.0.) in C:\xampp\htdocs\malumere\wp-includes\functions.php on line 6260
[23-Sep-2026 14:01:49 UTC] PHP Notice:  Function WP_Block_Bindings_Registry::register was called <strong>incorrectly</strong>. Block bindings source "core/post-meta" already registered. Please see <a href="https://developer.wordpress.org/advanced-administration/debug/debug-wordpress/">Debugging in WordPress</a> for more information. (This message was added in version 6.5.0.) in C:\xampp\htdocs\malumere\wp-includes\functions.php on line 6260
[23-Sep-2026 14:01:49 UTC] PHP Notice:  Function WP_Block_Type_Registry::register was called <strong>incorrectly</strong>. Block type "core/legacy-widget" is already registered. Please see <a href="https://developer.wordpress.org/advanced-administration/debug/debug-wordpress/">Debugging in WordPress</a> for more information. (This message was added in version 5.0.0.) in C:\xampp\htdocs\malumere\wp-includes\functions.php on line 6260
[23-Sep-2026 14:01:49 UTC] PHP Notice:  Function WP_Block_Type_Registry::register was called <strong>incorrectly</strong>. Block type "core/widget-group" is already registered. Please see <a href="https://developer.wordpress.org/advanced-administration/debug/debug-wordpress/">Debugging in WordPress</a> for more information. (This message was added in version 5.0.0.) in C:\xampp\htdocs\malumere\wp-includes\functions.php on line 6260
[23-Sep-2026 14:01:49 UTC] PHP Notice:  Function WP_Block_Type_Registry::register was called <strong>incorrectly</strong>. Block type "core/accordion" is already registered. Please see <a href="https://developer.wordpress.org/advanced-administration/debug/debug-wordpress/">Debugging in WordPress</a> for more information. (This message was added in version 5.0.0.) in C:\xampp\htdocs\malumere\wp-includes\functions.php on line 6260
[23-Sep-2026 14:01:49 UTC] PHP Notice:  Function WP_Block_Type_Registry::register was called <strong>incorrectly</strong>. Block type "core/accordion-item" is already registered. Please see <a href="https://developer.wordpress.org/advanced-administration/debug/debug-wordpress/">Debugging in WordPress</a> for more information. (This message was added in version 5.0.0.) in C:\xampp\htdocs\malumere\wp-includes\functions.php on line 6260
[23-Sep-2026 14:01:49 UTC] PHP Notice:  Function WP_Block_Type_Registry::register was called <strong>incorrectly</strong>. Block type "core/archives" is already registered. Please see <a href="https://developer.wordpress.org/advanced-administration/debug/debug-wordpress/">Debugging in WordPress</a> for more information. (This message was added in version 5.0.0.) in C:\xampp\htdocs\malumere\wp-includes\functions.php on line 6260
[23-Sep-2026 14:01:49 UTC] PHP Notice:  Function WP_Block_Type_Registry::register was called <strong>incorrectly</strong>. Block type "core/avatar" is already registered. Please see <a href="https://developer.wordpress.org/advanced-administration/debug/debug-wordpress/">Debugging in WordPress</a> for more information. (This message was added in version 5.0.0.) in C:\xampp\htdocs\malumere\wp-includes\functions.php on line 6260
[23-Sep-2026 14:01:49 UTC] PHP Notice:  Function WP_Block_Type_Registry::register was called <strong>incorrectly</strong>. Block type "core/block" is already registered. Please see <a href="https://developer.wordpress.org/advanced-administration/debug/debug-wordpress/">Debugging in WordPress</a> for more information. (This message was added in version 5.0.0.) in C:\xampp\htdocs\malumere\wp-includes\functions.php on line 6260
[23-Sep-2026 14:01:49 UTC] PHP Notice:  Function WP_Block_Type_Registry::register was called <strong>incorrectly</strong>. Block type "core/breadcrumbs" is already registered. Please see <a href="https://developer.wordpress.org/advanced-administration/debug/debug-wordpress/">Debugging in WordPress</a> for more information. (This message was added in version 5.0.0.) in C:\xampp\htdocs\malumere\wp-includes\functions.php on line 6260
[23-Sep-2026 14:01:49 UTC] PHP Notice:  Function WP_Block_Type_Registry::register was called <strong>incorrectly</strong>. Block type "core/button" is already registered. Please see <a href="https://developer.wordpress.org/advanced-administration/debug/debug-wordpress/">Debugging in WordPress</a> for more information. (This message was added in version 5.0.0.) in C:\xampp\htdocs\malumere\wp-includes\functions.php on line 6260
[23-Sep-2026 14:01:49 UTC] PHP Notice:  Function WP_Block_Type_Registry::register was called <strong>incorrectly</strong>. Block type "core/calendar" is already registered. Please see <a href="https://developer.wordpress.org/advanced-administration/debug/debug-wordpress/">Debugging in WordPress</a> for more information. (This message was added in version 5.0.0.) in C:\xampp\htdocs\malumere\wp-includes\functions.php on line 6260
[23-Sep-2026 14:01:49 UTC] PHP Notice:  Function WP_Block_Type_Registry::register was called <strong>incorrectly</strong>. Block type "core/categories" is already registered. Please see <a href="https://developer.wordpress.org/advanced-administration/debug/debug-wordpress/">Debugging in WordPress</a> for more information. (This message was added in version 5.0.0.) in C:\xampp\htdocs\malumere\wp-includes\functions.php on line 6260
[23-Sep-2026 14:01:49 UTC] PHP Notice:  Function WP_Block_Type_Registry::register was called <strong>incorrectly</strong>. Block type "core/comment-author-name" is already registered. Please see <a href="https://developer.wordpress.org/advanced-administration/debug/debug-wordpress/">Debugging in WordPress</a> for more information. (This message was added in version 5.0.0.) in C:\xampp\htdocs\malumere\wp-includes\functions.php on line 6260
[23-Sep-2026 14:01:49 UTC] PHP Notice:  Function WP_Block_Type_Registry::register was called <strong>incorrectly</strong>. Block type "core/comment-content" is already registered. Please see <a href="https://developer.wordpress.org/advanced-administration/debug/debug-wordpress/">Debugging in WordPress</a> for more information. (This message was added in version 5.0.0.) in C:\xampp\htdocs\malumere\wp-includes\functions.php on line 6260
[23-Sep-2026 14:01:49 UTC] PHP Notice:  Function WP_Block_Type_Registry::register was called <strong>incorrectly</strong>. Block type "core/comment-date" is already registered. Please see <a href="https://developer.wordpress.org/advanced-administration/debug/debug-wordpress/">Debugging in WordPress</a> for more information. (This message was added in version 5.0.0.) in C:\xampp\htdocs\malumere\wp-includes\functions.php on line 6260
[23-Sep-2026 14:01:49 UTC] PHP Notice:  Function WP_Block_Type_Registry::register was called <strong>incorrectly</strong>. Block type "core/comment-edit-link" is already registered. Please see <a href="https://developer.wordpress.org/advanced-administration/debug/debug-wordpress/">Debugging in WordPress</a> for more information. (This message was added in version 5.0.0.) in C:\xampp\htdocs\malumere\wp-includes\functions.php on line 6260
[23-Sep-2026 14:01:49 UTC] PHP Notice:  Function WP_Block_Type_Registry::register was called <strong>incorrectly</strong>. Block type "core/comment-reply-link" is already registered. Please see <a href="https://developer.wordpress.org/advanced-administration/debug/debug-wordpress/">Debugging in WordPress</a> for more information. (This message was added in version 5.0.0.) in C:\xampp\htdocs\malumere\wp-includes\functions.php on line 6260
[23-Sep-2026 14:01:49 UTC] PHP Notice:  Function WP_Block_Type_Registry::register was called <strong>incorrectly</strong>. Block type "core/comment-template" is already registered. Please see <a href="https://developer.wordpress.org/advanced-administration/debug/debug-wordpress/">Debugging in WordPress</a> for more information. (This message was added in version 5.0.0.) in C:\xampp\htdocs\malumere\wp-includes\functions.php on line 6260
[23-Sep-2026 14:01:49 UTC] PHP Notice:  Function WP_Block_Type_Registry::register was called <strong>incorrectly</strong>. Block type "core/comments" is already registered. Please see <a href="https://developer.wordpress.org/advanced-administration/debug/debug-wordpress/">Debugging in WordPress</a> for more information. (This message was added in version 5.0.0.) in C:\xampp\htdocs\malumere\wp-includes\functions.php on line 6260
[23-Sep-2026 14:01:49 UTC] PHP Notice:  Function WP_Block_Type_Registry::register was called <strong>incorrectly</strong>. Block type "core/comments-pagination" is already registered. Please see <a href="https://developer.wordpress.org/advanced-administration/debug/debug-wordpress/">Debugging in WordPress</a> for more information. (This message was added in version 5.0.0.) in C:\xampp\htdocs\malumere\wp-includes\functions.php on line 6260
[23-Sep-2026 14:01:49 UTC] PHP Notice:  Function WP_Block_Type_Registry::register was called <strong>incorrectly</strong>. Block type "core/comments-pagination-next" is already registered. Please see <a href="https://developer.wordpress.org/advanced-administration/debug/debug-wordpress/">Debugging in WordPress</a> for more information. (This message was added in version 5.0.0.) in C:\xampp\htdocs\malumere\wp-includes\functions.php on line 6260
[23-Sep-2026 14:01:49 UTC] PHP Notice:  Function WP_Block_Type_Registry::register was called <strong>incorrectly</strong>. Block type "core/comments-pagination-numbers" is already registered. Please see <a href="https://developer.wordpress.org/advanced-administration/debug/debug-wordpress/">Debugging in WordPress</a> for more information. (This message was added in version 5.0.0.) in C:\xampp\htdocs\malumere\wp-includes\functions.php on line 6260
[23-Sep-2026 14:01:49 UTC] PHP Notice:  Function WP_Block_Type_Registry::register was called <strong>incorrectly</strong>. Block type "core/comments-pagination-previous" is already registered. Please see <a href="https://developer.wordpress.org/advanced-administration/debug/debug-wordpress/">Debugging in WordPress</a> for more information. (This message was added in version 5.0.0.) in C:\xampp\htdocs\malumere\wp-includes\functions.php on line 6260
[23-Sep-2026 14:01:49 UTC] PHP Notice:  Function WP_Block_Type_Registry::register was called <strong>incorrectly</strong>. Block type "core/comments-title" is already registered. Please see <a href="https://developer.wordpress.org/advanced-administration/debug/debug-wordpress/">Debugging in WordPress</a> for more information. (This message was added in version 5.0.0.) in C:\xampp\htdocs\malumere\wp-includes\functions.php on line 6260
[23-Sep-2026 14:01:49 UTC] PHP Notice:  Function WP_Block_Type_Registry::register was called <strong>incorrectly</strong>. Block type "core/cover" is already registered. Please see <a href="https://developer.wordpress.org/advanced-administration/debug/debug-wordpress/">Debugging in WordPress</a> for more information. (This message was added in version 5.0.0.) in C:\xampp\htdocs\malumere\wp-includes\functions.php on line 6260
[23-Sep-2026 14:01:49 UTC] PHP Notice:  Function WP_Block_Type_Registry::register was called <strong>incorrectly</strong>. Block type "core/details" is already registered. Please see <a href="https://developer.wordpress.org/advanced-administration/debug/debug-wordpress/">Debugging in WordPress</a> for more information. (This message was added in version 5.0.0.) in C:\xampp\htdocs\malumere\wp-includes\functions.php on line 6260
[23-Sep-2026 14:01:49 UTC] PHP Notice:  Function WP_Block_Type_Registry::register was called <strong>incorrectly</strong>. Block type "core/file" is already registered. Please see <a href="https://developer.wordpress.org/advanced-administration/debug/debug-wordpress/">Debugging in WordPress</a> for more information. (This message was added in version 5.0.0.) in C:\xampp\htdocs\malumere\wp-includes\functions.php on line 6260
[23-Sep-2026 14:01:49 UTC] PHP Notice:  Function WP_Block_Type_Registry::register was called <strong>incorrectly</strong>. Block type "core/footnotes" is already registered. Please see <a href="https://developer.wordpress.org/advanced-administration/debug/debug-wordpress/">Debugging in WordPress</a> for more information. (This message was added in version 5.0.0.) in C:\xampp\htdocs\malumere\wp-includes\functions.php on line 6260
[23-Sep-2026 14:01:49 UTC] PHP Notice:  Function WP_Block_Type_Registry::register was called <strong>incorrectly</strong>. Block type "core/gallery" is already registered. Please see <a href="https://developer.wordpress.org/advanced-administration/debug/debug-wordpress/">Debugging in WordPress</a> for more information. (This message was added in version 5.0.0.) in C:\xampp\htdocs\malumere\wp-includes\functions.php on line 6260
[23-Sep-2026 14:01:49 UTC] PHP Notice:  Function WP_Block_Type_Registry::register was called <strong>incorrectly</strong>. Block type "core/heading" is already registered. Please see <a href="https://developer.wordpress.org/advanced-administration/debug/debug-wordpress/">Debugging in WordPress</a> for more information. (This message was added in version 5.0.0.) in C:\xampp\htdocs\malumere\wp-includes\functions.php on line 6260
[23-Sep-2026 14:01:49 UTC] PHP Notice:  Function WP_Block_Type_Registry::register was called <strong>incorrectly</strong>. Block type "core/home-link" is already registered. Please see <a href="https://developer.wordpress.org/advanced-administration/debug/debug-wordpress/">Debugging in WordPress</a> for more information. (This message was added in version 5.0.0.) in C:\xampp\htdocs\malumere\wp-includes\functions.php on line 6260
[23-Sep-2026 14:01:49 UTC] PHP Notice:  Function WP_Block_Type_Registry::register was called <strong>incorrectly</strong>. Block type "core/icon" is already registered. Please see <a href="https://developer.wordpress.org/advanced-administration/debug/debug-wordpress/">Debugging in WordPress</a> for more information. (This message was added in version 5.0.0.) in C:\xampp\htdocs\malumere\wp-includes\functions.php on line 6260
[23-Sep-2026 14:01:49 UTC] PHP Notice:  Function WP_Block_Type_Registry::register was called <strong>incorrectly</strong>. Block type "core/image" is already registered. Please see <a href="https://developer.wordpress.org/advanced-administration/debug/debug-wordpress/">Debugging in WordPress</a> for more information. (This message was added in version 5.0.0.) in C:\xampp\htdocs\malumere\wp-includes\functions.php on line 6260
[23-Sep-2026 14:01:49 UTC] PHP Notice:  Function WP_Block_Type_Registry::register was called <strong>incorrectly</strong>. Block type "core/latest-comments" is already registered. Please see <a href="https://developer.wordpress.org/advanced-administration/debug/debug-wordpress/">Debugging in WordPress</a> for more information. (This message was added in version 5.0.0.) in C:\xampp\htdocs\malumere\wp-includes\functions.php on line 6260
[23-Sep-2026 14:01:49 UTC] PHP Notice:  Function WP_Block_Type_Registry::register was called <strong>incorrectly</strong>. Block type "core/latest-posts" is already registered. Please see <a href="https://developer.wordpress.org/advanced-administration/debug/debug-wordpress/">Debugging in WordPress</a> for more information. (This message was added in version 5.0.0.) in C:\xampp\htdocs\malumere\wp-includes\functions.php on line 6260
[23-Sep-2026 14:01:49 UTC] PHP Notice:  Function WP_Block_Type_Registry::register was called <strong>incorrectly</strong>. Block type "core/list" is already registered. Please see <a href="https://developer.wordpress.org/advanced-administration/debug/debug-wordpress/">Debugging in WordPress</a> for more information. (This message was added in version 5.0.0.) in C:\xampp\htdocs\malumere\wp-includes\functions.php on line 6260
[23-Sep-2026 14:01:49 UTC] PHP Notice:  Function WP_Block_Type_Registry::register was called <strong>incorrectly</strong>. Block type "core/loginout" is already registered. Please see <a href="https://developer.wordpress.org/advanced-administration/debug/debug-wordpress/">Debugging in WordPress</a> for more information. (This message was added in version 5.0.0.) in C:\xampp\htdocs\malumere\wp-includes\functions.php on line 6260
[23-Sep-2026 14:01:49 UTC] PHP Notice:  Function WP_Block_Type_Registry::register was called <strong>incorrectly</strong>. Block type "core/media-text" is already registered. Please see <a href="https://developer.wordpress.org/advanced-administration/debug/debug-wordpress/">Debugging in WordPress</a> for more information. (This message was added in version 5.0.0.) in C:\xampp\htdocs\malumere\wp-includes\functions.php on line 6260
[23-Sep-2026 14:01:49 UTC] PHP Notice:  Function WP_Block_Type_Registry::register was called <strong>incorrectly</strong>. Block type "core/navigation" is already registered. Please see <a href="https://developer.wordpress.org/advanced-administration/debug/debug-wordpress/">Debugging in WordPress</a> for more information. (This message was added in version 5.0.0.) in C:\xampp\htdocs\malumere\wp-includes\functions.php on line 6260
[23-Sep-2026 14:01:49 UTC] PHP Notice:  Function WP_Block_Type_Registry::register was called <strong>incorrectly</strong>. Block type "core/navigation-link" is already registered. Please see <a href="https://developer.wordpress.org/advanced-administration/debug/debug-wordpress/">Debugging in WordPress</a> for more information. (This message was added in version 5.0.0.) in C:\xampp\htdocs\malumere\wp-includes\functions.php on line 6260
[23-Sep-2026 14:01:49 UTC] PHP Notice:  Function WP_Block_Type_Registry::register was called <strong>incorrectly</strong>. Block type "core/navigation-overlay-close" is already registered. Please see <a href="https://developer.wordpress.org/advanced-administration/debug/debug-wordpress/">Debugging in WordPress</a> for more information. (This message was added in version 5.0.0.) in C:\xampp\htdocs\malumere\wp-includes\functions.php on line 6260
[23-Sep-2026 14:01:49 UTC] PHP Notice:  Function WP_Block_Type_Registry::register was called <strong>incorrectly</strong>. Block type "core/navigation-submenu" is already registered. Please see <a href="https://developer.wordpress.org/advanced-administration/debug/debug-wordpress/">Debugging in WordPress</a> for more information. (This message was added in version 5.0.0.) in C:\xampp\htdocs\malumere\wp-includes\functions.php on line 6260
[23-Sep-2026 14:01:49 UTC] PHP Notice:  Function WP_Block_Type_Registry::register was called <strong>incorrectly</strong>. Block type "core/page-list" is already registered. Please see <a href="https://developer.wordpress.org/advanced-administration/debug/debug-wordpress/">Debugging in WordPress</a> for more information. (This message was added in version 5.0.0.) in C:\xampp\htdocs\malumere\wp-includes\functions.php on line 6260
[23-Sep-2026 14:01:49 UTC] PHP Notice:  Function WP_Block_Type_Registry::register was called <strong>incorrectly</strong>. Block type "core/page-list-item" is already registered. Please see <a href="https://developer.wordpress.org/advanced-administration/debug/debug-wordpress/">Debugging in WordPress</a> for more information. (This message was added in version 5.0.0.) in C:\xampp\htdocs\malumere\wp-includes\functions.php on line 6260
[23-Sep-2026 14:01:49 UTC] PHP Notice:  Function WP_Block_Type_Registry::register was called <strong>incorrectly</strong>. Block type "core/paragraph" is already registered. Please see <a href="https://developer.wordpress.org/advanced-administration/debug/debug-wordpress/">Debugging in WordPress</a> for more information. (This message was added in version 5.0.0.) in C:\xampp\htdocs\malumere\wp-includes\functions.php on line 6260
[23-Sep-2026 14:01:49 UTC] PHP Notice:  Function WP_Block_Type_Registry::register was called <strong>incorrectly</strong>. Block type "core/pattern" is already registered. Please see <a href="https://developer.wordpress.org/advanced-administration/debug/debug-wordpress/">Debugging in WordPress</a> for more information. (This message was added in version 5.0.0.) in C:\xampp\htdocs\malumere\wp-includes\functions.php on line 6260
[23-Sep-2026 14:01:49 UTC] PHP Notice:  Function WP_Block_Type_Registry::register was called <strong>incorrectly</strong>. Block type "core/playlist" is already registered. Please see <a href="https://developer.wordpress.org/advanced-administration/debug/debug-wordpress/">Debugging in WordPress</a> for more information. (This message was added in version 5.0.0.) in C:\xampp\htdocs\malumere\wp-includes\functions.php on line 6260
[23-Sep-2026 14:01:49 UTC] PHP Notice:  Function WP_Block_Type_Registry::register was called <strong>incorrectly</strong>. Block type "core/playlist-track" is already registered. Please see <a href="https://developer.wordpress.org/advanced-administration/debug/debug-wordpress/">Debugging in WordPress</a> for more information. (This message was added in version 5.0.0.) in C:\xampp\htdocs\malumere\wp-includes\functions.php on line 6260
[23-Sep-2026 14:01:49 UTC] PHP Notice:  Function WP_Block_Type_Registry::register was called <strong>incorrectly</strong>. Block type "core/post-author" is already registered. Please see <a href="https://developer.wordpress.org/advanced-administration/debug/debug-wordpress/">Debugging in WordPress</a> for more information. (This message was added in version 5.0.0.) in C:\xampp\htdocs\malumere\wp-includes\functions.php on line 6260
[23-Sep-2026 14:01:49 UTC] PHP Notice:  Function WP_Block_Type_Registry::register was called <strong>incorrectly</strong>. Block type "core/post-author-biography" is already registered. Please see <a href="https://developer.wordpress.org/advanced-administration/debug/debug-wordpress/">Debugging in WordPress</a> for more information. (This message was added in version 5.0.0.) in C:\xampp\htdocs\malumere\wp-includes\functions.php on line 6260
[23-Sep-2026 14:01:49 UTC] PHP Notice:  Function WP_Block_Type_Registry::register was called <strong>incorrectly</strong>. Block type "core/post-author-name" is already registered. Please see <a href="https://developer.wordpress.org/advanced-administration/debug/debug-wordpress/">Debugging in WordPress</a> for more information. (This message was added in version 5.0.0.) in C:\xampp\htdocs\malumere\wp-includes\functions.php on line 6260
[23-Sep-2026 14:01:49 UTC] PHP Notice:  Function WP_Block_Type_Registry::register was called <strong>incorrectly</strong>. Block type "core/post-comments-count" is already registered. Please see <a href="https://developer.wordpress.org/advanced-administration/debug/debug-wordpress/">Debugging in WordPress</a> for more information. (This message was added in version 5.0.0.) in C:\xampp\htdocs\malumere\wp-includes\functions.php on line 6260
[23-Sep-2026 14:01:49 UTC] PHP Notice:  Function WP_Block_Type_Registry::register was called <strong>incorrectly</strong>. Block type "core/post-comments-form" is already registered. Please see <a href="https://developer.wordpress.org/advanced-administration/debug/debug-wordpress/">Debugging in WordPress</a> for more information. (This message was added in version 5.0.0.) in C:\xampp\htdocs\malumere\wp-includes\functions.php on line 6260
[23-Sep-2026 14:01:49 UTC] PHP Notice:  Function WP_Block_Type_Registry::register was called <strong>incorrectly</strong>. Block type "core/post-comments-link" is already registered. Please see <a href="https://developer.wordpress.org/advanced-administration/debug/debug-wordpress/">Debugging in WordPress</a> for more information. (This message was added in version 5.0.0.) in C:\xampp\htdocs\malumere\wp-includes\functions.php on line 6260
[23-Sep-2026 14:01:49 UTC] PHP Notice:  Function WP_Block_Type_Registry::register was called <strong>incorrectly</strong>. Block type "core/post-content" is already registered. Please see <a href="https://developer.wordpress.org/advanced-administration/debug/debug-wordpress/">Debugging in WordPress</a> for more information. (This message was added in version 5.0.0.) in C:\xampp\htdocs\malumere\wp-includes\functions.php on line 6260
[23-Sep-2026 14:01:49 UTC] PHP Notice:  Function WP_Block_Type_Registry::register was called <strong>incorrectly</strong>. Block type "core/post-date" is already registered. Please see <a href="https://developer.wordpress.org/advanced-administration/debug/debug-wordpress/">Debugging in WordPress</a> for more information. (This message was added in version 5.0.0.) in C:\xampp\htdocs\malumere\wp-includes\functions.php on line 6260
[23-Sep-2026 14:01:49 UTC] PHP Notice:  Function WP_Block_Type_Registry::register was called <strong>incorrectly</strong>. Block type "core/post-excerpt" is already registered. Please see <a href="https://developer.wordpress.org/advanced-administration/debug/debug-wordpress/">Debugging in WordPress</a> for more information. (This message was added in version 5.0.0.) in C:\xampp\htdocs\malumere\wp-includes\functions.php on line 6260
[23-Sep-2026 14:01:49 UTC] PHP Notice:  Function WP_Block_Type_Registry::register was called <strong>incorrectly</strong>. Block type "core/post-featured-image" is already registered. Please see <a href="https://developer.wordpress.org/advanced-administration/debug/debug-wordpress/">Debugging in WordPress</a> for more information. (This message was added in version 5.0.0.) in C:\xampp\htdocs\malumere\wp-includes\functions.php on line 6260
[23-Sep-2026 14:01:49 UTC] PHP Notice:  Function WP_Block_Type_Registry::register was called <strong>incorrectly</strong>. Block type "core/post-navigation-link" is already registered. Please see <a href="https://developer.wordpress.org/advanced-administration/debug/debug-wordpress/">Debugging in WordPress</a> for more information. (This message was added in version 5.0.0.) in C:\xampp\htdocs\malumere\wp-includes\functions.php on line 6260
[23-Sep-2026 14:01:49 UTC] PHP Notice:  Function WP_Block_Type_Registry::register was called <strong>incorrectly</strong>. Block type "core/post-template" is already registered. Please see <a href="https://developer.wordpress.org/advanced-administration/debug/debug-wordpress/">Debugging in WordPress</a> for more information. (This message was added in version 5.0.0.) in C:\xampp\htdocs\malumere\wp-includes\functions.php on line 6260
[23-Sep-2026 14:01:49 UTC] PHP Notice:  Function WP_Block_Type_Registry::register was called <strong>incorrectly</strong>. Block type "core/post-terms" is already registered. Please see <a href="https://developer.wordpress.org/advanced-administration/debug/debug-wordpress/">Debugging in WordPress</a> for more information. (This message was added in version 5.0.0.) in C:\xampp\htdocs\malumere\wp-includes\functions.php on line 6260
[23-Sep-2026 14:01:49 UTC] PHP Notice:  Function WP_Block_Type_Registry::register was called <strong>incorrectly</strong>. Block type "core/post-time-to-read" is already registered. Please see <a href="https://developer.wordpress.org/advanced-administration/debug/debug-wordpress/">Debugging in WordPress</a> for more information. (This message was added in version 5.0.0.) in C:\xampp\htdocs\malumere\wp-includes\functions.php on line 6260
[23-Sep-2026 14:01:49 UTC] PHP Notice:  Function WP_Block_Type_Registry::register was called <strong>incorrectly</strong>. Block type "core/post-title" is already registered. Please see <a href="https://developer.wordpress.org/advanced-administration/debug/debug-wordpress/">Debugging in WordPress</a> for more information. (This message was added in version 5.0.0.) in C:\xampp\htdocs\malumere\wp-includes\functions.php on line 6260
[23-Sep-2026 14:01:49 UTC] PHP Notice:  Function WP_Block_Type_Registry::register was called <strong>incorrectly</strong>. Block type "core/query" is already registered. Please see <a href="https://developer.wordpress.org/advanced-administration/debug/debug-wordpress/">Debugging in WordPress</a> for more information. (This message was added in version 5.0.0.) in C:\xampp\htdocs\malumere\wp-includes\functions.php on line 6260
[23-Sep-2026 14:01:49 UTC] PHP Notice:  Function WP_Block_Type_Registry::register was called <strong>incorrectly</strong>. Block type "core/query-no-results" is already registered. Please see <a href="https://developer.wordpress.org/advanced-administration/debug/debug-wordpress/">Debugging in WordPress</a> for more information. (This message was added in version 5.0.0.) in C:\xampp\htdocs\malumere\wp-includes\functions.php on line 6260
[23-Sep-2026 14:01:49 UTC] PHP Notice:  Function WP_Block_Type_Registry::register was called <strong>incorrectly</strong>. Block type "core/query-pagination" is already registered. Please see <a href="https://developer.wordpress.org/advanced-administration/debug/debug-wordpress/">Debugging in WordPress</a> for more information. (This message was added in version 5.0.0.) in C:\xampp\htdocs\malumere\wp-includes\functions.php on line 6260
[23-Sep-2026 14:01:49 UTC] PHP Notice:  Function WP_Block_Type_Registry::register was called <strong>incorrectly</strong>. Block type "core/query-pagination-next" is already registered. Please see <a href="https://developer.wordpress.org/advanced-administration/debug/debug-wordpress/">Debugging in WordPress</a> for more information. (This message was added in version 5.0.0.) in C:\xampp\htdocs\malumere\wp-includes\functions.php on line 6260
[23-Sep-2026 14:01:49 UTC] PHP Notice:  Function WP_Block_Type_Registry::register was called <strong>incorrectly</strong>. Block type "core/query-pagination-numbers" is already registered. Please see <a href="https://developer.wordpress.org/advanced-administration/debug/debug-wordpress/">Debugging in WordPress</a> for more information. (This message was added in version 5.0.0.) in C:\xampp\htdocs\malumere\wp-includes\functions.php on line 6260
[23-Sep-2026 14:01:49 UTC] PHP Notice:  Function WP_Block_Type_Registry::register was called <strong>incorrectly</strong>. Block type "core/query-pagination-previous" is already registered. Please see <a href="https://developer.wordpress.org/advanced-administration/debug/debug-wordpress/">Debugging in WordPress</a> for more information. (This message was added in version 5.0.0.) in C:\xampp\htdocs\malumere\wp-includes\functions.php on line 6260
[23-Sep-2026 14:01:49 UTC] PHP Notice:  Function WP_Block_Type_Registry::register was called <strong>incorrectly</strong>. Block type "core/query-title" is already registered. Please see <a href="https://developer.wordpress.org/advanced-administration/debug/debug-wordpress/">Debugging in WordPress</a> for more information. (This message was added in version 5.0.0.) in C:\xampp\htdocs\malumere\wp-includes\functions.php on line 6260
[23-Sep-2026 14:01:49 UTC] PHP Notice:  Function WP_Block_Type_Registry::register was called <strong>incorrectly</strong>. Block type "core/query-total" is already registered. Please see <a href="https://developer.wordpress.org/advanced-administration/debug/debug-wordpress/">Debugging in WordPress</a> for more information. (This message was added in version 5.0.0.) in C:\xampp\htdocs\malumere\wp-includes\functions.php on line 6260
[23-Sep-2026 14:01:49 UTC] PHP Notice:  Function WP_Block_Type_Registry::register was called <strong>incorrectly</strong>. Block type "core/read-more" is already registered. Please see <a href="https://developer.wordpress.org/advanced-administration/debug/debug-wordpress/">Debugging in WordPress</a> for more information. (This message was added in version 5.0.0.) in C:\xampp\htdocs\malumere\wp-includes\functions.php on line 6260
[23-Sep-2026 14:01:49 UTC] PHP Notice:  Function WP_Block_Type_Registry::register was called <strong>incorrectly</strong>. Block type "core/rss" is already registered. Please see <a href="https://developer.wordpress.org/advanced-administration/debug/debug-wordpress/">Debugging in WordPress</a> for more information. (This message was added in version 5.0.0.) in C:\xampp\htdocs\malumere\wp-includes\functions.php on line 6260
[23-Sep-2026 14:01:49 UTC] PHP Notice:  Function WP_Block_Type_Registry::register was called <strong>incorrectly</strong>. Block type "core/search" is already registered. Please see <a href="https://developer.wordpress.org/advanced-administration/debug/debug-wordpress/">Debugging in WordPress</a> for more information. (This message was added in version 5.0.0.) in C:\xampp\htdocs\malumere\wp-includes\functions.php on line 6260
[23-Sep-2026 14:01:49 UTC] PHP Notice:  Function WP_Block_Type_Registry::register was called <strong>incorrectly</strong>. Block type "core/shortcode" is already registered. Please see <a href="https://developer.wordpress.org/advanced-administration/debug/debug-wordpress/">Debugging in WordPress</a> for more information. (This message was added in version 5.0.0.) in C:\xampp\htdocs\malumere\wp-includes\functions.php on line 6260
[23-Sep-2026 14:01:49 UTC] PHP Notice:  Function WP_Block_Type_Registry::register was called <strong>incorrectly</strong>. Block type "core/site-logo" is already registered. Please see <a href="https://developer.wordpress.org/advanced-administration/debug/debug-wordpress/">Debugging in WordPress</a> for more information. (This message was added in version 5.0.0.) in C:\xampp\htdocs\malumere\wp-includes\functions.php on line 6260
[23-Sep-2026 14:01:49 UTC] PHP Notice:  Function WP_Block_Type_Registry::register was called <strong>incorrectly</strong>. Block type "core/site-tagline" is already registered. Please see <a href="https://developer.wordpress.org/advanced-administration/debug/debug-wordpress/">Debugging in WordPress</a> for more information. (This message was added in version 5.0.0.) in C:\xampp\htdocs\malumere\wp-includes\functions.php on line 6260
[23-Sep-2026 14:01:49 UTC] PHP Notice:  Function WP_Block_Type_Registry::register was called <strong>incorrectly</strong>. Block type "core/site-title" is already registered. Please see <a href="https://developer.wordpress.org/advanced-administration/debug/debug-wordpress/">Debugging in WordPress</a> for more information. (This message was added in version 5.0.0.) in C:\xampp\htdocs\malumere\wp-includes\functions.php on line 6260
[23-Sep-2026 14:01:49 UTC] PHP Notice:  Function WP_Block_Type_Registry::register was called <strong>incorrectly</strong>. Block type "core/social-link" is already registered. Please see <a href="https://developer.wordpress.org/advanced-administration/debug/debug-wordpress/">Debugging in WordPress</a> for more information. (This message was added in version 5.0.0.) in C:\xampp\htdocs\malumere\wp-includes\functions.php on line 6260
[23-Sep-2026 14:01:49 UTC] PHP Notice:  Function WP_Block_Type_Registry::register was called <strong>incorrectly</strong>. Block type "core/tab-list" is already registered. Please see <a href="https://developer.wordpress.org/advanced-administration/debug/debug-wordpress/">Debugging in WordPress</a> for more information. (This message was added in version 5.0.0.) in C:\xampp\htdocs\malumere\wp-includes\functions.php on line 6260
[23-Sep-2026 14:01:49 UTC] PHP Notice:  Function WP_Block_Type_Registry::register was called <strong>incorrectly</strong>. Block type "core/tab-panel" is already registered. Please see <a href="https://developer.wordpress.org/advanced-administration/debug/debug-wordpress/">Debugging in WordPress</a> for more information. (This message was added in version 5.0.0.) in C:\xampp\htdocs\malumere\wp-includes\functions.php on line 6260
[23-Sep-2026 14:01:49 UTC] PHP Notice:  Function WP_Block_Type_Registry::register was called <strong>incorrectly</strong>. Block type "core/tabs" is already registered. Please see <a href="https://developer.wordpress.org/advanced-administration/debug/debug-wordpress/">Debugging in WordPress</a> for more information. (This message was added in version 5.0.0.) in C:\xampp\htdocs\malumere\wp-includes\functions.php on line 6260
[23-Sep-2026 14:01:49 UTC] PHP Notice:  Function WP_Block_Type_Registry::register was called <strong>incorrectly</strong>. Block type "core/tag-cloud" is already registered. Please see <a href="https://developer.wordpress.org/advanced-administration/debug/debug-wordpress/">Debugging in WordPress</a> for more information. (This message was added in version 5.0.0.) in C:\xampp\htdocs\malumere\wp-includes\functions.php on line 6260
[23-Sep-2026 14:01:49 UTC] PHP Notice:  Function WP_Block_Type_Registry::register was called <strong>incorrectly</strong>. Block type "core/template-part" is already registered. Please see <a href="https://developer.wordpress.org/advanced-administration/debug/debug-wordpress/">Debugging in WordPress</a> for more information. (This message was added in version 5.0.0.) in C:\xampp\htdocs\malumere\wp-includes\functions.php on line 6260
[23-Sep-2026 14:01:49 UTC] PHP Notice:  Function WP_Block_Type_Registry::register was called <strong>incorrectly</strong>. Block type "core/term-count" is already registered. Please see <a href="https://developer.wordpress.org/advanced-administration/debug/debug-wordpress/">Debugging in WordPress</a> for more information. (This message was added in version 5.0.0.) in C:\xampp\htdocs\malumere\wp-includes\functions.php on line 6260
[23-Sep-2026 14:01:49 UTC] PHP Notice:  Function WP_Block_Type_Registry::register was called <strong>incorrectly</strong>. Block type "core/term-description" is already registered. Please see <a href="https://developer.wordpress.org/advanced-administration/debug/debug-wordpress/">Debugging in WordPress</a> for more information. (This message was added in version 5.0.0.) in C:\xampp\htdocs\malumere\wp-includes\functions.php on line 6260
[23-Sep-2026 14:01:49 UTC] PHP Notice:  Function WP_Block_Type_Registry::register was called <strong>incorrectly</strong>. Block type "core/term-name" is already registered. Please see <a href="https://developer.wordpress.org/advanced-administration/debug/debug-wordpress/">Debugging in WordPress</a> for more information. (This message was added in version 5.0.0.) in C:\xampp\htdocs\malumere\wp-includes\functions.php on line 6260
[23-Sep-2026 14:01:49 UTC] PHP Notice:  Function WP_Block_Type_Registry::register was called <strong>incorrectly</strong>. Block type "core/term-template" is already registered. Please see <a href="https://developer.wordpress.org/advanced-administration/debug/debug-wordpress/">Debugging in WordPress</a> for more information. (This message was added in version 5.0.0.) in C:\xampp\htdocs\malumere\wp-includes\functions.php on line 6260
[23-Sep-2026 14:01:49 UTC] PHP Notice:  Function WP_Block_Type_Registry::register was called <strong>incorrectly</strong>. Block type "core/video" is already registered. Please see <a href="https://developer.wordpress.org/advanced-administration/debug/debug-wordpress/">Debugging in WordPress</a> for more information. (This message was added in version 5.0.0.) in C:\xampp\htdocs\malumere\wp-includes\functions.php on line 6260
[23-Sep-2026 14:01:49 UTC] PHP Notice:  Function WP_Block_Type_Registry::register was called <strong>incorrectly</strong>. Block type "core/accordion-heading" is already registered. Please see <a href="https://developer.wordpress.org/advanced-administration/debug/debug-wordpress/">Debugging in WordPress</a> for more information. (This message was added in version 5.0.0.) in C:\xampp\htdocs\malumere\wp-includes\functions.php on line 6260
[23-Sep-2026 14:01:49 UTC] PHP Notice:  Function WP_Block_Type_Registry::register was called <strong>incorrectly</strong>. Block type "core/accordion-panel" is already registered. Please see <a href="https://developer.wordpress.org/advanced-administration/debug/debug-wordpress/">Debugging in WordPress</a> for more information. (This message was added in version 5.0.0.) in C:\xampp\htdocs\malumere\wp-includes\functions.php on line 6260
[23-Sep-2026 14:01:49 UTC] PHP Notice:  Function WP_Block_Type_Registry::register was called <strong>incorrectly</strong>. Block type "core/audio" is already registered. Please see <a href="https://developer.wordpress.org/advanced-administration/debug/debug-wordpress/">Debugging in WordPress</a> for more information. (This message was added in version 5.0.0.) in C:\xampp\htdocs\malumere\wp-includes\functions.php on line 6260
[23-Sep-2026 14:01:49 UTC] PHP Notice:  Function WP_Block_Type_Registry::register was called <strong>incorrectly</strong>. Block type "core/buttons" is already registered. Please see <a href="https://developer.wordpress.org/advanced-administration/debug/debug-wordpress/">Debugging in WordPress</a> for more information. (This message was added in version 5.0.0.) in C:\xampp\htdocs\malumere\wp-includes\functions.php on line 6260
[23-Sep-2026 14:01:49 UTC] PHP Notice:  Function WP_Block_Type_Registry::register was called <strong>incorrectly</strong>. Block type "core/code" is already registered. Please see <a href="https://developer.wordpress.org/advanced-administration/debug/debug-wordpress/">Debugging in WordPress</a> for more information. (This message was added in version 5.0.0.) in C:\xampp\htdocs\malumere\wp-includes\functions.php on line 6260
[23-Sep-2026 14:01:49 UTC] PHP Notice:  Function WP_Block_Type_Registry::register was called <strong>incorrectly</strong>. Block type "core/column" is already registered. Please see <a href="https://developer.wordpress.org/advanced-administration/debug/debug-wordpress/">Debugging in WordPress</a> for more information. (This message was added in version 5.0.0.) in C:\xampp\htdocs\malumere\wp-includes\functions.php on line 6260
[23-Sep-2026 14:01:49 UTC] PHP Notice:  Function WP_Block_Type_Registry::register was called <strong>incorrectly</strong>. Block type "core/columns" is already registered. Please see <a href="https://developer.wordpress.org/advanced-administration/debug/debug-wordpress/">Debugging in WordPress</a> for more information. (This message was added in version 5.0.0.) in C:\xampp\htdocs\malumere\wp-includes\functions.php on line 6260
[23-Sep-2026 14:01:49 UTC] PHP Notice:  Function WP_Block_Type_Registry::register was called <strong>incorrectly</strong>. Block type "core/embed" is already registered. Please see <a href="https://developer.wordpress.org/advanced-administration/debug/debug-wordpress/">Debugging in WordPress</a> for more information. (This message was added in version 5.0.0.) in C:\xampp\htdocs\malumere\wp-includes\functions.php on line 6260
[23-Sep-2026 14:01:49 UTC] PHP Notice:  Function WP_Block_Type_Registry::register was called <strong>incorrectly</strong>. Block type "core/freeform" is already registered. Please see <a href="https://developer.wordpress.org/advanced-administration/debug/debug-wordpress/">Debugging in WordPress</a> for more information. (This message was added in version 5.0.0.) in C:\xampp\htdocs\malumere\wp-includes\functions.php on line 6260
[23-Sep-2026 14:01:49 UTC] PHP Notice:  Function WP_Block_Type_Registry::register was called <strong>incorrectly</strong>. Block type "core/group" is already registered. Please see <a href="https://developer.wordpress.org/advanced-administration/debug/debug-wordpress/">Debugging in WordPress</a> for more information. (This message was added in version 5.0.0.) in C:\xampp\htdocs\malumere\wp-includes\functions.php on line 6260
[23-Sep-2026 14:01:49 UTC] PHP Notice:  Function WP_Block_Type_Registry::register was called <strong>incorrectly</strong>. Block type "core/html" is already registered. Please see <a href="https://developer.wordpress.org/advanced-administration/debug/debug-wordpress/">Debugging in WordPress</a> for more information. (This message was added in version 5.0.0.) in C:\xampp\htdocs\malumere\wp-includes\functions.php on line 6260
[23-Sep-2026 14:01:49 UTC] PHP Notice:  Function WP_Block_Type_Registry::register was called <strong>incorrectly</strong>. Block type "core/list-item" is already registered. Please see <a href="https://developer.wordpress.org/advanced-administration/debug/debug-wordpress/">Debugging in WordPress</a> for more information. (This message was added in version 5.0.0.) in C:\xampp\htdocs\malumere\wp-includes\functions.php on line 6260
[23-Sep-2026 14:01:49 UTC] PHP Notice:  Function WP_Block_Type_Registry::register was called <strong>incorrectly</strong>. Block type "core/math" is already registered. Please see <a href="https://developer.wordpress.org/advanced-administration/debug/debug-wordpress/">Debugging in WordPress</a> for more information. (This message was added in version 5.0.0.) in C:\xampp\htdocs\malumere\wp-includes\functions.php on line 6260
[23-Sep-2026 14:01:49 UTC] PHP Notice:  Function WP_Block_Type_Registry::register was called <strong>incorrectly</strong>. Block type "core/missing" is already registered. Please see <a href="https://developer.wordpress.org/advanced-administration/debug/debug-wordpress/">Debugging in WordPress</a> for more information. (This message was added in version 5.0.0.) in C:\xampp\htdocs\malumere\wp-includes\functions.php on line 6260
[23-Sep-2026 14:01:49 UTC] PHP Notice:  Function WP_Block_Type_Registry::register was called <strong>incorrectly</strong>. Block type "core/more" is already registered. Please see <a href="https://developer.wordpress.org/advanced-administration/debug/debug-wordpress/">Debugging in WordPress</a> for more information. (This message was added in version 5.0.0.) in C:\xampp\htdocs\malumere\wp-includes\functions.php on line 6260
[23-Sep-2026 14:01:49 UTC] PHP Notice:  Function WP_Block_Type_Registry::register was called <strong>incorrectly</strong>. Block type "core/nextpage" is already registered. Please see <a href="https://developer.wordpress.org/advanced-administration/debug/debug-wordpress/">Debugging in WordPress</a> for more information. (This message was added in version 5.0.0.) in C:\xampp\htdocs\malumere\wp-includes\functions.php on line 6260
[23-Sep-2026 14:01:49 UTC] PHP Notice:  Function WP_Block_Type_Registry::register was called <strong>incorrectly</strong>. Block type "core/preformatted" is already registered. Please see <a href="https://developer.wordpress.org/advanced-administration/debug/debug-wordpress/">Debugging in WordPress</a> for more information. (This message was added in version 5.0.0.) in C:\xampp\htdocs\malumere\wp-includes\functions.php on line 6260
[23-Sep-2026 14:01:49 UTC] PHP Notice:  Function WP_Block_Type_Registry::register was called <strong>incorrectly</strong>. Block type "core/pullquote" is already registered. Please see <a href="https://developer.wordpress.org/advanced-administration/debug/debug-wordpress/">Debugging in WordPress</a> for more information. (This message was added in version 5.0.0.) in C:\xampp\htdocs\malumere\wp-includes\functions.php on line 6260
[23-Sep-2026 14:01:49 UTC] PHP Notice:  Function WP_Block_Type_Registry::register was called <strong>incorrectly</strong>. Block type "core/quote" is already registered. Please see <a href="https://developer.wordpress.org/advanced-administration/debug/debug-wordpress/">Debugging in WordPress</a> for more information. (This message was added in version 5.0.0.) in C:\xampp\htdocs\malumere\wp-includes\functions.php on line 6260
[23-Sep-2026 14:01:49 UTC] PHP Notice:  Function WP_Block_Type_Registry::register was called <strong>incorrectly</strong>. Block type "core/separator" is already registered. Please see <a href="https://developer.wordpress.org/advanced-administration/debug/debug-wordpress/">Debugging in WordPress</a> for more information. (This message was added in version 5.0.0.) in C:\xampp\htdocs\malumere\wp-includes\functions.php on line 6260
[23-Sep-2026 14:01:49 UTC] PHP Notice:  Function WP_Block_Type_Registry::register was called <strong>incorrectly</strong>. Block type "core/social-links" is already registered. Please see <a href="https://developer.wordpress.org/advanced-administration/debug/debug-wordpress/">Debugging in WordPress</a> for more information. (This message was added in version 5.0.0.) in C:\xampp\htdocs\malumere\wp-includes\functions.php on line 6260
[23-Sep-2026 14:01:49 UTC] PHP Notice:  Function WP_Block_Type_Registry::register was called <strong>incorrectly</strong>. Block type "core/spacer" is already registered. Please see <a href="https://developer.wordpress.org/advanced-administration/debug/debug-wordpress/">Debugging in WordPress</a> for more information. (This message was added in version 5.0.0.) in C:\xampp\htdocs\malumere\wp-includes\functions.php on line 6260
[23-Sep-2026 14:01:49 UTC] PHP Notice:  Function WP_Block_Type_Registry::register was called <strong>incorrectly</strong>. Block type "core/tab-panels" is already registered. Please see <a href="https://developer.wordpress.org/advanced-administration/debug/debug-wordpress/">Debugging in WordPress</a> for more information. (This message was added in version 5.0.0.) in C:\xampp\htdocs\malumere\wp-includes\functions.php on line 6260
[23-Sep-2026 14:01:49 UTC] PHP Notice:  Function WP_Block_Type_Registry::register was called <strong>incorrectly</strong>. Block type "core/table" is already registered. Please see <a href="https://developer.wordpress.org/advanced-administration/debug/debug-wordpress/">Debugging in WordPress</a> for more information. (This message was added in version 5.0.0.) in C:\xampp\htdocs\malumere\wp-includes\functions.php on line 6260
[23-Sep-2026 14:01:49 UTC] PHP Notice:  Function WP_Block_Type_Registry::register was called <strong>incorrectly</strong>. Block type "core/terms-query" is already registered. Please see <a href="https://developer.wordpress.org/advanced-administration/debug/debug-wordpress/">Debugging in WordPress</a> for more information. (This message was added in version 5.0.0.) in C:\xampp\htdocs\malumere\wp-includes\functions.php on line 6260
[23-Sep-2026 14:01:49 UTC] PHP Notice:  Function WP_Block_Type_Registry::register was called <strong>incorrectly</strong>. Block type "core/text-columns" is already registered. Please see <a href="https://developer.wordpress.org/advanced-administration/debug/debug-wordpress/">Debugging in WordPress</a> for more information. (This message was added in version 5.0.0.) in C:\xampp\htdocs\malumere\wp-includes\functions.php on line 6260
[23-Sep-2026 14:01:49 UTC] PHP Notice:  Function WP_Block_Type_Registry::register was called <strong>incorrectly</strong>. Block type "core/verse" is already registered. Please see <a href="https://developer.wordpress.org/advanced-administration/debug/debug-wordpress/">Debugging in WordPress</a> for more information. (This message was added in version 5.0.0.) in C:\xampp\htdocs\malumere\wp-includes\functions.php on line 6260
[23-Sep-2026 14:01:51 UTC] PHP Warning:  Cannot modify header information - headers already sent by (output started at C:\Users\Jay\AppData\Local\Temp\opencode\smoke10_photos.php:16) in C:\xampp\htdocs\malumere\wp-content\plugins\ma-lumiere-clinic-manager\includes\class-photo-repository.php on line 270
[23-Sep-2026 14:01:51 UTC] PHP Warning:  Cannot modify header information - headers already sent by (output started at C:\Users\Jay\AppData\Local\Temp\opencode\smoke10_photos.php:16) in C:\xampp\htdocs\malumere\wp-content\plugins\ma-lumiere-clinic-manager\includes\class-photo-repository.php on line 271
[23-Sep-2026 14:01:51 UTC] PHP Warning:  Cannot modify header information - headers already sent by (output started at C:\Users\Jay\AppData\Local\Temp\opencode\smoke10_photos.php:16) in C:\xampp\htdocs\malumere\wp-content\plugins\ma-lumiere-clinic-manager\includes\class-photo-repository.php on line 272
[23-Sep-2026 14:01:51 UTC] PHP Warning:  Cannot modify header information - headers already sent by (output started at C:\Users\Jay\AppData\Local\Temp\opencode\smoke10_photos.php:16) in C:\xampp\htdocs\malumere\wp-content\plugins\ma-lumiere-clinic-manager\includes\class-photo-repository.php on line 273
[23-Sep-2026 14:01:51 UTC] PHP Warning:  Cannot modify header information - headers already sent by (output started at C:\Users\Jay\AppData\Local\Temp\opencode\smoke10_photos.php:16) in C:\xampp\htdocs\malumere\wp-content\plugins\ma-lumiere-clinic-manager\includes\class-photo-repository.php on line 274
[23-Sep-2026 14:01:57 UTC] PHP Warning:  Undefined variable $ml_state in C:\xampp\htdocs\malumere\wp-content\plugins\ma-lumiere-clinic-manager\admin\views\billing.php on line 391
[23-Sep-2026 14:01:57 UTC] PHP Warning:  Trying to access array offset on value of type null in C:\xampp\htdocs\malumere\wp-content\plugins\ma-lumiere-clinic-manager\admin\views\billing.php on line 391
[23-Sep-2026 14:01:57 UTC] PHP Warning:  Trying to access array offset on value of type null in C:\xampp\htdocs\malumere\wp-content\plugins\ma-lumiere-clinic-manager\admin\views\billing.php on line 399
[23-Sep-2026 14:01:57 UTC] PHP Warning:  Trying to access array offset on value of type null in C:\xampp\htdocs\malumere\wp-content\plugins\ma-lumiere-clinic-manager\admin\views\billing.php on line 399
[23-Sep-2026 14:01:57 UTC] PHP Warning:  Undefined variable $ml_state in C:\xampp\htdocs\malumere\wp-content\plugins\ma-lumiere-clinic-manager\admin\views\billing.php on line 391
[23-Sep-2026 14:01:57 UTC] PHP Warning:  Trying to access array offset on value of type null in C:\xampp\htdocs\malumere\wp-content\plugins\ma-lumiere-clinic-manager\admin\views\billing.php on line 391
[23-Sep-2026 14:01:57 UTC] PHP Warning:  Trying to access array offset on value of type null in C:\xampp\htdocs\malumere\wp-content\plugins\ma-lumiere-clinic-manager\admin\views\billing.php on line 399
[23-Sep-2026 14:01:57 UTC] PHP Warning:  Trying to access array offset on value of type null in C:\xampp\htdocs\malumere\wp-content\plugins\ma-lumiere-clinic-manager\admin\views\billing.php on line 399
[23-Sep-2026 14:01:57 UTC] PHP Warning:  Undefined variable $ml_state in C:\xampp\htdocs\malumere\wp-content\plugins\ma-lumiere-clinic-manager\admin\views\billing.php on line 391
[23-Sep-2026 14:01:57 UTC] PHP Warning:  Trying to access array offset on value of type null in C:\xampp\htdocs\malumere\wp-content\plugins\ma-lumiere-clinic-manager\admin\views\billing.php on line 391
[23-Sep-2026 14:01:57 UTC] PHP Warning:  Trying to access array offset on value of type null in C:\xampp\htdocs\malumere\wp-content\plugins\ma-lumiere-clinic-manager\admin\views\billing.php on line 399
[23-Sep-2026 14:01:57 UTC] PHP Warning:  Trying to access array offset on value of type null in C:\xampp\htdocs\malumere\wp-content\plugins\ma-lumiere-clinic-manager\admin\views\billing.php on line 399
[23-Sep-2026 14:01:57 UTC] PHP Warning:  Undefined variable $ml_state in C:\xampp\htdocs\malumere\wp-content\plugins\ma-lumiere-clinic-manager\admin\views\billing.php on line 391
[23-Sep-2026 14:01:57 UTC] PHP Warning:  Trying to access array offset on value of type null in C:\xampp\htdocs\malumere\wp-content\plugins\ma-lumiere-clinic-manager\admin\views\billing.php on line 391
[23-Sep-2026 14:01:57 UTC] PHP Warning:  Trying to access array offset on value of type null in C:\xampp\htdocs\malumere\wp-content\plugins\ma-lumiere-clinic-manager\admin\views\billing.php on line 399
[23-Sep-2026 14:01:57 UTC] PHP Warning:  Trying to access array offset on value of type null in C:\xampp\htdocs\malumere\wp-content\plugins\ma-lumiere-clinic-manager\admin\views\billing.php on line 399
[23-Sep-2026 14:01:58 UTC] PHP Notice:  Function wpdb::prepare was called <strong>incorrectly</strong>. Unsupported value type (array). Please see <a href="https://developer.wordpress.org/advanced-administration/debug/debug-wordpress/">Debugging in WordPress</a> for more information. (This message was added in version 4.8.2.) in C:\xampp\htdocs\malumere\wp-includes\functions.php on line 6260
[23-Sep-2026 14:04:48 UTC] PHP Notice:  Function WP_Icon_Collections_Registry::register was called <strong>incorrectly</strong>. Icon collection is already registered. Please see <a href="https://developer.wordpress.org/advanced-administration/debug/debug-wordpress/">Debugging in WordPress</a> for more information. (This message was added in version 7.1.0.) in C:\xampp\htdocs\malumere\wp-includes\functions.php on line 6260
[23-Sep-2026 14:04:48 UTC] PHP Notice:  Function WP_Font_Library::register_font_collection was called <strong>incorrectly</strong>. Font collection with slug: "google-fonts" is already registered. Please see <a href="https://developer.wordpress.org/advanced-administration/debug/debug-wordpress/">Debugging in WordPress</a> for more information. (This message was added in version 6.5.0.) in C:\xampp\htdocs\malumere\wp-includes\functions.php on line 6260
[23-Sep-2026 14:04:48 UTC] PHP Notice:  Function WP_Icons_Registry::register was called <strong>incorrectly</strong>. Icon is already registered. Please see <a href="https://developer.wordpress.org/advanced-administration/debug/debug-wordpress/">Debugging in WordPress</a> for more information. (This message was added in version 7.1.0.) in C:\xampp\htdocs\malumere\wp-includes\functions.php on line 6260
[23-Sep-2026 14:04:48 UTC] PHP Notice:  Function WP_Icons_Registry::register was called <strong>incorrectly</strong>. Icon is already registered. Please see <a href="https://developer.wordpress.org/advanced-administration/debug/debug-wordpress/">Debugging in WordPress</a> for more information. (This message was added in version 7.1.0.) in C:\xampp\htdocs\malumere\wp-includes\functions.php on line 6260
[23-Sep-2026 14:04:48 UTC] PHP Notice:  Function WP_Icons_Registry::register was called <strong>incorrectly</strong>. Icon is already registered. Please see <a href="https://developer.wordpress.org/advanced-administration/debug/debug-wordpress/">Debugging in WordPress</a> for more information. (This message was added in version 7.1.0.) in C:\xampp\htdocs\malumere\wp-includes\functions.php on line 6260
[23-Sep-2026 14:04:48 UTC] PHP Notice:  Function WP_Icons_Registry::register was called <strong>incorrectly</strong>. Icon is already registered. Please see <a href="https://developer.wordpress.org/advanced-administration/debug/debug-wordpress/">Debugging in WordPress</a> for more information. (This message was added in version 7.1.0.) in C:\xampp\htdocs\malumere\wp-includes\functions.php on line 6260
[23-Sep-2026 14:04:48 UTC] PHP Notice:  Function WP_Icons_Registry::register was called <strong>incorrectly</strong>. Icon is already registered. Please see <a href="https://developer.wordpress.org/advanced-administration/debug/debug-wordpress/">Debugging in WordPress</a> for more information. (This message was added in version 7.1.0.) in C:\xampp\htdocs\malumere\wp-includes\functions.php on line 6260
[23-Sep-2026 14:04:48 UTC] PHP Notice:  Function WP_Icons_Registry::register was called <strong>incorrectly</strong>. Icon is already registered. Please see <a href="https://developer.wordpress.org/advanced-administration/debug/debug-wordpress/">Debugging in WordPress</a> for more information. (This message was added in version 7.1.0.) in C:\xampp\htdocs\malumere\wp-includes\functions.php on line 6260
[23-Sep-2026 14:04:48 UTC] PHP Notice:  Function WP_Icons_Registry::register was called <strong>incorrectly</strong>. Icon is already registered. Please see <a href="https://developer.wordpress.org/advanced-administration/debug/debug-wordpress/">Debugging in WordPress</a> for more information. (This message was added in version 7.1.0.) in C:\xampp\htdocs\malumere\wp-includes\functions.php on line 6260
[23-Sep-2026 14:04:48 UTC] PHP Notice:  Function WP_Icons_Registry::register was called <strong>incorrectly</strong>. Icon is already registered. Please see <a href="https://developer.wordpress.org/advanced-administration/debug/debug-wordpress/">Debugging in WordPress</a> for more information. (This message was added in version 7.1.0.) in C:\xampp\htdocs\malumere\wp-includes\functions.php on line 6260
[23-Sep-2026 14:04:48 UTC] PHP Notice:  Function WP_Icons_Registry::register was called <strong>incorrectly</strong>. Icon is already registered. Please see <a href="https://developer.wordpress.org/advanced-administration/debug/debug-wordpress/">Debugging in WordPress</a> for more information. (This message was added in version 7.1.0.) in C:\xampp\htdocs\malumere\wp-includes\functions.php on line 6260
[23-Sep-2026 14:04:48 UTC] PHP Notice:  Function WP_Icons_Registry::register was called <strong>incorrectly</strong>. Icon is already registered. Please see <a href="https://developer.wordpress.org/advanced-administration/debug/debug-wordpress/">Debugging in WordPress</a> for more information. (This message was added in version 7.1.0.) in C:\xampp\htdocs\malumere\wp-includes\functions.php on line 6260
[23-Sep-2026 14:04:48 UTC] PHP Notice:  Function WP_Icons_Registry::register was called <strong>incorrectly</strong>. Icon is already registered. Please see <a href="https://developer.wordpress.org/advanced-administration/debug/debug-wordpress/">Debugging in WordPress</a> for more information. (This message was added in version 7.1.0.) in C:\xampp\htdocs\malumere\wp-includes\functions.php on line 6260
[23-Sep-2026 14:04:48 UTC] PHP Notice:  Function WP_Icons_Registry::register was called <strong>incorrectly</strong>. Icon is already registered. Please see <a href="https://developer.wordpress.org/advanced-administration/debug/debug-wordpress/">Debugging in WordPress</a> for more information. (This message was added in version 7.1.0.) in C:\xampp\htdocs\malumere\wp-includes\functions.php on line 6260
[23-Sep-2026 14:04:48 UTC] PHP Notice:  Function WP_Icons_Registry::register was called <strong>incorrectly</strong>. Icon is already registered. Please see <a href="https://developer.wordpress.org/advanced-administration/debug/debug-wordpress/">Debugging in WordPress</a> for more information. (This message was added in version 7.1.0.) in C:\xampp\htdocs\malumere\wp-includes\functions.php on line 6260
[23-Sep-2026 14:04:48 UTC] PHP Notice:  Function WP_Icons_Registry::register was called <strong>incorrectly</strong>. Icon is already registered. Please see <a href="https://developer.wordpress.org/advanced-administration/debug/debug-wordpress/">Debugging in WordPress</a> for more information. (This message was added in version 7.1.0.) in C:\xampp\htdocs\malumere\wp-includes\functions.php on line 6260
[23-Sep-2026 14:04:48 UTC] PHP Notice:  Function WP_Icons_Registry::register was called <strong>incorrectly</strong>. Icon is already registered. Please see <a href="https://developer.wordpress.org/advanced-administration/debug/debug-wordpress/">Debugging in WordPress</a> for more information. (This message was added in version 7.1.0.) in C:\xampp\htdocs\malumere\wp-includes\functions.php on line 6260
[23-Sep-2026 14:04:48 UTC] PHP Notice:  Function WP_Icons_Registry::register was called <strong>incorrectly</strong>. Icon is already registered. Please see <a href="https://developer.wordpress.org/advanced-administration/debug/debug-wordpress/">Debugging in WordPress</a> for more information. (This message was added in version 7.1.0.) in C:\xampp\htdocs\malumere\wp-includes\functions.php on line 6260
[23-Sep-2026 14:04:48 UTC] PHP Notice:  Function WP_Icons_Registry::register was called <strong>incorrectly</strong>. Icon is already registered. Please see <a href="https://developer.wordpress.org/advanced-administration/debug/debug-wordpress/">Debugging in WordPress</a> for more information. (This message was added in version 7.1.0.) in C:\xampp\htdocs\malumere\wp-includes\functions.php on line 6260
[23-Sep-2026 14:04:48 UTC] PHP Notice:  Function WP_Icons_Registry::register was called <strong>incorrectly</strong>. Icon is already registered. Please see <a href="https://developer.wordpress.org/advanced-administration/debug/debug-wordpress/">Debugging in WordPress</a> for more information. (This message was added in version 7.1.0.) in C:\xampp\htdocs\malumere\wp-includes\functions.php on line 6260
[23-Sep-2026 14:04:48 UTC] PHP Notice:  Function WP_Icons_Registry::register was called <strong>incorrectly</strong>. Icon is already registered. Please see <a href="https://developer.wordpress.org/advanced-administration/debug/debug-wordpress/">Debugging in WordPress</a> for more information. (This message was added in version 7.1.0.) in C:\xampp\htdocs\malumere\wp-includes\functions.php on line 6260
[23-Sep-2026 14:04:48 UTC] PHP Notice:  Function WP_Icons_Registry::register was called <strong>incorrectly</strong>. Icon is already registered. Please see <a href="https://developer.wordpress.org/advanced-administration/debug/debug-wordpress/">Debugging in WordPress</a> for more information. (This message was added in version 7.1.0.) in C:\xampp\htdocs\malumere\wp-includes\functions.php on line 6260
[23-Sep-2026 14:04:48 UTC] PHP Notice:  Function WP_Icons_Registry::register was called <strong>incorrectly</strong>. Icon is already registered. Please see <a href="https://developer.wordpress.org/advanced-administration/debug/debug-wordpress/">Debugging in WordPress</a> for more information. (This message was added in version 7.1.0.) in C:\xampp\htdocs\malumere\wp-includes\functions.php on line 6260
[23-Sep-2026 14:04:48 UTC] PHP Notice:  Function WP_Icons_Registry::register was called <strong>incorrectly</strong>. Icon is already registered. Please see <a href="https://developer.wordpress.org/advanced-administration/debug/debug-wordpress/">Debugging in WordPress</a> for more information. (This message was added in version 7.1.0.) in C:\xampp\htdocs\malumere\wp-includes\functions.php on line 6260
[23-Sep-2026 14:04:48 UTC] PHP Notice:  Function WP_Icons_Registry::register was called <strong>incorrectly</strong>. Icon is already registered. Please see <a href="https://developer.wordpress.org/advanced-administration/debug/debug-wordpress/">Debugging in WordPress</a> for more information. (This message was added in version 7.1.0.) in C:\xampp\htdocs\malumere\wp-includes\functions.php on line 6260
[23-Sep-2026 14:04:48 UTC] PHP Notice:  Function WP_Icons_Registry::register was called <strong>incorrectly</strong>. Icon is already registered. Please see <a href="https://developer.wordpress.org/advanced-administration/debug/debug-wordpress/">Debugging in WordPress</a> for more information. (This message was added in version 7.1.0.) in C:\xampp\htdocs\malumere\wp-includes\functions.php on line 6260
[23-Sep-2026 14:04:48 UTC] PHP Notice:  Function WP_Icons_Registry::register was called <strong>incorrectly</strong>. Icon is already registered. Please see <a href="https://developer.wordpress.org/advanced-administration/debug/debug-wordpress/">Debugging in WordPress</a> for more information. (This message was added in version 7.1.0.) in C:\xampp\htdocs\malumere\wp-includes\functions.php on line 6260
[23-Sep-2026 14:04:48 UTC] PHP Notice:  Function WP_Icons_Registry::register was called <strong>incorrectly</strong>. Icon is already registered. Please see <a href="https://developer.wordpress.org/advanced-administration/debug/debug-wordpress/">Debugging in WordPress</a> for more information. (This message was added in version 7.1.0.) in C:\xampp\htdocs\malumere\wp-includes\functions.php on line 6260
[23-Sep-2026 14:04:48 UTC] PHP Notice:  Function WP_Icons_Registry::register was called <strong>incorrectly</strong>. Icon is already registered. Please see <a href="https://developer.wordpress.org/advanced-administration/debug/debug-wordpress/">Debugging in WordPress</a> for more information. (This message was added in version 7.1.0.) in C:\xampp\htdocs\malumere\wp-includes\functions.php on line 6260
[23-Sep-2026 14:04:48 UTC] PHP Notice:  Function WP_Icons_Registry::register was called <strong>incorrectly</strong>. Icon is already registered. Please see <a href="https://developer.wordpress.org/advanced-administration/debug/debug-wordpress/">Debugging in WordPress</a> for more information. (This message was added in version 7.1.0.) in C:\xampp\htdocs\malumere\wp-includes\functions.php on line 6260
[23-Sep-2026 14:04:48 UTC] PHP Notice:  Function WP_Icons_Registry::register was called <strong>incorrectly</strong>. Icon is already registered. Please see <a href="https://developer.wordpress.org/advanced-administration/debug/debug-wordpress/">Debugging in WordPress</a> for more information. (This message was added in version 7.1.0.) in C:\xampp\htdocs\malumere\wp-includes\functions.php on line 6260
[23-Sep-2026 14:04:48 UTC] PHP Notice:  Function WP_Icons_Registry::register was called <strong>incorrectly</strong>. Icon is already registered. Please see <a href="https://developer.wordpress.org/advanced-administration/debug/debug-wordpress/">Debugging in WordPress</a> for more information. (This message was added in version 7.1.0.) in C:\xampp\htdocs\malumere\wp-includes\functions.php on line 6260
[23-Sep-2026 14:04:48 UTC] PHP Notice:  Function WP_Icons_Registry::register was called <strong>incorrectly</strong>. Icon is already registered. Please see <a href="https://developer.wordpress.org/advanced-administration/debug/debug-wordpress/">Debugging in WordPress</a> for more information. (This message was added in version 7.1.0.) in C:\xampp\htdocs\malumere\wp-includes\functions.php on line 6260
[23-Sep-2026 14:04:48 UTC] PHP Notice:  Function WP_Icons_Registry::register was called <strong>incorrectly</strong>. Icon is already registered. Please see <a href="https://developer.wordpress.org/advanced-administration/debug/debug-wordpress/">Debugging in WordPress</a> for more information. (This message was added in version 7.1.0.) in C:\xampp\htdocs\malumere\wp-includes\functions.php on line 6260
[23-Sep-2026 14:04:48 UTC] PHP Notice:  Function WP_Icons_Registry::register was called <strong>incorrectly</strong>. Icon is already registered. Please see <a href="https://developer.wordpress.org/advanced-administration/debug/debug-wordpress/">Debugging in WordPress</a> for more information. (This message was added in version 7.1.0.) in C:\xampp\htdocs\malumere\wp-includes\functions.php on line 6260
[23-Sep-2026 14:04:48 UTC] PHP Notice:  Function WP_Icons_Registry::register was called <strong>incorrectly</strong>. Icon is already registered. Please see <a href="https://developer.wordpress.org/advanced-administration/debug/debug-wordpress/">Debugging in WordPress</a> for more information. (This message was added in version 7.1.0.) in C:\xampp\htdocs\malumere\wp-includes\functions.php on line 6260
[23-Sep-2026 14:04:48 UTC] PHP Notice:  Function WP_Icons_Registry::register was called <strong>incorrectly</strong>. Icon is already registered. Please see <a href="https://developer.wordpress.org/advanced-administration/debug/debug-wordpress/">Debugging in WordPress</a> for more information. (This message was added in version 7.1.0.) in C:\xampp\htdocs\malumere\wp-includes\functions.php on line 6260
[23-Sep-2026 14:04:48 UTC] PHP Notice:  Function WP_Icons_Registry::register was called <strong>incorrectly</strong>. Icon is already registered. Please see <a href="https://developer.wordpress.org/advanced-administration/debug/debug-wordpress/">Debugging in WordPress</a> for more information. (This message was added in version 7.1.0.) in C:\xampp\htdocs\malumere\wp-includes\functions.php on line 6260
[23-Sep-2026 14:04:48 UTC] PHP Notice:  Function WP_Icons_Registry::register was called <strong>incorrectly</strong>. Icon is already registered. Please see <a href="https://developer.wordpress.org/advanced-administration/debug/debug-wordpress/">Debugging in WordPress</a> for more information. (This message was added in version 7.1.0.) in C:\xampp\htdocs\malumere\wp-includes\functions.php on line 6260
[23-Sep-2026 14:04:48 UTC] PHP Notice:  Function WP_Icons_Registry::register was called <strong>incorrectly</strong>. Icon is already registered. Please see <a href="https://developer.wordpress.org/advanced-administration/debug/debug-wordpress/">Debugging in WordPress</a> for more information. (This message was added in version 7.1.0.) in C:\xampp\htdocs\malumere\wp-includes\functions.php on line 6260
[23-Sep-2026 14:04:48 UTC] PHP Notice:  Function WP_Icons_Registry::register was called <strong>incorrectly</strong>. Icon is already registered. Please see <a href="https://developer.wordpress.org/advanced-administration/debug/debug-wordpress/">Debugging in WordPress</a> for more information. (This message was added in version 7.1.0.) in C:\xampp\htdocs\malumere\wp-includes\functions.php on line 6260
[23-Sep-2026 14:04:48 UTC] PHP Notice:  Function WP_Icons_Registry::register was called <strong>incorrectly</strong>. Icon is already registered. Please see <a href="https://developer.wordpress.org/advanced-administration/debug/debug-wordpress/">Debugging in WordPress</a> for more information. (This message was added in version 7.1.0.) in C:\xampp\htdocs\malumere\wp-includes\functions.php on line 6260
[23-Sep-2026 14:04:48 UTC] PHP Notice:  Function WP_Icons_Registry::register was called <strong>incorrectly</strong>. Icon is already registered. Please see <a href="https://developer.wordpress.org/advanced-administration/debug/debug-wordpress/">Debugging in WordPress</a> for more information. (This message was added in version 7.1.0.) in C:\xampp\htdocs\malumere\wp-includes\functions.php on line 6260
[23-Sep-2026 14:04:48 UTC] PHP Notice:  Function WP_Icons_Registry::register was called <strong>incorrectly</strong>. Icon is already registered. Please see <a href="https://developer.wordpress.org/advanced-administration/debug/debug-wordpress/">Debugging in WordPress</a> for more information. (This message was added in version 7.1.0.) in C:\xampp\htdocs\malumere\wp-includes\functions.php on line 6260
[23-Sep-2026 14:04:48 UTC] PHP Notice:  Function WP_Icons_Registry::register was called <strong>incorrectly</strong>. Icon is already registered. Please see <a href="https://developer.wordpress.org/advanced-administration/debug/debug-wordpress/">Debugging in WordPress</a> for more information. (This message was added in version 7.1.0.) in C:\xampp\htdocs\malumere\wp-includes\functions.php on line 6260
[23-Sep-2026 14:04:48 UTC] PHP Notice:  Function WP_Icons_Registry::register was called <strong>incorrectly</strong>. Icon is already registered. Please see <a href="https://developer.wordpress.org/advanced-administration/debug/debug-wordpress/">Debugging in WordPress</a> for more information. (This message was added in version 7.1.0.) in C:\xampp\htdocs\malumere\wp-includes\functions.php on line 6260
[23-Sep-2026 14:04:48 UTC] PHP Notice:  Function WP_Icons_Registry::register was called <strong>incorrectly</strong>. Icon is already registered. Please see <a href="https://developer.wordpress.org/advanced-administration/debug/debug-wordpress/">Debugging in WordPress</a> for more information. (This message was added in version 7.1.0.) in C:\xampp\htdocs\malumere\wp-includes\functions.php on line 6260
[23-Sep-2026 14:04:48 UTC] PHP Notice:  Function WP_Icons_Registry::register was called <strong>incorrectly</strong>. Icon is already registered. Please see <a href="https://developer.wordpress.org/advanced-administration/debug/debug-wordpress/">Debugging in WordPress</a> for more information. (This message was added in version 7.1.0.) in C:\xampp\htdocs\malumere\wp-includes\functions.php on line 6260
[23-Sep-2026 14:04:48 UTC] PHP Notice:  Function WP_Icons_Registry::register was called <strong>incorrectly</strong>. Icon is already registered. Please see <a href="https://developer.wordpress.org/advanced-administration/debug/debug-wordpress/">Debugging in WordPress</a> for more information. (This message was added in version 7.1.0.) in C:\xampp\htdocs\malumere\wp-includes\functions.php on line 6260
[23-Sep-2026 14:04:48 UTC] PHP Notice:  Function WP_Icons_Registry::register was called <strong>incorrectly</strong>. Icon is already registered. Please see <a href="https://developer.wordpress.org/advanced-administration/debug/debug-wordpress/">Debugging in WordPress</a> for more information. (This message was added in version 7.1.0.) in C:\xampp\htdocs\malumere\wp-includes\functions.php on line 6260
[23-Sep-2026 14:04:48 UTC] PHP Notice:  Function WP_Icons_Registry::register was called <strong>incorrectly</strong>. Icon is already registered. Please see <a href="https://developer.wordpress.org/advanced-administration/debug/debug-wordpress/">Debugging in WordPress</a> for more information. (This message was added in version 7.1.0.) in C:\xampp\htdocs\malumere\wp-includes\functions.php on line 6260
[23-Sep-2026 14:04:48 UTC] PHP Notice:  Function WP_Icons_Registry::register was called <strong>incorrectly</strong>. Icon is already registered. Please see <a href="https://developer.wordpress.org/advanced-administration/debug/debug-wordpress/">Debugging in WordPress</a> for more information. (This message was added in version 7.1.0.) in C:\xampp\htdocs\malumere\wp-includes\functions.php on line 6260
[23-Sep-2026 14:04:48 UTC] PHP Notice:  Function WP_Icons_Registry::register was called <strong>incorrectly</strong>. Icon is already registered. Please see <a href="https://developer.wordpress.org/advanced-administration/debug/debug-wordpress/">Debugging in WordPress</a> for more information. (This message was added in version 7.1.0.) in C:\xampp\htdocs\malumere\wp-includes\functions.php on line 6260
[23-Sep-2026 14:04:48 UTC] PHP Notice:  Function WP_Icons_Registry::register was called <strong>incorrectly</strong>. Icon is already registered. Please see <a href="https://developer.wordpress.org/advanced-administration/debug/debug-wordpress/">Debugging in WordPress</a> for more information. (This message was added in version 7.1.0.) in C:\xampp\htdocs\malumere\wp-includes\functions.php on line 6260
[23-Sep-2026 14:04:48 UTC] PHP Notice:  Function WP_Icons_Registry::register was called <strong>incorrectly</strong>. Icon is already registered. Please see <a href="https://developer.wordpress.org/advanced-administration/debug/debug-wordpress/">Debugging in WordPress</a> for more information. (This message was added in version 7.1.0.) in C:\xampp\htdocs\malumere\wp-includes\functions.php on line 6260
[23-Sep-2026 14:04:48 UTC] PHP Notice:  Function WP_Icons_Registry::register was called <strong>incorrectly</strong>. Icon is already registered. Please see <a href="https://developer.wordpress.org/advanced-administration/debug/debug-wordpress/">Debugging in WordPress</a> for more information. (This message was added in version 7.1.0.) in C:\xampp\htdocs\malumere\wp-includes\functions.php on line 6260
[23-Sep-2026 14:04:48 UTC] PHP Notice:  Function WP_Icons_Registry::register was called <strong>incorrectly</strong>. Icon is already registered. Please see <a href="https://developer.wordpress.org/advanced-administration/debug/debug-wordpress/">Debugging in WordPress</a> for more information. (This message was added in version 7.1.0.) in C:\xampp\htdocs\malumere\wp-includes\functions.php on line 6260
[23-Sep-2026 14:04:48 UTC] PHP Notice:  Function WP_Icons_Registry::register was called <strong>incorrectly</strong>. Icon is already registered. Please see <a href="https://developer.wordpress.org/advanced-administration/debug/debug-wordpress/">Debugging in WordPress</a> for more information. (This message was added in version 7.1.0.) in C:\xampp\htdocs\malumere\wp-includes\functions.php on line 6260
[23-Sep-2026 14:04:48 UTC] PHP Notice:  Function WP_Icons_Registry::register was called <strong>incorrectly</strong>. Icon is already registered. Please see <a href="https://developer.wordpress.org/advanced-administration/debug/debug-wordpress/">Debugging in WordPress</a> for more information. (This message was added in version 7.1.0.) in C:\xampp\htdocs\malumere\wp-includes\functions.php on line 6260
[23-Sep-2026 14:04:48 UTC] PHP Notice:  Function WP_Icons_Registry::register was called <strong>incorrectly</strong>. Icon is already registered. Please see <a href="https://developer.wordpress.org/advanced-administration/debug/debug-wordpress/">Debugging in WordPress</a> for more information. (This message was added in version 7.1.0.) in C:\xampp\htdocs\malumere\wp-includes\functions.php on line 6260
[23-Sep-2026 14:04:48 UTC] PHP Notice:  Function WP_Icons_Registry::register was called <strong>incorrectly</strong>. Icon is already registered. Please see <a href="https://developer.wordpress.org/advanced-administration/debug/debug-wordpress/">Debugging in WordPress</a> for more information. (This message was added in version 7.1.0.) in C:\xampp\htdocs\malumere\wp-includes\functions.php on line 6260
[23-Sep-2026 14:04:48 UTC] PHP Notice:  Function WP_Icons_Registry::register was called <strong>incorrectly</strong>. Icon is already registered. Please see <a href="https://developer.wordpress.org/advanced-administration/debug/debug-wordpress/">Debugging in WordPress</a> for more information. (This message was added in version 7.1.0.) in C:\xampp\htdocs\malumere\wp-includes\functions.php on line 6260
[23-Sep-2026 14:04:48 UTC] PHP Notice:  Function WP_Icons_Registry::register was called <strong>incorrectly</strong>. Icon is already registered. Please see <a href="https://developer.wordpress.org/advanced-administration/debug/debug-wordpress/">Debugging in WordPress</a> for more information. (This message was added in version 7.1.0.) in C:\xampp\htdocs\malumere\wp-includes\functions.php on line 6260
[23-Sep-2026 14:04:48 UTC] PHP Notice:  Function WP_Icons_Registry::register was called <strong>incorrectly</strong>. Icon is already registered. Please see <a href="https://developer.wordpress.org/advanced-administration/debug/debug-wordpress/">Debugging in WordPress</a> for more information. (This message was added in version 7.1.0.) in C:\xampp\htdocs\malumere\wp-includes\functions.php on line 6260
[23-Sep-2026 14:04:48 UTC] PHP Notice:  Function WP_Icons_Registry::register was called <strong>incorrectly</strong>. Icon is already registered. Please see <a href="https://developer.wordpress.org/advanced-administration/debug/debug-wordpress/">Debugging in WordPress</a> for more information. (This message was added in version 7.1.0.) in C:\xampp\htdocs\malumere\wp-includes\functions.php on line 6260
[23-Sep-2026 14:04:48 UTC] PHP Notice:  Function WP_Icons_Registry::register was called <strong>incorrectly</strong>. Icon is already registered. Please see <a href="https://developer.wordpress.org/advanced-administration/debug/debug-wordpress/">Debugging in WordPress</a> for more information. (This message was added in version 7.1.0.) in C:\xampp\htdocs\malumere\wp-includes\functions.php on line 6260
[23-Sep-2026 14:04:48 UTC] PHP Notice:  Function WP_Icons_Registry::register was called <strong>incorrectly</strong>. Icon is already registered. Please see <a href="https://developer.wordpress.org/advanced-administration/debug/debug-wordpress/">Debugging in WordPress</a> for more information. (This message was added in version 7.1.0.) in C:\xampp\htdocs\malumere\wp-includes\functions.php on line 6260
[23-Sep-2026 14:04:48 UTC] PHP Notice:  Function WP_Icons_Registry::register was called <strong>incorrectly</strong>. Icon is already registered. Please see <a href="https://developer.wordpress.org/advanced-administration/debug/debug-wordpress/">Debugging in WordPress</a> for more information. (This message was added in version 7.1.0.) in C:\xampp\htdocs\malumere\wp-includes\functions.php on line 6260
[23-Sep-2026 14:04:48 UTC] PHP Notice:  Function WP_Icons_Registry::register was called <strong>incorrectly</strong>. Icon is already registered. Please see <a href="https://developer.wordpress.org/advanced-administration/debug/debug-wordpress/">Debugging in WordPress</a> for more information. (This message was added in version 7.1.0.) in C:\xampp\htdocs\malumere\wp-includes\functions.php on line 6260
[23-Sep-2026 14:04:48 UTC] PHP Notice:  Function WP_Icons_Registry::register was called <strong>incorrectly</strong>. Icon is already registered. Please see <a href="https://developer.wordpress.org/advanced-administration/debug/debug-wordpress/">Debugging in WordPress</a> for more information. (This message was added in version 7.1.0.) in C:\xampp\htdocs\malumere\wp-includes\functions.php on line 6260
[23-Sep-2026 14:04:48 UTC] PHP Notice:  Function WP_Icons_Registry::register was called <strong>incorrectly</strong>. Icon is already registered. Please see <a href="https://developer.wordpress.org/advanced-administration/debug/debug-wordpress/">Debugging in WordPress</a> for more information. (This message was added in version 7.1.0.) in C:\xampp\htdocs\malumere\wp-includes\functions.php on line 6260
[23-Sep-2026 14:04:48 UTC] PHP Notice:  Function WP_Icons_Registry::register was called <strong>incorrectly</strong>. Icon is already registered. Please see <a href="https://developer.wordpress.org/advanced-administration/debug/debug-wordpress/">Debugging in WordPress</a> for more information. (This message was added in version 7.1.0.) in C:\xampp\htdocs\malumere\wp-includes\functions.php on line 6260
[23-Sep-2026 14:04:48 UTC] PHP Notice:  Function WP_Icons_Registry::register was called <strong>incorrectly</strong>. Icon is already registered. Please see <a href="https://developer.wordpress.org/advanced-administration/debug/debug-wordpress/">Debugging in WordPress</a> for more information. (This message was added in version 7.1.0.) in C:\xampp\htdocs\malumere\wp-includes\functions.php on line 6260
[23-Sep-2026 14:04:48 UTC] PHP Notice:  Function WP_Icons_Registry::register was called <strong>incorrectly</strong>. Icon is already registered. Please see <a href="https://developer.wordpress.org/advanced-administration/debug/debug-wordpress/">Debugging in WordPress</a> for more information. (This message was added in version 7.1.0.) in C:\xampp\htdocs\malumere\wp-includes\functions.php on line 6260
[23-Sep-2026 14:04:48 UTC] PHP Notice:  Function WP_Icons_Registry::register was called <strong>incorrectly</strong>. Icon is already registered. Please see <a href="https://developer.wordpress.org/advanced-administration/debug/debug-wordpress/">Debugging in WordPress</a> for more information. (This message was added in version 7.1.0.) in C:\xampp\htdocs\malumere\wp-includes\functions.php on line 6260
[23-Sep-2026 14:04:48 UTC] PHP Notice:  Function WP_Icons_Registry::register was called <strong>incorrectly</strong>. Icon is already registered. Please see <a href="https://developer.wordpress.org/advanced-administration/debug/debug-wordpress/">Debugging in WordPress</a> for more information. (This message was added in version 7.1.0.) in C:\xampp\htdocs\malumere\wp-includes\functions.php on line 6260
[23-Sep-2026 14:04:48 UTC] PHP Notice:  Function WP_Icons_Registry::register was called <strong>incorrectly</strong>. Icon is already registered. Please see <a href="https://developer.wordpress.org/advanced-administration/debug/debug-wordpress/">Debugging in WordPress</a> for more information. (This message was added in version 7.1.0.) in C:\xampp\htdocs\malumere\wp-includes\functions.php on line 6260
[23-Sep-2026 14:04:48 UTC] PHP Notice:  Function WP_Icons_Registry::register was called <strong>incorrectly</strong>. Icon is already registered. Please see <a href="https://developer.wordpress.org/advanced-administration/debug/debug-wordpress/">Debugging in WordPress</a> for more information. (This message was added in version 7.1.0.) in C:\xampp\htdocs\malumere\wp-includes\functions.php on line 6260
[23-Sep-2026 14:04:48 UTC] PHP Notice:  Function WP_Icons_Registry::register was called <strong>incorrectly</strong>. Icon is already registered. Please see <a href="https://developer.wordpress.org/advanced-administration/debug/debug-wordpress/">Debugging in WordPress</a> for more information. (This message was added in version 7.1.0.) in C:\xampp\htdocs\malumere\wp-includes\functions.php on line 6260
[23-Sep-2026 14:04:48 UTC] PHP Notice:  Function WP_Icons_Registry::register was called <strong>incorrectly</strong>. Icon is already registered. Please see <a href="https://developer.wordpress.org/advanced-administration/debug/debug-wordpress/">Debugging in WordPress</a> for more information. (This message was added in version 7.1.0.) in C:\xampp\htdocs\malumere\wp-includes\functions.php on line 6260
[23-Sep-2026 14:04:48 UTC] PHP Notice:  Function WP_Icons_Registry::register was called <strong>incorrectly</strong>. Icon is already registered. Please see <a href="https://developer.wordpress.org/advanced-administration/debug/debug-wordpress/">Debugging in WordPress</a> for more information. (This message was added in version 7.1.0.) in C:\xampp\htdocs\malumere\wp-includes\functions.php on line 6260
[23-Sep-2026 14:04:48 UTC] PHP Notice:  Function WP_Icons_Registry::register was called <strong>incorrectly</strong>. Icon is already registered. Please see <a href="https://developer.wordpress.org/advanced-administration/debug/debug-wordpress/">Debugging in WordPress</a> for more information. (This message was added in version 7.1.0.) in C:\xampp\htdocs\malumere\wp-includes\functions.php on line 6260
[23-Sep-2026 14:04:48 UTC] PHP Notice:  Function WP_Icons_Registry::register was called <strong>incorrectly</strong>. Icon is already registered. Please see <a href="https://developer.wordpress.org/advanced-administration/debug/debug-wordpress/">Debugging in WordPress</a> for more information. (This message was added in version 7.1.0.) in C:\xampp\htdocs\malumere\wp-includes\functions.php on line 6260
[23-Sep-2026 14:04:48 UTC] PHP Notice:  Function WP_Icons_Registry::register was called <strong>incorrectly</strong>. Icon is already registered. Please see <a href="https://developer.wordpress.org/advanced-administration/debug/debug-wordpress/">Debugging in WordPress</a> for more information. (This message was added in version 7.1.0.) in C:\xampp\htdocs\malumere\wp-includes\functions.php on line 6260
[23-Sep-2026 14:04:48 UTC] PHP Notice:  Function WP_Icons_Registry::register was called <strong>incorrectly</strong>. Icon is already registered. Please see <a href="https://developer.wordpress.org/advanced-administration/debug/debug-wordpress/">Debugging in WordPress</a> for more information. (This message was added in version 7.1.0.) in C:\xampp\htdocs\malumere\wp-includes\functions.php on line 6260
[23-Sep-2026 14:04:48 UTC] PHP Notice:  Function WP_Icons_Registry::register was called <strong>incorrectly</strong>. Icon is already registered. Please see <a href="https://developer.wordpress.org/advanced-administration/debug/debug-wordpress/">Debugging in WordPress</a> for more information. (This message was added in version 7.1.0.) in C:\xampp\htdocs\malumere\wp-includes\functions.php on line 6260
[23-Sep-2026 14:04:48 UTC] PHP Notice:  Function WP_Icons_Registry::register was called <strong>incorrectly</strong>. Icon is already registered. Please see <a href="https://developer.wordpress.org/advanced-administration/debug/debug-wordpress/">Debugging in WordPress</a> for more information. (This message was added in version 7.1.0.) in C:\xampp\htdocs\malumere\wp-includes\functions.php on line 6260
[23-Sep-2026 14:04:48 UTC] PHP Notice:  Function WP_Icons_Registry::register was called <strong>incorrectly</strong>. Icon is already registered. Please see <a href="https://developer.wordpress.org/advanced-administration/debug/debug-wordpress/">Debugging in WordPress</a> for more information. (This message was added in version 7.1.0.) in C:\xampp\htdocs\malumere\wp-includes\functions.php on line 6260
[23-Sep-2026 14:04:48 UTC] PHP Notice:  Function WP_Icons_Registry::register was called <strong>incorrectly</strong>. Icon is already registered. Please see <a href="https://developer.wordpress.org/advanced-administration/debug/debug-wordpress/">Debugging in WordPress</a> for more information. (This message was added in version 7.1.0.) in C:\xampp\htdocs\malumere\wp-includes\functions.php on line 6260
[23-Sep-2026 14:04:48 UTC] PHP Notice:  Function WP_Icons_Registry::register was called <strong>incorrectly</strong>. Icon is already registered. Please see <a href="https://developer.wordpress.org/advanced-administration/debug/debug-wordpress/">Debugging in WordPress</a> for more information. (This message was added in version 7.1.0.) in C:\xampp\htdocs\malumere\wp-includes\functions.php on line 6260
[23-Sep-2026 14:04:48 UTC] PHP Notice:  Function WP_Block_Bindings_Registry::register was called <strong>incorrectly</strong>. Block bindings source "core/pattern-overrides" already registered. Please see <a href="https://developer.wordpress.org/advanced-administration/debug/debug-wordpress/">Debugging in WordPress</a> for more information. (This message was added in version 6.5.0.) in C:\xampp\htdocs\malumere\wp-includes\functions.php on line 6260
[23-Sep-2026 14:04:48 UTC] PHP Notice:  Function WP_Block_Bindings_Registry::register was called <strong>incorrectly</strong>. Block bindings source "core/post-data" already registered. Please see <a href="https://developer.wordpress.org/advanced-administration/debug/debug-wordpress/">Debugging in WordPress</a> for more information. (This message was added in version 6.5.0.) in C:\xampp\htdocs\malumere\wp-includes\functions.php on line 6260
[23-Sep-2026 14:04:48 UTC] PHP Notice:  Function WP_Block_Bindings_Registry::register was called <strong>incorrectly</strong>. Block bindings source "core/post-meta" already registered. Please see <a href="https://developer.wordpress.org/advanced-administration/debug/debug-wordpress/">Debugging in WordPress</a> for more information. (This message was added in version 6.5.0.) in C:\xampp\htdocs\malumere\wp-includes\functions.php on line 6260
[23-Sep-2026 14:04:48 UTC] PHP Notice:  Function WP_Block_Type_Registry::register was called <strong>incorrectly</strong>. Block type "core/legacy-widget" is already registered. Please see <a href="https://developer.wordpress.org/advanced-administration/debug/debug-wordpress/">Debugging in WordPress</a> for more information. (This message was added in version 5.0.0.) in C:\xampp\htdocs\malumere\wp-includes\functions.php on line 6260
[23-Sep-2026 14:04:48 UTC] PHP Notice:  Function WP_Block_Type_Registry::register was called <strong>incorrectly</strong>. Block type "core/widget-group" is already registered. Please see <a href="https://developer.wordpress.org/advanced-administration/debug/debug-wordpress/">Debugging in WordPress</a> for more information. (This message was added in version 5.0.0.) in C:\xampp\htdocs\malumere\wp-includes\functions.php on line 6260
[23-Sep-2026 14:04:48 UTC] PHP Notice:  Function WP_Block_Type_Registry::register was called <strong>incorrectly</strong>. Block type "core/accordion" is already registered. Please see <a href="https://developer.wordpress.org/advanced-administration/debug/debug-wordpress/">Debugging in WordPress</a> for more information. (This message was added in version 5.0.0.) in C:\xampp\htdocs\malumere\wp-includes\functions.php on line 6260
[23-Sep-2026 14:04:48 UTC] PHP Notice:  Function WP_Block_Type_Registry::register was called <strong>incorrectly</strong>. Block type "core/accordion-item" is already registered. Please see <a href="https://developer.wordpress.org/advanced-administration/debug/debug-wordpress/">Debugging in WordPress</a> for more information. (This message was added in version 5.0.0.) in C:\xampp\htdocs\malumere\wp-includes\functions.php on line 6260
[23-Sep-2026 14:04:48 UTC] PHP Notice:  Function WP_Block_Type_Registry::register was called <strong>incorrectly</strong>. Block type "core/archives" is already registered. Please see <a href="https://developer.wordpress.org/advanced-administration/debug/debug-wordpress/">Debugging in WordPress</a> for more information. (This message was added in version 5.0.0.) in C:\xampp\htdocs\malumere\wp-includes\functions.php on line 6260
[23-Sep-2026 14:04:48 UTC] PHP Notice:  Function WP_Block_Type_Registry::register was called <strong>incorrectly</strong>. Block type "core/avatar" is already registered. Please see <a href="https://developer.wordpress.org/advanced-administration/debug/debug-wordpress/">Debugging in WordPress</a> for more information. (This message was added in version 5.0.0.) in C:\xampp\htdocs\malumere\wp-includes\functions.php on line 6260
[23-Sep-2026 14:04:48 UTC] PHP Notice:  Function WP_Block_Type_Registry::register was called <strong>incorrectly</strong>. Block type "core/block" is already registered. Please see <a href="https://developer.wordpress.org/advanced-administration/debug/debug-wordpress/">Debugging in WordPress</a> for more information. (This message was added in version 5.0.0.) in C:\xampp\htdocs\malumere\wp-includes\functions.php on line 6260
[23-Sep-2026 14:04:48 UTC] PHP Notice:  Function WP_Block_Type_Registry::register was called <strong>incorrectly</strong>. Block type "core/breadcrumbs" is already registered. Please see <a href="https://developer.wordpress.org/advanced-administration/debug/debug-wordpress/">Debugging in WordPress</a> for more information. (This message was added in version 5.0.0.) in C:\xampp\htdocs\malumere\wp-includes\functions.php on line 6260
[23-Sep-2026 14:04:48 UTC] PHP Notice:  Function WP_Block_Type_Registry::register was called <strong>incorrectly</strong>. Block type "core/button" is already registered. Please see <a href="https://developer.wordpress.org/advanced-administration/debug/debug-wordpress/">Debugging in WordPress</a> for more information. (This message was added in version 5.0.0.) in C:\xampp\htdocs\malumere\wp-includes\functions.php on line 6260
[23-Sep-2026 14:04:48 UTC] PHP Notice:  Function WP_Block_Type_Registry::register was called <strong>incorrectly</strong>. Block type "core/calendar" is already registered. Please see <a href="https://developer.wordpress.org/advanced-administration/debug/debug-wordpress/">Debugging in WordPress</a> for more information. (This message was added in version 5.0.0.) in C:\xampp\htdocs\malumere\wp-includes\functions.php on line 6260
[23-Sep-2026 14:04:48 UTC] PHP Notice:  Function WP_Block_Type_Registry::register was called <strong>incorrectly</strong>. Block type "core/categories" is already registered. Please see <a href="https://developer.wordpress.org/advanced-administration/debug/debug-wordpress/">Debugging in WordPress</a> for more information. (This message was added in version 5.0.0.) in C:\xampp\htdocs\malumere\wp-includes\functions.php on line 6260
[23-Sep-2026 14:04:48 UTC] PHP Notice:  Function WP_Block_Type_Registry::register was called <strong>incorrectly</strong>. Block type "core/comment-author-name" is already registered. Please see <a href="https://developer.wordpress.org/advanced-administration/debug/debug-wordpress/">Debugging in WordPress</a> for more information. (This message was added in version 5.0.0.) in C:\xampp\htdocs\malumere\wp-includes\functions.php on line 6260
[23-Sep-2026 14:04:48 UTC] PHP Notice:  Function WP_Block_Type_Registry::register was called <strong>incorrectly</strong>. Block type "core/comment-content" is already registered. Please see <a href="https://developer.wordpress.org/advanced-administration/debug/debug-wordpress/">Debugging in WordPress</a> for more information. (This message was added in version 5.0.0.) in C:\xampp\htdocs\malumere\wp-includes\functions.php on line 6260
[23-Sep-2026 14:04:48 UTC] PHP Notice:  Function WP_Block_Type_Registry::register was called <strong>incorrectly</strong>. Block type "core/comment-date" is already registered. Please see <a href="https://developer.wordpress.org/advanced-administration/debug/debug-wordpress/">Debugging in WordPress</a> for more information. (This message was added in version 5.0.0.) in C:\xampp\htdocs\malumere\wp-includes\functions.php on line 6260
[23-Sep-2026 14:04:48 UTC] PHP Notice:  Function WP_Block_Type_Registry::register was called <strong>incorrectly</strong>. Block type "core/comment-edit-link" is already registered. Please see <a href="https://developer.wordpress.org/advanced-administration/debug/debug-wordpress/">Debugging in WordPress</a> for more information. (This message was added in version 5.0.0.) in C:\xampp\htdocs\malumere\wp-includes\functions.php on line 6260
[23-Sep-2026 14:04:48 UTC] PHP Notice:  Function WP_Block_Type_Registry::register was called <strong>incorrectly</strong>. Block type "core/comment-reply-link" is already registered. Please see <a href="https://developer.wordpress.org/advanced-administration/debug/debug-wordpress/">Debugging in WordPress</a> for more information. (This message was added in version 5.0.0.) in C:\xampp\htdocs\malumere\wp-includes\functions.php on line 6260
[23-Sep-2026 14:04:48 UTC] PHP Notice:  Function WP_Block_Type_Registry::register was called <strong>incorrectly</strong>. Block type "core/comment-template" is already registered. Please see <a href="https://developer.wordpress.org/advanced-administration/debug/debug-wordpress/">Debugging in WordPress</a> for more information. (This message was added in version 5.0.0.) in C:\xampp\htdocs\malumere\wp-includes\functions.php on line 6260
[23-Sep-2026 14:04:48 UTC] PHP Notice:  Function WP_Block_Type_Registry::register was called <strong>incorrectly</strong>. Block type "core/comments" is already registered. Please see <a href="https://developer.wordpress.org/advanced-administration/debug/debug-wordpress/">Debugging in WordPress</a> for more information. (This message was added in version 5.0.0.) in C:\xampp\htdocs\malumere\wp-includes\functions.php on line 6260
[23-Sep-2026 14:04:48 UTC] PHP Notice:  Function WP_Block_Type_Registry::register was called <strong>incorrectly</strong>. Block type "core/comments-pagination" is already registered. Please see <a href="https://developer.wordpress.org/advanced-administration/debug/debug-wordpress/">Debugging in WordPress</a> for more information. (This message was added in version 5.0.0.) in C:\xampp\htdocs\malumere\wp-includes\functions.php on line 6260
[23-Sep-2026 14:04:48 UTC] PHP Notice:  Function WP_Block_Type_Registry::register was called <strong>incorrectly</strong>. Block type "core/comments-pagination-next" is already registered. Please see <a href="https://developer.wordpress.org/advanced-administration/debug/debug-wordpress/">Debugging in WordPress</a> for more information. (This message was added in version 5.0.0.) in C:\xampp\htdocs\malumere\wp-includes\functions.php on line 6260
[23-Sep-2026 14:04:48 UTC] PHP Notice:  Function WP_Block_Type_Registry::register was called <strong>incorrectly</strong>. Block type "core/comments-pagination-numbers" is already registered. Please see <a href="https://developer.wordpress.org/advanced-administration/debug/debug-wordpress/">Debugging in WordPress</a> for more information. (This message was added in version 5.0.0.) in C:\xampp\htdocs\malumere\wp-includes\functions.php on line 6260
[23-Sep-2026 14:04:48 UTC] PHP Notice:  Function WP_Block_Type_Registry::register was called <strong>incorrectly</strong>. Block type "core/comments-pagination-previous" is already registered. Please see <a href="https://developer.wordpress.org/advanced-administration/debug/debug-wordpress/">Debugging in WordPress</a> for more information. (This message was added in version 5.0.0.) in C:\xampp\htdocs\malumere\wp-includes\functions.php on line 6260
[23-Sep-2026 14:04:48 UTC] PHP Notice:  Function WP_Block_Type_Registry::register was called <strong>incorrectly</strong>. Block type "core/comments-title" is already registered. Please see <a href="https://developer.wordpress.org/advanced-administration/debug/debug-wordpress/">Debugging in WordPress</a> for more information. (This message was added in version 5.0.0.) in C:\xampp\htdocs\malumere\wp-includes\functions.php on line 6260
[23-Sep-2026 14:04:48 UTC] PHP Notice:  Function WP_Block_Type_Registry::register was called <strong>incorrectly</strong>. Block type "core/cover" is already registered. Please see <a href="https://developer.wordpress.org/advanced-administration/debug/debug-wordpress/">Debugging in WordPress</a> for more information. (This message was added in version 5.0.0.) in C:\xampp\htdocs\malumere\wp-includes\functions.php on line 6260
[23-Sep-2026 14:04:48 UTC] PHP Notice:  Function WP_Block_Type_Registry::register was called <strong>incorrectly</strong>. Block type "core/details" is already registered. Please see <a href="https://developer.wordpress.org/advanced-administration/debug/debug-wordpress/">Debugging in WordPress</a> for more information. (This message was added in version 5.0.0.) in C:\xampp\htdocs\malumere\wp-includes\functions.php on line 6260
[23-Sep-2026 14:04:48 UTC] PHP Notice:  Function WP_Block_Type_Registry::register was called <strong>incorrectly</strong>. Block type "core/file" is already registered. Please see <a href="https://developer.wordpress.org/advanced-administration/debug/debug-wordpress/">Debugging in WordPress</a> for more information. (This message was added in version 5.0.0.) in C:\xampp\htdocs\malumere\wp-includes\functions.php on line 6260
[23-Sep-2026 14:04:48 UTC] PHP Notice:  Function WP_Block_Type_Registry::register was called <strong>incorrectly</strong>. Block type "core/footnotes" is already registered. Please see <a href="https://developer.wordpress.org/advanced-administration/debug/debug-wordpress/">Debugging in WordPress</a> for more information. (This message was added in version 5.0.0.) in C:\xampp\htdocs\malumere\wp-includes\functions.php on line 6260
[23-Sep-2026 14:04:48 UTC] PHP Notice:  Function WP_Block_Type_Registry::register was called <strong>incorrectly</strong>. Block type "core/gallery" is already registered. Please see <a href="https://developer.wordpress.org/advanced-administration/debug/debug-wordpress/">Debugging in WordPress</a> for more information. (This message was added in version 5.0.0.) in C:\xampp\htdocs\malumere\wp-includes\functions.php on line 6260
[23-Sep-2026 14:04:48 UTC] PHP Notice:  Function WP_Block_Type_Registry::register was called <strong>incorrectly</strong>. Block type "core/heading" is already registered. Please see <a href="https://developer.wordpress.org/advanced-administration/debug/debug-wordpress/">Debugging in WordPress</a> for more information. (This message was added in version 5.0.0.) in C:\xampp\htdocs\malumere\wp-includes\functions.php on line 6260
[23-Sep-2026 14:04:48 UTC] PHP Notice:  Function WP_Block_Type_Registry::register was called <strong>incorrectly</strong>. Block type "core/home-link" is already registered. Please see <a href="https://developer.wordpress.org/advanced-administration/debug/debug-wordpress/">Debugging in WordPress</a> for more information. (This message was added in version 5.0.0.) in C:\xampp\htdocs\malumere\wp-includes\functions.php on line 6260
[23-Sep-2026 14:04:48 UTC] PHP Notice:  Function WP_Block_Type_Registry::register was called <strong>incorrectly</strong>. Block type "core/icon" is already registered. Please see <a href="https://developer.wordpress.org/advanced-administration/debug/debug-wordpress/">Debugging in WordPress</a> for more information. (This message was added in version 5.0.0.) in C:\xampp\htdocs\malumere\wp-includes\functions.php on line 6260
[23-Sep-2026 14:04:48 UTC] PHP Notice:  Function WP_Block_Type_Registry::register was called <strong>incorrectly</strong>. Block type "core/image" is already registered. Please see <a href="https://developer.wordpress.org/advanced-administration/debug/debug-wordpress/">Debugging in WordPress</a> for more information. (This message was added in version 5.0.0.) in C:\xampp\htdocs\malumere\wp-includes\functions.php on line 6260
[23-Sep-2026 14:04:48 UTC] PHP Notice:  Function WP_Block_Type_Registry::register was called <strong>incorrectly</strong>. Block type "core/latest-comments" is already registered. Please see <a href="https://developer.wordpress.org/advanced-administration/debug/debug-wordpress/">Debugging in WordPress</a> for more information. (This message was added in version 5.0.0.) in C:\xampp\htdocs\malumere\wp-includes\functions.php on line 6260
[23-Sep-2026 14:04:48 UTC] PHP Notice:  Function WP_Block_Type_Registry::register was called <strong>incorrectly</strong>. Block type "core/latest-posts" is already registered. Please see <a href="https://developer.wordpress.org/advanced-administration/debug/debug-wordpress/">Debugging in WordPress</a> for more information. (This message was added in version 5.0.0.) in C:\xampp\htdocs\malumere\wp-includes\functions.php on line 6260
[23-Sep-2026 14:04:48 UTC] PHP Notice:  Function WP_Block_Type_Registry::register was called <strong>incorrectly</strong>. Block type "core/list" is already registered. Please see <a href="https://developer.wordpress.org/advanced-administration/debug/debug-wordpress/">Debugging in WordPress</a> for more information. (This message was added in version 5.0.0.) in C:\xampp\htdocs\malumere\wp-includes\functions.php on line 6260
[23-Sep-2026 14:04:48 UTC] PHP Notice:  Function WP_Block_Type_Registry::register was called <strong>incorrectly</strong>. Block type "core/loginout" is already registered. Please see <a href="https://developer.wordpress.org/advanced-administration/debug/debug-wordpress/">Debugging in WordPress</a> for more information. (This message was added in version 5.0.0.) in C:\xampp\htdocs\malumere\wp-includes\functions.php on line 6260
[23-Sep-2026 14:04:48 UTC] PHP Notice:  Function WP_Block_Type_Registry::register was called <strong>incorrectly</strong>. Block type "core/media-text" is already registered. Please see <a href="https://developer.wordpress.org/advanced-administration/debug/debug-wordpress/">Debugging in WordPress</a> for more information. (This message was added in version 5.0.0.) in C:\xampp\htdocs\malumere\wp-includes\functions.php on line 6260
[23-Sep-2026 14:04:48 UTC] PHP Notice:  Function WP_Block_Type_Registry::register was called <strong>incorrectly</strong>. Block type "core/navigation" is already registered. Please see <a href="https://developer.wordpress.org/advanced-administration/debug/debug-wordpress/">Debugging in WordPress</a> for more information. (This message was added in version 5.0.0.) in C:\xampp\htdocs\malumere\wp-includes\functions.php on line 6260
[23-Sep-2026 14:04:48 UTC] PHP Notice:  Function WP_Block_Type_Registry::register was called <strong>incorrectly</strong>. Block type "core/navigation-link" is already registered. Please see <a href="https://developer.wordpress.org/advanced-administration/debug/debug-wordpress/">Debugging in WordPress</a> for more information. (This message was added in version 5.0.0.) in C:\xampp\htdocs\malumere\wp-includes\functions.php on line 6260
[23-Sep-2026 14:04:48 UTC] PHP Notice:  Function WP_Block_Type_Registry::register was called <strong>incorrectly</strong>. Block type "core/navigation-overlay-close" is already registered. Please see <a href="https://developer.wordpress.org/advanced-administration/debug/debug-wordpress/">Debugging in WordPress</a> for more information. (This message was added in version 5.0.0.) in C:\xampp\htdocs\malumere\wp-includes\functions.php on line 6260
[23-Sep-2026 14:04:48 UTC] PHP Notice:  Function WP_Block_Type_Registry::register was called <strong>incorrectly</strong>. Block type "core/navigation-submenu" is already registered. Please see <a href="https://developer.wordpress.org/advanced-administration/debug/debug-wordpress/">Debugging in WordPress</a> for more information. (This message was added in version 5.0.0.) in C:\xampp\htdocs\malumere\wp-includes\functions.php on line 6260
[23-Sep-2026 14:04:48 UTC] PHP Notice:  Function WP_Block_Type_Registry::register was called <strong>incorrectly</strong>. Block type "core/page-list" is already registered. Please see <a href="https://developer.wordpress.org/advanced-administration/debug/debug-wordpress/">Debugging in WordPress</a> for more information. (This message was added in version 5.0.0.) in C:\xampp\htdocs\malumere\wp-includes\functions.php on line 6260
[23-Sep-2026 14:04:48 UTC] PHP Notice:  Function WP_Block_Type_Registry::register was called <strong>incorrectly</strong>. Block type "core/page-list-item" is already registered. Please see <a href="https://developer.wordpress.org/advanced-administration/debug/debug-wordpress/">Debugging in WordPress</a> for more information. (This message was added in version 5.0.0.) in C:\xampp\htdocs\malumere\wp-includes\functions.php on line 6260
[23-Sep-2026 14:04:48 UTC] PHP Notice:  Function WP_Block_Type_Registry::register was called <strong>incorrectly</strong>. Block type "core/paragraph" is already registered. Please see <a href="https://developer.wordpress.org/advanced-administration/debug/debug-wordpress/">Debugging in WordPress</a> for more information. (This message was added in version 5.0.0.) in C:\xampp\htdocs\malumere\wp-includes\functions.php on line 6260
[23-Sep-2026 14:04:48 UTC] PHP Notice:  Function WP_Block_Type_Registry::register was called <strong>incorrectly</strong>. Block type "core/pattern" is already registered. Please see <a href="https://developer.wordpress.org/advanced-administration/debug/debug-wordpress/">Debugging in WordPress</a> for more information. (This message was added in version 5.0.0.) in C:\xampp\htdocs\malumere\wp-includes\functions.php on line 6260
[23-Sep-2026 14:04:48 UTC] PHP Notice:  Function WP_Block_Type_Registry::register was called <strong>incorrectly</strong>. Block type "core/playlist" is already registered. Please see <a href="https://developer.wordpress.org/advanced-administration/debug/debug-wordpress/">Debugging in WordPress</a> for more information. (This message was added in version 5.0.0.) in C:\xampp\htdocs\malumere\wp-includes\functions.php on line 6260
[23-Sep-2026 14:04:48 UTC] PHP Notice:  Function WP_Block_Type_Registry::register was called <strong>incorrectly</strong>. Block type "core/playlist-track" is already registered. Please see <a href="https://developer.wordpress.org/advanced-administration/debug/debug-wordpress/">Debugging in WordPress</a> for more information. (This message was added in version 5.0.0.) in C:\xampp\htdocs\malumere\wp-includes\functions.php on line 6260
[23-Sep-2026 14:04:48 UTC] PHP Notice:  Function WP_Block_Type_Registry::register was called <strong>incorrectly</strong>. Block type "core/post-author" is already registered. Please see <a href="https://developer.wordpress.org/advanced-administration/debug/debug-wordpress/">Debugging in WordPress</a> for more information. (This message was added in version 5.0.0.) in C:\xampp\htdocs\malumere\wp-includes\functions.php on line 6260
[23-Sep-2026 14:04:48 UTC] PHP Notice:  Function WP_Block_Type_Registry::register was called <strong>incorrectly</strong>. Block type "core/post-author-biography" is already registered. Please see <a href="https://developer.wordpress.org/advanced-administration/debug/debug-wordpress/">Debugging in WordPress</a> for more information. (This message was added in version 5.0.0.) in C:\xampp\htdocs\malumere\wp-includes\functions.php on line 6260
[23-Sep-2026 14:04:48 UTC] PHP Notice:  Function WP_Block_Type_Registry::register was called <strong>incorrectly</strong>. Block type "core/post-author-name" is already registered. Please see <a href="https://developer.wordpress.org/advanced-administration/debug/debug-wordpress/">Debugging in WordPress</a> for more information. (This message was added in version 5.0.0.) in C:\xampp\htdocs\malumere\wp-includes\functions.php on line 6260
[23-Sep-2026 14:04:48 UTC] PHP Notice:  Function WP_Block_Type_Registry::register was called <strong>incorrectly</strong>. Block type "core/post-comments-count" is already registered. Please see <a href="https://developer.wordpress.org/advanced-administration/debug/debug-wordpress/">Debugging in WordPress</a> for more information. (This message was added in version 5.0.0.) in C:\xampp\htdocs\malumere\wp-includes\functions.php on line 6260
[23-Sep-2026 14:04:48 UTC] PHP Notice:  Function WP_Block_Type_Registry::register was called <strong>incorrectly</strong>. Block type "core/post-comments-form" is already registered. Please see <a href="https://developer.wordpress.org/advanced-administration/debug/debug-wordpress/">Debugging in WordPress</a> for more information. (This message was added in version 5.0.0.) in C:\xampp\htdocs\malumere\wp-includes\functions.php on line 6260
[23-Sep-2026 14:04:48 UTC] PHP Notice:  Function WP_Block_Type_Registry::register was called <strong>incorrectly</strong>. Block type "core/post-comments-link" is already registered. Please see <a href="https://developer.wordpress.org/advanced-administration/debug/debug-wordpress/">Debugging in WordPress</a> for more information. (This message was added in version 5.0.0.) in C:\xampp\htdocs\malumere\wp-includes\functions.php on line 6260
[23-Sep-2026 14:04:48 UTC] PHP Notice:  Function WP_Block_Type_Registry::register was called <strong>incorrectly</strong>. Block type "core/post-content" is already registered. Please see <a href="https://developer.wordpress.org/advanced-administration/debug/debug-wordpress/">Debugging in WordPress</a> for more information. (This message was added in version 5.0.0.) in C:\xampp\htdocs\malumere\wp-includes\functions.php on line 6260
[23-Sep-2026 14:04:48 UTC] PHP Notice:  Function WP_Block_Type_Registry::register was called <strong>incorrectly</strong>. Block type "core/post-date" is already registered. Please see <a href="https://developer.wordpress.org/advanced-administration/debug/debug-wordpress/">Debugging in WordPress</a> for more information. (This message was added in version 5.0.0.) in C:\xampp\htdocs\malumere\wp-includes\functions.php on line 6260
[23-Sep-2026 14:04:48 UTC] PHP Notice:  Function WP_Block_Type_Registry::register was called <strong>incorrectly</strong>. Block type "core/post-excerpt" is already registered. Please see <a href="https://developer.wordpress.org/advanced-administration/debug/debug-wordpress/">Debugging in WordPress</a> for more information. (This message was added in version 5.0.0.) in C:\xampp\htdocs\malumere\wp-includes\functions.php on line 6260
[23-Sep-2026 14:04:48 UTC] PHP Notice:  Function WP_Block_Type_Registry::register was called <strong>incorrectly</strong>. Block type "core/post-featured-image" is already registered. Please see <a href="https://developer.wordpress.org/advanced-administration/debug/debug-wordpress/">Debugging in WordPress</a> for more information. (This message was added in version 5.0.0.) in C:\xampp\htdocs\malumere\wp-includes\functions.php on line 6260
[23-Sep-2026 14:04:48 UTC] PHP Notice:  Function WP_Block_Type_Registry::register was called <strong>incorrectly</strong>. Block type "core/post-navigation-link" is already registered. Please see <a href="https://developer.wordpress.org/advanced-administration/debug/debug-wordpress/">Debugging in WordPress</a> for more information. (This message was added in version 5.0.0.) in C:\xampp\htdocs\malumere\wp-includes\functions.php on line 6260
[23-Sep-2026 14:04:48 UTC] PHP Notice:  Function WP_Block_Type_Registry::register was called <strong>incorrectly</strong>. Block type "core/post-template" is already registered. Please see <a href="https://developer.wordpress.org/advanced-administration/debug/debug-wordpress/">Debugging in WordPress</a> for more information. (This message was added in version 5.0.0.) in C:\xampp\htdocs\malumere\wp-includes\functions.php on line 6260
[23-Sep-2026 14:04:48 UTC] PHP Notice:  Function WP_Block_Type_Registry::register was called <strong>incorrectly</strong>. Block type "core/post-terms" is already registered. Please see <a href="https://developer.wordpress.org/advanced-administration/debug/debug-wordpress/">Debugging in WordPress</a> for more information. (This message was added in version 5.0.0.) in C:\xampp\htdocs\malumere\wp-includes\functions.php on line 6260
[23-Sep-2026 14:04:48 UTC] PHP Notice:  Function WP_Block_Type_Registry::register was called <strong>incorrectly</strong>. Block type "core/post-time-to-read" is already registered. Please see <a href="https://developer.wordpress.org/advanced-administration/debug/debug-wordpress/">Debugging in WordPress</a> for more information. (This message was added in version 5.0.0.) in C:\xampp\htdocs\malumere\wp-includes\functions.php on line 6260
[23-Sep-2026 14:04:48 UTC] PHP Notice:  Function WP_Block_Type_Registry::register was called <strong>incorrectly</strong>. Block type "core/post-title" is already registered. Please see <a href="https://developer.wordpress.org/advanced-administration/debug/debug-wordpress/">Debugging in WordPress</a> for more information. (This message was added in version 5.0.0.) in C:\xampp\htdocs\malumere\wp-includes\functions.php on line 6260
[23-Sep-2026 14:04:48 UTC] PHP Notice:  Function WP_Block_Type_Registry::register was called <strong>incorrectly</strong>. Block type "core/query" is already registered. Please see <a href="https://developer.wordpress.org/advanced-administration/debug/debug-wordpress/">Debugging in WordPress</a> for more information. (This message was added in version 5.0.0.) in C:\xampp\htdocs\malumere\wp-includes\functions.php on line 6260
[23-Sep-2026 14:04:48 UTC] PHP Notice:  Function WP_Block_Type_Registry::register was called <strong>incorrectly</strong>. Block type "core/query-no-results" is already registered. Please see <a href="https://developer.wordpress.org/advanced-administration/debug/debug-wordpress/">Debugging in WordPress</a> for more information. (This message was added in version 5.0.0.) in C:\xampp\htdocs\malumere\wp-includes\functions.php on line 6260
[23-Sep-2026 14:04:48 UTC] PHP Notice:  Function WP_Block_Type_Registry::register was called <strong>incorrectly</strong>. Block type "core/query-pagination" is already registered. Please see <a href="https://developer.wordpress.org/advanced-administration/debug/debug-wordpress/">Debugging in WordPress</a> for more information. (This message was added in version 5.0.0.) in C:\xampp\htdocs\malumere\wp-includes\functions.php on line 6260
[23-Sep-2026 14:04:48 UTC] PHP Notice:  Function WP_Block_Type_Registry::register was called <strong>incorrectly</strong>. Block type "core/query-pagination-next" is already registered. Please see <a href="https://developer.wordpress.org/advanced-administration/debug/debug-wordpress/">Debugging in WordPress</a> for more information. (This message was added in version 5.0.0.) in C:\xampp\htdocs\malumere\wp-includes\functions.php on line 6260
[23-Sep-2026 14:04:48 UTC] PHP Notice:  Function WP_Block_Type_Registry::register was called <strong>incorrectly</strong>. Block type "core/query-pagination-numbers" is already registered. Please see <a href="https://developer.wordpress.org/advanced-administration/debug/debug-wordpress/">Debugging in WordPress</a> for more information. (This message was added in version 5.0.0.) in C:\xampp\htdocs\malumere\wp-includes\functions.php on line 6260
[23-Sep-2026 14:04:48 UTC] PHP Notice:  Function WP_Block_Type_Registry::register was called <strong>incorrectly</strong>. Block type "core/query-pagination-previous" is already registered. Please see <a href="https://developer.wordpress.org/advanced-administration/debug/debug-wordpress/">Debugging in WordPress</a> for more information. (This message was added in version 5.0.0.) in C:\xampp\htdocs\malumere\wp-includes\functions.php on line 6260
[23-Sep-2026 14:04:48 UTC] PHP Notice:  Function WP_Block_Type_Registry::register was called <strong>incorrectly</strong>. Block type "core/query-title" is already registered. Please see <a href="https://developer.wordpress.org/advanced-administration/debug/debug-wordpress/">Debugging in WordPress</a> for more information. (This message was added in version 5.0.0.) in C:\xampp\htdocs\malumere\wp-includes\functions.php on line 6260
[23-Sep-2026 14:04:48 UTC] PHP Notice:  Function WP_Block_Type_Registry::register was called <strong>incorrectly</strong>. Block type "core/query-total" is already registered. Please see <a href="https://developer.wordpress.org/advanced-administration/debug/debug-wordpress/">Debugging in WordPress</a> for more information. (This message was added in version 5.0.0.) in C:\xampp\htdocs\malumere\wp-includes\functions.php on line 6260
[23-Sep-2026 14:04:48 UTC] PHP Notice:  Function WP_Block_Type_Registry::register was called <strong>incorrectly</strong>. Block type "core/read-more" is already registered. Please see <a href="https://developer.wordpress.org/advanced-administration/debug/debug-wordpress/">Debugging in WordPress</a> for more information. (This message was added in version 5.0.0.) in C:\xampp\htdocs\malumere\wp-includes\functions.php on line 6260
[23-Sep-2026 14:04:48 UTC] PHP Notice:  Function WP_Block_Type_Registry::register was called <strong>incorrectly</strong>. Block type "core/rss" is already registered. Please see <a href="https://developer.wordpress.org/advanced-administration/debug/debug-wordpress/">Debugging in WordPress</a> for more information. (This message was added in version 5.0.0.) in C:\xampp\htdocs\malumere\wp-includes\functions.php on line 6260
[23-Sep-2026 14:04:48 UTC] PHP Notice:  Function WP_Block_Type_Registry::register was called <strong>incorrectly</strong>. Block type "core/search" is already registered. Please see <a href="https://developer.wordpress.org/advanced-administration/debug/debug-wordpress/">Debugging in WordPress</a> for more information. (This message was added in version 5.0.0.) in C:\xampp\htdocs\malumere\wp-includes\functions.php on line 6260
[23-Sep-2026 14:04:48 UTC] PHP Notice:  Function WP_Block_Type_Registry::register was called <strong>incorrectly</strong>. Block type "core/shortcode" is already registered. Please see <a href="https://developer.wordpress.org/advanced-administration/debug/debug-wordpress/">Debugging in WordPress</a> for more information. (This message was added in version 5.0.0.) in C:\xampp\htdocs\malumere\wp-includes\functions.php on line 6260
[23-Sep-2026 14:04:48 UTC] PHP Notice:  Function WP_Block_Type_Registry::register was called <strong>incorrectly</strong>. Block type "core/site-logo" is already registered. Please see <a href="https://developer.wordpress.org/advanced-administration/debug/debug-wordpress/">Debugging in WordPress</a> for more information. (This message was added in version 5.0.0.) in C:\xampp\htdocs\malumere\wp-includes\functions.php on line 6260
[23-Sep-2026 14:04:48 UTC] PHP Notice:  Function WP_Block_Type_Registry::register was called <strong>incorrectly</strong>. Block type "core/site-tagline" is already registered. Please see <a href="https://developer.wordpress.org/advanced-administration/debug/debug-wordpress/">Debugging in WordPress</a> for more information. (This message was added in version 5.0.0.) in C:\xampp\htdocs\malumere\wp-includes\functions.php on line 6260
[23-Sep-2026 14:04:48 UTC] PHP Notice:  Function WP_Block_Type_Registry::register was called <strong>incorrectly</strong>. Block type "core/site-title" is already registered. Please see <a href="https://developer.wordpress.org/advanced-administration/debug/debug-wordpress/">Debugging in WordPress</a> for more information. (This message was added in version 5.0.0.) in C:\xampp\htdocs\malumere\wp-includes\functions.php on line 6260
[23-Sep-2026 14:04:48 UTC] PHP Notice:  Function WP_Block_Type_Registry::register was called <strong>incorrectly</strong>. Block type "core/social-link" is already registered. Please see <a href="https://developer.wordpress.org/advanced-administration/debug/debug-wordpress/">Debugging in WordPress</a> for more information. (This message was added in version 5.0.0.) in C:\xampp\htdocs\malumere\wp-includes\functions.php on line 6260
[23-Sep-2026 14:04:48 UTC] PHP Notice:  Function WP_Block_Type_Registry::register was called <strong>incorrectly</strong>. Block type "core/tab-list" is already registered. Please see <a href="https://developer.wordpress.org/advanced-administration/debug/debug-wordpress/">Debugging in WordPress</a> for more information. (This message was added in version 5.0.0.) in C:\xampp\htdocs\malumere\wp-includes\functions.php on line 6260
[23-Sep-2026 14:04:48 UTC] PHP Notice:  Function WP_Block_Type_Registry::register was called <strong>incorrectly</strong>. Block type "core/tab-panel" is already registered. Please see <a href="https://developer.wordpress.org/advanced-administration/debug/debug-wordpress/">Debugging in WordPress</a> for more information. (This message was added in version 5.0.0.) in C:\xampp\htdocs\malumere\wp-includes\functions.php on line 6260
[23-Sep-2026 14:04:48 UTC] PHP Notice:  Function WP_Block_Type_Registry::register was called <strong>incorrectly</strong>. Block type "core/tabs" is already registered. Please see <a href="https://developer.wordpress.org/advanced-administration/debug/debug-wordpress/">Debugging in WordPress</a> for more information. (This message was added in version 5.0.0.) in C:\xampp\htdocs\malumere\wp-includes\functions.php on line 6260
[23-Sep-2026 14:04:48 UTC] PHP Notice:  Function WP_Block_Type_Registry::register was called <strong>incorrectly</strong>. Block type "core/tag-cloud" is already registered. Please see <a href="https://developer.wordpress.org/advanced-administration/debug/debug-wordpress/">Debugging in WordPress</a> for more information. (This message was added in version 5.0.0.) in C:\xampp\htdocs\malumere\wp-includes\functions.php on line 6260
[23-Sep-2026 14:04:48 UTC] PHP Notice:  Function WP_Block_Type_Registry::register was called <strong>incorrectly</strong>. Block type "core/template-part" is already registered. Please see <a href="https://developer.wordpress.org/advanced-administration/debug/debug-wordpress/">Debugging in WordPress</a> for more information. (This message was added in version 5.0.0.) in C:\xampp\htdocs\malumere\wp-includes\functions.php on line 6260
[23-Sep-2026 14:04:48 UTC] PHP Notice:  Function WP_Block_Type_Registry::register was called <strong>incorrectly</strong>. Block type "core/term-count" is already registered. Please see <a href="https://developer.wordpress.org/advanced-administration/debug/debug-wordpress/">Debugging in WordPress</a> for more information. (This message was added in version 5.0.0.) in C:\xampp\htdocs\malumere\wp-includes\functions.php on line 6260
[23-Sep-2026 14:04:48 UTC] PHP Notice:  Function WP_Block_Type_Registry::register was called <strong>incorrectly</strong>. Block type "core/term-description" is already registered. Please see <a href="https://developer.wordpress.org/advanced-administration/debug/debug-wordpress/">Debugging in WordPress</a> for more information. (This message was added in version 5.0.0.) in C:\xampp\htdocs\malumere\wp-includes\functions.php on line 6260
[23-Sep-2026 14:04:48 UTC] PHP Notice:  Function WP_Block_Type_Registry::register was called <strong>incorrectly</strong>. Block type "core/term-name" is already registered. Please see <a href="https://developer.wordpress.org/advanced-administration/debug/debug-wordpress/">Debugging in WordPress</a> for more information. (This message was added in version 5.0.0.) in C:\xampp\htdocs\malumere\wp-includes\functions.php on line 6260
[23-Sep-2026 14:04:48 UTC] PHP Notice:  Function WP_Block_Type_Registry::register was called <strong>incorrectly</strong>. Block type "core/term-template" is already registered. Please see <a href="https://developer.wordpress.org/advanced-administration/debug/debug-wordpress/">Debugging in WordPress</a> for more information. (This message was added in version 5.0.0.) in C:\xampp\htdocs\malumere\wp-includes\functions.php on line 6260
[23-Sep-2026 14:04:48 UTC] PHP Notice:  Function WP_Block_Type_Registry::register was called <strong>incorrectly</strong>. Block type "core/video" is already registered. Please see <a href="https://developer.wordpress.org/advanced-administration/debug/debug-wordpress/">Debugging in WordPress</a> for more information. (This message was added in version 5.0.0.) in C:\xampp\htdocs\malumere\wp-includes\functions.php on line 6260
[23-Sep-2026 14:04:48 UTC] PHP Notice:  Function WP_Block_Type_Registry::register was called <strong>incorrectly</strong>. Block type "core/accordion-heading" is already registered. Please see <a href="https://developer.wordpress.org/advanced-administration/debug/debug-wordpress/">Debugging in WordPress</a> for more information. (This message was added in version 5.0.0.) in C:\xampp\htdocs\malumere\wp-includes\functions.php on line 6260
[23-Sep-2026 14:04:48 UTC] PHP Notice:  Function WP_Block_Type_Registry::register was called <strong>incorrectly</strong>. Block type "core/accordion-panel" is already registered. Please see <a href="https://developer.wordpress.org/advanced-administration/debug/debug-wordpress/">Debugging in WordPress</a> for more information. (This message was added in version 5.0.0.) in C:\xampp\htdocs\malumere\wp-includes\functions.php on line 6260
[23-Sep-2026 14:04:48 UTC] PHP Notice:  Function WP_Block_Type_Registry::register was called <strong>incorrectly</strong>. Block type "core/audio" is already registered. Please see <a href="https://developer.wordpress.org/advanced-administration/debug/debug-wordpress/">Debugging in WordPress</a> for more information. (This message was added in version 5.0.0.) in C:\xampp\htdocs\malumere\wp-includes\functions.php on line 6260
[23-Sep-2026 14:04:48 UTC] PHP Notice:  Function WP_Block_Type_Registry::register was called <strong>incorrectly</strong>. Block type "core/buttons" is already registered. Please see <a href="https://developer.wordpress.org/advanced-administration/debug/debug-wordpress/">Debugging in WordPress</a> for more information. (This message was added in version 5.0.0.) in C:\xampp\htdocs\malumere\wp-includes\functions.php on line 6260
[23-Sep-2026 14:04:48 UTC] PHP Notice:  Function WP_Block_Type_Registry::register was called <strong>incorrectly</strong>. Block type "core/code" is already registered. Please see <a href="https://developer.wordpress.org/advanced-administration/debug/debug-wordpress/">Debugging in WordPress</a> for more information. (This message was added in version 5.0.0.) in C:\xampp\htdocs\malumere\wp-includes\functions.php on line 6260
[23-Sep-2026 14:04:48 UTC] PHP Notice:  Function WP_Block_Type_Registry::register was called <strong>incorrectly</strong>. Block type "core/column" is already registered. Please see <a href="https://developer.wordpress.org/advanced-administration/debug/debug-wordpress/">Debugging in WordPress</a> for more information. (This message was added in version 5.0.0.) in C:\xampp\htdocs\malumere\wp-includes\functions.php on line 6260
[23-Sep-2026 14:04:48 UTC] PHP Notice:  Function WP_Block_Type_Registry::register was called <strong>incorrectly</strong>. Block type "core/columns" is already registered. Please see <a href="https://developer.wordpress.org/advanced-administration/debug/debug-wordpress/">Debugging in WordPress</a> for more information. (This message was added in version 5.0.0.) in C:\xampp\htdocs\malumere\wp-includes\functions.php on line 6260
[23-Sep-2026 14:04:48 UTC] PHP Notice:  Function WP_Block_Type_Registry::register was called <strong>incorrectly</strong>. Block type "core/embed" is already registered. Please see <a href="https://developer.wordpress.org/advanced-administration/debug/debug-wordpress/">Debugging in WordPress</a> for more information. (This message was added in version 5.0.0.) in C:\xampp\htdocs\malumere\wp-includes\functions.php on line 6260
[23-Sep-2026 14:04:48 UTC] PHP Notice:  Function WP_Block_Type_Registry::register was called <strong>incorrectly</strong>. Block type "core/freeform" is already registered. Please see <a href="https://developer.wordpress.org/advanced-administration/debug/debug-wordpress/">Debugging in WordPress</a> for more information. (This message was added in version 5.0.0.) in C:\xampp\htdocs\malumere\wp-includes\functions.php on line 6260
[23-Sep-2026 14:04:48 UTC] PHP Notice:  Function WP_Block_Type_Registry::register was called <strong>incorrectly</strong>. Block type "core/group" is already registered. Please see <a href="https://developer.wordpress.org/advanced-administration/debug/debug-wordpress/">Debugging in WordPress</a> for more information. (This message was added in version 5.0.0.) in C:\xampp\htdocs\malumere\wp-includes\functions.php on line 6260
[23-Sep-2026 14:04:48 UTC] PHP Notice:  Function WP_Block_Type_Registry::register was called <strong>incorrectly</strong>. Block type "core/html" is already registered. Please see <a href="https://developer.wordpress.org/advanced-administration/debug/debug-wordpress/">Debugging in WordPress</a> for more information. (This message was added in version 5.0.0.) in C:\xampp\htdocs\malumere\wp-includes\functions.php on line 6260
[23-Sep-2026 14:04:48 UTC] PHP Notice:  Function WP_Block_Type_Registry::register was called <strong>incorrectly</strong>. Block type "core/list-item" is already registered. Please see <a href="https://developer.wordpress.org/advanced-administration/debug/debug-wordpress/">Debugging in WordPress</a> for more information. (This message was added in version 5.0.0.) in C:\xampp\htdocs\malumere\wp-includes\functions.php on line 6260
[23-Sep-2026 14:04:48 UTC] PHP Notice:  Function WP_Block_Type_Registry::register was called <strong>incorrectly</strong>. Block type "core/math" is already registered. Please see <a href="https://developer.wordpress.org/advanced-administration/debug/debug-wordpress/">Debugging in WordPress</a> for more information. (This message was added in version 5.0.0.) in C:\xampp\htdocs\malumere\wp-includes\functions.php on line 6260
[23-Sep-2026 14:04:48 UTC] PHP Notice:  Function WP_Block_Type_Registry::register was called <strong>incorrectly</strong>. Block type "core/missing" is already registered. Please see <a href="https://developer.wordpress.org/advanced-administration/debug/debug-wordpress/">Debugging in WordPress</a> for more information. (This message was added in version 5.0.0.) in C:\xampp\htdocs\malumere\wp-includes\functions.php on line 6260
[23-Sep-2026 14:04:48 UTC] PHP Notice:  Function WP_Block_Type_Registry::register was called <strong>incorrectly</strong>. Block type "core/more" is already registered. Please see <a href="https://developer.wordpress.org/advanced-administration/debug/debug-wordpress/">Debugging in WordPress</a> for more information. (This message was added in version 5.0.0.) in C:\xampp\htdocs\malumere\wp-includes\functions.php on line 6260
[23-Sep-2026 14:04:48 UTC] PHP Notice:  Function WP_Block_Type_Registry::register was called <strong>incorrectly</strong>. Block type "core/nextpage" is already registered. Please see <a href="https://developer.wordpress.org/advanced-administration/debug/debug-wordpress/">Debugging in WordPress</a> for more information. (This message was added in version 5.0.0.) in C:\xampp\htdocs\malumere\wp-includes\functions.php on line 6260
[23-Sep-2026 14:04:48 UTC] PHP Notice:  Function WP_Block_Type_Registry::register was called <strong>incorrectly</strong>. Block type "core/preformatted" is already registered. Please see <a href="https://developer.wordpress.org/advanced-administration/debug/debug-wordpress/">Debugging in WordPress</a> for more information. (This message was added in version 5.0.0.) in C:\xampp\htdocs\malumere\wp-includes\functions.php on line 6260
[23-Sep-2026 14:04:48 UTC] PHP Notice:  Function WP_Block_Type_Registry::register was called <strong>incorrectly</strong>. Block type "core/pullquote" is already registered. Please see <a href="https://developer.wordpress.org/advanced-administration/debug/debug-wordpress/">Debugging in WordPress</a> for more information. (This message was added in version 5.0.0.) in C:\xampp\htdocs\malumere\wp-includes\functions.php on line 6260
[23-Sep-2026 14:04:48 UTC] PHP Notice:  Function WP_Block_Type_Registry::register was called <strong>incorrectly</strong>. Block type "core/quote" is already registered. Please see <a href="https://developer.wordpress.org/advanced-administration/debug/debug-wordpress/">Debugging in WordPress</a> for more information. (This message was added in version 5.0.0.) in C:\xampp\htdocs\malumere\wp-includes\functions.php on line 6260
[23-Sep-2026 14:04:48 UTC] PHP Notice:  Function WP_Block_Type_Registry::register was called <strong>incorrectly</strong>. Block type "core/separator" is already registered. Please see <a href="https://developer.wordpress.org/advanced-administration/debug/debug-wordpress/">Debugging in WordPress</a> for more information. (This message was added in version 5.0.0.) in C:\xampp\htdocs\malumere\wp-includes\functions.php on line 6260
[23-Sep-2026 14:04:48 UTC] PHP Notice:  Function WP_Block_Type_Registry::register was called <strong>incorrectly</strong>. Block type "core/social-links" is already registered. Please see <a href="https://developer.wordpress.org/advanced-administration/debug/debug-wordpress/">Debugging in WordPress</a> for more information. (This message was added in version 5.0.0.) in C:\xampp\htdocs\malumere\wp-includes\functions.php on line 6260
[23-Sep-2026 14:04:48 UTC] PHP Notice:  Function WP_Block_Type_Registry::register was called <strong>incorrectly</strong>. Block type "core/spacer" is already registered. Please see <a href="https://developer.wordpress.org/advanced-administration/debug/debug-wordpress/">Debugging in WordPress</a> for more information. (This message was added in version 5.0.0.) in C:\xampp\htdocs\malumere\wp-includes\functions.php on line 6260
[23-Sep-2026 14:04:48 UTC] PHP Notice:  Function WP_Block_Type_Registry::register was called <strong>incorrectly</strong>. Block type "core/tab-panels" is already registered. Please see <a href="https://developer.wordpress.org/advanced-administration/debug/debug-wordpress/">Debugging in WordPress</a> for more information. (This message was added in version 5.0.0.) in C:\xampp\htdocs\malumere\wp-includes\functions.php on line 6260
[23-Sep-2026 14:04:48 UTC] PHP Notice:  Function WP_Block_Type_Registry::register was called <strong>incorrectly</strong>. Block type "core/table" is already registered. Please see <a href="https://developer.wordpress.org/advanced-administration/debug/debug-wordpress/">Debugging in WordPress</a> for more information. (This message was added in version 5.0.0.) in C:\xampp\htdocs\malumere\wp-includes\functions.php on line 6260
[23-Sep-2026 14:04:48 UTC] PHP Notice:  Function WP_Block_Type_Registry::register was called <strong>incorrectly</strong>. Block type "core/terms-query" is already registered. Please see <a href="https://developer.wordpress.org/advanced-administration/debug/debug-wordpress/">Debugging in WordPress</a> for more information. (This message was added in version 5.0.0.) in C:\xampp\htdocs\malumere\wp-includes\functions.php on line 6260
[23-Sep-2026 14:04:48 UTC] PHP Notice:  Function WP_Block_Type_Registry::register was called <strong>incorrectly</strong>. Block type "core/text-columns" is already registered. Please see <a href="https://developer.wordpress.org/advanced-administration/debug/debug-wordpress/">Debugging in WordPress</a> for more information. (This message was added in version 5.0.0.) in C:\xampp\htdocs\malumere\wp-includes\functions.php on line 6260
[23-Sep-2026 14:04:48 UTC] PHP Notice:  Function WP_Block_Type_Registry::register was called <strong>incorrectly</strong>. Block type "core/verse" is already registered. Please see <a href="https://developer.wordpress.org/advanced-administration/debug/debug-wordpress/">Debugging in WordPress</a> for more information. (This message was added in version 5.0.0.) in C:\xampp\htdocs\malumere\wp-includes\functions.php on line 6260
[23-Sep-2026 14:04:50 UTC] PHP Warning:  Cannot modify header information - headers already sent by (output started at C:\Users\Jay\AppData\Local\Temp\opencode\smoke10_photos.php:16) in C:\xampp\htdocs\malumere\wp-content\plugins\ma-lumiere-clinic-manager\includes\class-photo-repository.php on line 270
[23-Sep-2026 14:04:50 UTC] PHP Warning:  Cannot modify header information - headers already sent by (output started at C:\Users\Jay\AppData\Local\Temp\opencode\smoke10_photos.php:16) in C:\xampp\htdocs\malumere\wp-content\plugins\ma-lumiere-clinic-manager\includes\class-photo-repository.php on line 271
[23-Sep-2026 14:04:50 UTC] PHP Warning:  Cannot modify header information - headers already sent by (output started at C:\Users\Jay\AppData\Local\Temp\opencode\smoke10_photos.php:16) in C:\xampp\htdocs\malumere\wp-content\plugins\ma-lumiere-clinic-manager\includes\class-photo-repository.php on line 272
[23-Sep-2026 14:04:50 UTC] PHP Warning:  Cannot modify header information - headers already sent by (output started at C:\Users\Jay\AppData\Local\Temp\opencode\smoke10_photos.php:16) in C:\xampp\htdocs\malumere\wp-content\plugins\ma-lumiere-clinic-manager\includes\class-photo-repository.php on line 273
[23-Sep-2026 14:04:50 UTC] PHP Warning:  Cannot modify header information - headers already sent by (output started at C:\Users\Jay\AppData\Local\Temp\opencode\smoke10_photos.php:16) in C:\xampp\htdocs\malumere\wp-content\plugins\ma-lumiere-clinic-manager\includes\class-photo-repository.php on line 274
[23-Sep-2026 14:04:51 UTC] PHP Warning:  Undefined variable $ml_state in C:\xampp\htdocs\malumere\wp-content\plugins\ma-lumiere-clinic-manager\admin\views\billing.php on line 391
[23-Sep-2026 14:04:51 UTC] PHP Warning:  Trying to access array offset on value of type null in C:\xampp\htdocs\malumere\wp-content\plugins\ma-lumiere-clinic-manager\admin\views\billing.php on line 391
[23-Sep-2026 14:04:51 UTC] PHP Warning:  Trying to access array offset on value of type null in C:\xampp\htdocs\malumere\wp-content\plugins\ma-lumiere-clinic-manager\admin\views\billing.php on line 399
[23-Sep-2026 14:04:51 UTC] PHP Warning:  Trying to access array offset on value of type null in C:\xampp\htdocs\malumere\wp-content\plugins\ma-lumiere-clinic-manager\admin\views\billing.php on line 399
[23-Sep-2026 14:04:52 UTC] PHP Notice:  Function wpdb::prepare was called <strong>incorrectly</strong>. Unsupported value type (array). Please see <a href="https://developer.wordpress.org/advanced-administration/debug/debug-wordpress/">Debugging in WordPress</a> for more information. (This message was added in version 4.8.2.) in C:\xampp\htdocs\malumere\wp-includes\functions.php on line 6260
[23-Sep-2026 14:24:58 UTC] PHP Notice:  Function WP_Icon_Collections_Registry::register was called <strong>incorrectly</strong>. Icon collection is already registered. Please see <a href="https://developer.wordpress.org/advanced-administration/debug/debug-wordpress/">Debugging in WordPress</a> for more information. (This message was added in version 7.1.0.) in C:\xampp\htdocs\malumere\wp-includes\functions.php on line 6260
[23-Sep-2026 14:24:58 UTC] PHP Notice:  Function WP_Font_Library::register_font_collection was called <strong>incorrectly</strong>. Font collection with slug: "google-fonts" is already registered. Please see <a href="https://developer.wordpress.org/advanced-administration/debug/debug-wordpress/">Debugging in WordPress</a> for more information. (This message was added in version 6.5.0.) in C:\xampp\htdocs\malumere\wp-includes\functions.php on line 6260
[23-Sep-2026 14:24:58 UTC] PHP Notice:  Function WP_Icons_Registry::register was called <strong>incorrectly</strong>. Icon is already registered. Please see <a href="https://developer.wordpress.org/advanced-administration/debug/debug-wordpress/">Debugging in WordPress</a> for more information. (This message was added in version 7.1.0.) in C:\xampp\htdocs\malumere\wp-includes\functions.php on line 6260
[23-Sep-2026 14:24:58 UTC] PHP Notice:  Function WP_Icons_Registry::register was called <strong>incorrectly</strong>. Icon is already registered. Please see <a href="https://developer.wordpress.org/advanced-administration/debug/debug-wordpress/">Debugging in WordPress</a> for more information. (This message was added in version 7.1.0.) in C:\xampp\htdocs\malumere\wp-includes\functions.php on line 6260
[23-Sep-2026 14:24:58 UTC] PHP Notice:  Function WP_Icons_Registry::register was called <strong>incorrectly</strong>. Icon is already registered. Please see <a href="https://developer.wordpress.org/advanced-administration/debug/debug-wordpress/">Debugging in WordPress</a> for more information. (This message was added in version 7.1.0.) in C:\xampp\htdocs\malumere\wp-includes\functions.php on line 6260
[23-Sep-2026 14:24:58 UTC] PHP Notice:  Function WP_Icons_Registry::register was called <strong>incorrectly</strong>. Icon is already registered. Please see <a href="https://developer.wordpress.org/advanced-administration/debug/debug-wordpress/">Debugging in WordPress</a> for more information. (This message was added in version 7.1.0.) in C:\xampp\htdocs\malumere\wp-includes\functions.php on line 6260
[23-Sep-2026 14:24:58 UTC] PHP Notice:  Function WP_Icons_Registry::register was called <strong>incorrectly</strong>. Icon is already registered. Please see <a href="https://developer.wordpress.org/advanced-administration/debug/debug-wordpress/">Debugging in WordPress</a> for more information. (This message was added in version 7.1.0.) in C:\xampp\htdocs\malumere\wp-includes\functions.php on line 6260
[23-Sep-2026 14:24:58 UTC] PHP Notice:  Function WP_Icons_Registry::register was called <strong>incorrectly</strong>. Icon is already registered. Please see <a href="https://developer.wordpress.org/advanced-administration/debug/debug-wordpress/">Debugging in WordPress</a> for more information. (This message was added in version 7.1.0.) in C:\xampp\htdocs\malumere\wp-includes\functions.php on line 6260
[23-Sep-2026 14:24:58 UTC] PHP Notice:  Function WP_Icons_Registry::register was called <strong>incorrectly</strong>. Icon is already registered. Please see <a href="https://developer.wordpress.org/advanced-administration/debug/debug-wordpress/">Debugging in WordPress</a> for more information. (This message was added in version 7.1.0.) in C:\xampp\htdocs\malumere\wp-includes\functions.php on line 6260
[23-Sep-2026 14:24:58 UTC] PHP Notice:  Function WP_Icons_Registry::register was called <strong>incorrectly</strong>. Icon is already registered. Please see <a href="https://developer.wordpress.org/advanced-administration/debug/debug-wordpress/">Debugging in WordPress</a> for more information. (This message was added in version 7.1.0.) in C:\xampp\htdocs\malumere\wp-includes\functions.php on line 6260
[23-Sep-2026 14:24:58 UTC] PHP Notice:  Function WP_Icons_Registry::register was called <strong>incorrectly</strong>. Icon is already registered. Please see <a href="https://developer.wordpress.org/advanced-administration/debug/debug-wordpress/">Debugging in WordPress</a> for more information. (This message was added in version 7.1.0.) in C:\xampp\htdocs\malumere\wp-includes\functions.php on line 6260
[23-Sep-2026 14:24:58 UTC] PHP Notice:  Function WP_Icons_Registry::register was called <strong>incorrectly</strong>. Icon is already registered. Please see <a href="https://developer.wordpress.org/advanced-administration/debug/debug-wordpress/">Debugging in WordPress</a> for more information. (This message was added in version 7.1.0.) in C:\xampp\htdocs\malumere\wp-includes\functions.php on line 6260
[23-Sep-2026 14:24:58 UTC] PHP Notice:  Function WP_Icons_Registry::register was called <strong>incorrectly</strong>. Icon is already registered. Please see <a href="https://developer.wordpress.org/advanced-administration/debug/debug-wordpress/">Debugging in WordPress</a> for more information. (This message was added in version 7.1.0.) in C:\xampp\htdocs\malumere\wp-includes\functions.php on line 6260
[23-Sep-2026 14:24:58 UTC] PHP Notice:  Function WP_Icons_Registry::register was called <strong>incorrectly</strong>. Icon is already registered. Please see <a href="https://developer.wordpress.org/advanced-administration/debug/debug-wordpress/">Debugging in WordPress</a> for more information. (This message was added in version 7.1.0.) in C:\xampp\htdocs\malumere\wp-includes\functions.php on line 6260
[23-Sep-2026 14:24:58 UTC] PHP Notice:  Function WP_Icons_Registry::register was called <strong>incorrectly</strong>. Icon is already registered. Please see <a href="https://developer.wordpress.org/advanced-administration/debug/debug-wordpress/">Debugging in WordPress</a> for more information. (This message was added in version 7.1.0.) in C:\xampp\htdocs\malumere\wp-includes\functions.php on line 6260
[23-Sep-2026 14:24:58 UTC] PHP Notice:  Function WP_Icons_Registry::register was called <strong>incorrectly</strong>. Icon is already registered. Please see <a href="https://developer.wordpress.org/advanced-administration/debug/debug-wordpress/">Debugging in WordPress</a> for more information. (This message was added in version 7.1.0.) in C:\xampp\htdocs\malumere\wp-includes\functions.php on line 6260
[23-Sep-2026 14:24:58 UTC] PHP Notice:  Function WP_Icons_Registry::register was called <strong>incorrectly</strong>. Icon is already registered. Please see <a href="https://developer.wordpress.org/advanced-administration/debug/debug-wordpress/">Debugging in WordPress</a> for more information. (This message was added in version 7.1.0.) in C:\xampp\htdocs\malumere\wp-includes\functions.php on line 6260
[23-Sep-2026 14:24:58 UTC] PHP Notice:  Function WP_Icons_Registry::register was called <strong>incorrectly</strong>. Icon is already registered. Please see <a href="https://developer.wordpress.org/advanced-administration/debug/debug-wordpress/">Debugging in WordPress</a> for more information. (This message was added in version 7.1.0.) in C:\xampp\htdocs\malumere\wp-includes\functions.php on line 6260
[23-Sep-2026 14:24:58 UTC] PHP Notice:  Function WP_Icons_Registry::register was called <strong>incorrectly</strong>. Icon is already registered. Please see <a href="https://developer.wordpress.org/advanced-administration/debug/debug-wordpress/">Debugging in WordPress</a> for more information. (This message was added in version 7.1.0.) in C:\xampp\htdocs\malumere\wp-includes\functions.php on line 6260
[23-Sep-2026 14:24:58 UTC] PHP Notice:  Function WP_Icons_Registry::register was called <strong>incorrectly</strong>. Icon is already registered. Please see <a href="https://developer.wordpress.org/advanced-administration/debug/debug-wordpress/">Debugging in WordPress</a> for more information. (This message was added in version 7.1.0.) in C:\xampp\htdocs\malumere\wp-includes\functions.php on line 6260
[23-Sep-2026 14:24:58 UTC] PHP Notice:  Function WP_Icons_Registry::register was called <strong>incorrectly</strong>. Icon is already registered. Please see <a href="https://developer.wordpress.org/advanced-administration/debug/debug-wordpress/">Debugging in WordPress</a> for more information. (This message was added in version 7.1.0.) in C:\xampp\htdocs\malumere\wp-includes\functions.php on line 6260
[23-Sep-2026 14:24:58 UTC] PHP Notice:  Function WP_Icons_Registry::register was called <strong>incorrectly</strong>. Icon is already registered. Please see <a href="https://developer.wordpress.org/advanced-administration/debug/debug-wordpress/">Debugging in WordPress</a> for more information. (This message was added in version 7.1.0.) in C:\xampp\htdocs\malumere\wp-includes\functions.php on line 6260
[23-Sep-2026 14:24:58 UTC] PHP Notice:  Function WP_Icons_Registry::register was called <strong>incorrectly</strong>. Icon is already registered. Please see <a href="https://developer.wordpress.org/advanced-administration/debug/debug-wordpress/">Debugging in WordPress</a> for more information. (This message was added in version 7.1.0.) in C:\xampp\htdocs\malumere\wp-includes\functions.php on line 6260
[23-Sep-2026 14:24:58 UTC] PHP Notice:  Function WP_Icons_Registry::register was called <strong>incorrectly</strong>. Icon is already registered. Please see <a href="https://developer.wordpress.org/advanced-administration/debug/debug-wordpress/">Debugging in WordPress</a> for more information. (This message was added in version 7.1.0.) in C:\xampp\htdocs\malumere\wp-includes\functions.php on line 6260
[23-Sep-2026 14:24:58 UTC] PHP Notice:  Function WP_Icons_Registry::register was called <strong>incorrectly</strong>. Icon is already registered. Please see <a href="https://developer.wordpress.org/advanced-administration/debug/debug-wordpress/">Debugging in WordPress</a> for more information. (This message was added in version 7.1.0.) in C:\xampp\htdocs\malumere\wp-includes\functions.php on line 6260
[23-Sep-2026 14:24:58 UTC] PHP Notice:  Function WP_Icons_Registry::register was called <strong>incorrectly</strong>. Icon is already registered. Please see <a href="https://developer.wordpress.org/advanced-administration/debug/debug-wordpress/">Debugging in WordPress</a> for more information. (This message was added in version 7.1.0.) in C:\xampp\htdocs\malumere\wp-includes\functions.php on line 6260
[23-Sep-2026 14:24:58 UTC] PHP Notice:  Function WP_Icons_Registry::register was called <strong>incorrectly</strong>. Icon is already registered. Please see <a href="https://developer.wordpress.org/advanced-administration/debug/debug-wordpress/">Debugging in WordPress</a> for more information. (This message was added in version 7.1.0.) in C:\xampp\htdocs\malumere\wp-includes\functions.php on line 6260
[23-Sep-2026 14:24:58 UTC] PHP Notice:  Function WP_Icons_Registry::register was called <strong>incorrectly</strong>. Icon is already registered. Please see <a href="https://developer.wordpress.org/advanced-administration/debug/debug-wordpress/">Debugging in WordPress</a> for more information. (This message was added in version 7.1.0.) in C:\xampp\htdocs\malumere\wp-includes\functions.php on line 6260
[23-Sep-2026 14:24:58 UTC] PHP Notice:  Function WP_Icons_Registry::register was called <strong>incorrectly</strong>. Icon is already registered. Please see <a href="https://developer.wordpress.org/advanced-administration/debug/debug-wordpress/">Debugging in WordPress</a> for more information. (This message was added in version 7.1.0.) in C:\xampp\htdocs\malumere\wp-includes\functions.php on line 6260
[23-Sep-2026 14:24:58 UTC] PHP Notice:  Function WP_Icons_Registry::register was called <strong>incorrectly</strong>. Icon is already registered. Please see <a href="https://developer.wordpress.org/advanced-administration/debug/debug-wordpress/">Debugging in WordPress</a> for more information. (This message was added in version 7.1.0.) in C:\xampp\htdocs\malumere\wp-includes\functions.php on line 6260
[23-Sep-2026 14:24:58 UTC] PHP Notice:  Function WP_Icons_Registry::register was called <strong>incorrectly</strong>. Icon is already registered. Please see <a href="https://developer.wordpress.org/advanced-administration/debug/debug-wordpress/">Debugging in WordPress</a> for more information. (This message was added in version 7.1.0.) in C:\xampp\htdocs\malumere\wp-includes\functions.php on line 6260
[23-Sep-2026 14:24:58 UTC] PHP Notice:  Function WP_Icons_Registry::register was called <strong>incorrectly</strong>. Icon is already registered. Please see <a href="https://developer.wordpress.org/advanced-administration/debug/debug-wordpress/">Debugging in WordPress</a> for more information. (This message was added in version 7.1.0.) in C:\xampp\htdocs\malumere\wp-includes\functions.php on line 6260
[23-Sep-2026 14:24:58 UTC] PHP Notice:  Function WP_Icons_Registry::register was called <strong>incorrectly</strong>. Icon is already registered. Please see <a href="https://developer.wordpress.org/advanced-administration/debug/debug-wordpress/">Debugging in WordPress</a> for more information. (This message was added in version 7.1.0.) in C:\xampp\htdocs\malumere\wp-includes\functions.php on line 6260
[23-Sep-2026 14:24:58 UTC] PHP Notice:  Function WP_Icons_Registry::register was called <strong>incorrectly</strong>. Icon is already registered. Please see <a href="https://developer.wordpress.org/advanced-administration/debug/debug-wordpress/">Debugging in WordPress</a> for more information. (This message was added in version 7.1.0.) in C:\xampp\htdocs\malumere\wp-includes\functions.php on line 6260
[23-Sep-2026 14:24:58 UTC] PHP Notice:  Function WP_Icons_Registry::register was called <strong>incorrectly</strong>. Icon is already registered. Please see <a href="https://developer.wordpress.org/advanced-administration/debug/debug-wordpress/">Debugging in WordPress</a> for more information. (This message was added in version 7.1.0.) in C:\xampp\htdocs\malumere\wp-includes\functions.php on line 6260
[23-Sep-2026 14:24:58 UTC] PHP Notice:  Function WP_Icons_Registry::register was called <strong>incorrectly</strong>. Icon is already registered. Please see <a href="https://developer.wordpress.org/advanced-administration/debug/debug-wordpress/">Debugging in WordPress</a> for more information. (This message was added in version 7.1.0.) in C:\xampp\htdocs\malumere\wp-includes\functions.php on line 6260
[23-Sep-2026 14:24:58 UTC] PHP Notice:  Function WP_Icons_Registry::register was called <strong>incorrectly</strong>. Icon is already registered. Please see <a href="https://developer.wordpress.org/advanced-administration/debug/debug-wordpress/">Debugging in WordPress</a> for more information. (This message was added in version 7.1.0.) in C:\xampp\htdocs\malumere\wp-includes\functions.php on line 6260
[23-Sep-2026 14:24:58 UTC] PHP Notice:  Function WP_Icons_Registry::register was called <strong>incorrectly</strong>. Icon is already registered. Please see <a href="https://developer.wordpress.org/advanced-administration/debug/debug-wordpress/">Debugging in WordPress</a> for more information. (This message was added in version 7.1.0.) in C:\xampp\htdocs\malumere\wp-includes\functions.php on line 6260
[23-Sep-2026 14:24:58 UTC] PHP Notice:  Function WP_Icons_Registry::register was called <strong>incorrectly</strong>. Icon is already registered. Please see <a href="https://developer.wordpress.org/advanced-administration/debug/debug-wordpress/">Debugging in WordPress</a> for more information. (This message was added in version 7.1.0.) in C:\xampp\htdocs\malumere\wp-includes\functions.php on line 6260
[23-Sep-2026 14:24:58 UTC] PHP Notice:  Function WP_Icons_Registry::register was called <strong>incorrectly</strong>. Icon is already registered. Please see <a href="https://developer.wordpress.org/advanced-administration/debug/debug-wordpress/">Debugging in WordPress</a> for more information. (This message was added in version 7.1.0.) in C:\xampp\htdocs\malumere\wp-includes\functions.php on line 6260
[23-Sep-2026 14:24:58 UTC] PHP Notice:  Function WP_Icons_Registry::register was called <strong>incorrectly</strong>. Icon is already registered. Please see <a href="https://developer.wordpress.org/advanced-administration/debug/debug-wordpress/">Debugging in WordPress</a> for more information. (This message was added in version 7.1.0.) in C:\xampp\htdocs\malumere\wp-includes\functions.php on line 6260
[23-Sep-2026 14:24:58 UTC] PHP Notice:  Function WP_Icons_Registry::register was called <strong>incorrectly</strong>. Icon is already registered. Please see <a href="https://developer.wordpress.org/advanced-administration/debug/debug-wordpress/">Debugging in WordPress</a> for more information. (This message was added in version 7.1.0.) in C:\xampp\htdocs\malumere\wp-includes\functions.php on line 6260
[23-Sep-2026 14:24:58 UTC] PHP Notice:  Function WP_Icons_Registry::register was called <strong>incorrectly</strong>. Icon is already registered. Please see <a href="https://developer.wordpress.org/advanced-administration/debug/debug-wordpress/">Debugging in WordPress</a> for more information. (This message was added in version 7.1.0.) in C:\xampp\htdocs\malumere\wp-includes\functions.php on line 6260
[23-Sep-2026 14:24:58 UTC] PHP Notice:  Function WP_Icons_Registry::register was called <strong>incorrectly</strong>. Icon is already registered. Please see <a href="https://developer.wordpress.org/advanced-administration/debug/debug-wordpress/">Debugging in WordPress</a> for more information. (This message was added in version 7.1.0.) in C:\xampp\htdocs\malumere\wp-includes\functions.php on line 6260
[23-Sep-2026 14:24:58 UTC] PHP Notice:  Function WP_Icons_Registry::register was called <strong>incorrectly</strong>. Icon is already registered. Please see <a href="https://developer.wordpress.org/advanced-administration/debug/debug-wordpress/">Debugging in WordPress</a> for more information. (This message was added in version 7.1.0.) in C:\xampp\htdocs\malumere\wp-includes\functions.php on line 6260
[23-Sep-2026 14:24:58 UTC] PHP Notice:  Function WP_Icons_Registry::register was called <strong>incorrectly</strong>. Icon is already registered. Please see <a href="https://developer.wordpress.org/advanced-administration/debug/debug-wordpress/">Debugging in WordPress</a> for more information. (This message was added in version 7.1.0.) in C:\xampp\htdocs\malumere\wp-includes\functions.php on line 6260
[23-Sep-2026 14:24:58 UTC] PHP Notice:  Function WP_Icons_Registry::register was called <strong>incorrectly</strong>. Icon is already registered. Please see <a href="https://developer.wordpress.org/advanced-administration/debug/debug-wordpress/">Debugging in WordPress</a> for more information. (This message was added in version 7.1.0.) in C:\xampp\htdocs\malumere\wp-includes\functions.php on line 6260
[23-Sep-2026 14:24:58 UTC] PHP Notice:  Function WP_Icons_Registry::register was called <strong>incorrectly</strong>. Icon is already registered. Please see <a href="https://developer.wordpress.org/advanced-administration/debug/debug-wordpress/">Debugging in WordPress</a> for more information. (This message was added in version 7.1.0.) in C:\xampp\htdocs\malumere\wp-includes\functions.php on line 6260
[23-Sep-2026 14:24:58 UTC] PHP Notice:  Function WP_Icons_Registry::register was called <strong>incorrectly</strong>. Icon is already registered. Please see <a href="https://developer.wordpress.org/advanced-administration/debug/debug-wordpress/">Debugging in WordPress</a> for more information. (This message was added in version 7.1.0.) in C:\xampp\htdocs\malumere\wp-includes\functions.php on line 6260
[23-Sep-2026 14:24:58 UTC] PHP Notice:  Function WP_Icons_Registry::register was called <strong>incorrectly</strong>. Icon is already registered. Please see <a href="https://developer.wordpress.org/advanced-administration/debug/debug-wordpress/">Debugging in WordPress</a> for more information. (This message was added in version 7.1.0.) in C:\xampp\htdocs\malumere\wp-includes\functions.php on line 6260
[23-Sep-2026 14:24:58 UTC] PHP Notice:  Function WP_Icons_Registry::register was called <strong>incorrectly</strong>. Icon is already registered. Please see <a href="https://developer.wordpress.org/advanced-administration/debug/debug-wordpress/">Debugging in WordPress</a> for more information. (This message was added in version 7.1.0.) in C:\xampp\htdocs\malumere\wp-includes\functions.php on line 6260
[23-Sep-2026 14:24:58 UTC] PHP Notice:  Function WP_Icons_Registry::register was called <strong>incorrectly</strong>. Icon is already registered. Please see <a href="https://developer.wordpress.org/advanced-administration/debug/debug-wordpress/">Debugging in WordPress</a> for more information. (This message was added in version 7.1.0.) in C:\xampp\htdocs\malumere\wp-includes\functions.php on line 6260
[23-Sep-2026 14:24:58 UTC] PHP Notice:  Function WP_Icons_Registry::register was called <strong>incorrectly</strong>. Icon is already registered. Please see <a href="https://developer.wordpress.org/advanced-administration/debug/debug-wordpress/">Debugging in WordPress</a> for more information. (This message was added in version 7.1.0.) in C:\xampp\htdocs\malumere\wp-includes\functions.php on line 6260
[23-Sep-2026 14:24:58 UTC] PHP Notice:  Function WP_Icons_Registry::register was called <strong>incorrectly</strong>. Icon is already registered. Please see <a href="https://developer.wordpress.org/advanced-administration/debug/debug-wordpress/">Debugging in WordPress</a> for more information. (This message was added in version 7.1.0.) in C:\xampp\htdocs\malumere\wp-includes\functions.php on line 6260
[23-Sep-2026 14:24:58 UTC] PHP Notice:  Function WP_Icons_Registry::register was called <strong>incorrectly</strong>. Icon is already registered. Please see <a href="https://developer.wordpress.org/advanced-administration/debug/debug-wordpress/">Debugging in WordPress</a> for more information. (This message was added in version 7.1.0.) in C:\xampp\htdocs\malumere\wp-includes\functions.php on line 6260
[23-Sep-2026 14:24:58 UTC] PHP Notice:  Function WP_Icons_Registry::register was called <strong>incorrectly</strong>. Icon is already registered. Please see <a href="https://developer.wordpress.org/advanced-administration/debug/debug-wordpress/">Debugging in WordPress</a> for more information. (This message was added in version 7.1.0.) in C:\xampp\htdocs\malumere\wp-includes\functions.php on line 6260
[23-Sep-2026 14:24:58 UTC] PHP Notice:  Function WP_Icons_Registry::register was called <strong>incorrectly</strong>. Icon is already registered. Please see <a href="https://developer.wordpress.org/advanced-administration/debug/debug-wordpress/">Debugging in WordPress</a> for more information. (This message was added in version 7.1.0.) in C:\xampp\htdocs\malumere\wp-includes\functions.php on line 6260
[23-Sep-2026 14:24:58 UTC] PHP Notice:  Function WP_Icons_Registry::register was called <strong>incorrectly</strong>. Icon is already registered. Please see <a href="https://developer.wordpress.org/advanced-administration/debug/debug-wordpress/">Debugging in WordPress</a> for more information. (This message was added in version 7.1.0.) in C:\xampp\htdocs\malumere\wp-includes\functions.php on line 6260
[23-Sep-2026 14:24:58 UTC] PHP Notice:  Function WP_Icons_Registry::register was called <strong>incorrectly</strong>. Icon is already registered. Please see <a href="https://developer.wordpress.org/advanced-administration/debug/debug-wordpress/">Debugging in WordPress</a> for more information. (This message was added in version 7.1.0.) in C:\xampp\htdocs\malumere\wp-includes\functions.php on line 6260
[23-Sep-2026 14:24:58 UTC] PHP Notice:  Function WP_Icons_Registry::register was called <strong>incorrectly</strong>. Icon is already registered. Please see <a href="https://developer.wordpress.org/advanced-administration/debug/debug-wordpress/">Debugging in WordPress</a> for more information. (This message was added in version 7.1.0.) in C:\xampp\htdocs\malumere\wp-includes\functions.php on line 6260
[23-Sep-2026 14:24:58 UTC] PHP Notice:  Function WP_Icons_Registry::register was called <strong>incorrectly</strong>. Icon is already registered. Please see <a href="https://developer.wordpress.org/advanced-administration/debug/debug-wordpress/">Debugging in WordPress</a> for more information. (This message was added in version 7.1.0.) in C:\xampp\htdocs\malumere\wp-includes\functions.php on line 6260
[23-Sep-2026 14:24:58 UTC] PHP Notice:  Function WP_Icons_Registry::register was called <strong>incorrectly</strong>. Icon is already registered. Please see <a href="https://developer.wordpress.org/advanced-administration/debug/debug-wordpress/">Debugging in WordPress</a> for more information. (This message was added in version 7.1.0.) in C:\xampp\htdocs\malumere\wp-includes\functions.php on line 6260
[23-Sep-2026 14:24:58 UTC] PHP Notice:  Function WP_Icons_Registry::register was called <strong>incorrectly</strong>. Icon is already registered. Please see <a href="https://developer.wordpress.org/advanced-administration/debug/debug-wordpress/">Debugging in WordPress</a> for more information. (This message was added in version 7.1.0.) in C:\xampp\htdocs\malumere\wp-includes\functions.php on line 6260
[23-Sep-2026 14:24:58 UTC] PHP Notice:  Function WP_Icons_Registry::register was called <strong>incorrectly</strong>. Icon is already registered. Please see <a href="https://developer.wordpress.org/advanced-administration/debug/debug-wordpress/">Debugging in WordPress</a> for more information. (This message was added in version 7.1.0.) in C:\xampp\htdocs\malumere\wp-includes\functions.php on line 6260
[23-Sep-2026 14:24:58 UTC] PHP Notice:  Function WP_Icons_Registry::register was called <strong>incorrectly</strong>. Icon is already registered. Please see <a href="https://developer.wordpress.org/advanced-administration/debug/debug-wordpress/">Debugging in WordPress</a> for more information. (This message was added in version 7.1.0.) in C:\xampp\htdocs\malumere\wp-includes\functions.php on line 6260
[23-Sep-2026 14:24:58 UTC] PHP Notice:  Function WP_Icons_Registry::register was called <strong>incorrectly</strong>. Icon is already registered. Please see <a href="https://developer.wordpress.org/advanced-administration/debug/debug-wordpress/">Debugging in WordPress</a> for more information. (This message was added in version 7.1.0.) in C:\xampp\htdocs\malumere\wp-includes\functions.php on line 6260
[23-Sep-2026 14:24:58 UTC] PHP Notice:  Function WP_Icons_Registry::register was called <strong>incorrectly</strong>. Icon is already registered. Please see <a href="https://developer.wordpress.org/advanced-administration/debug/debug-wordpress/">Debugging in WordPress</a> for more information. (This message was added in version 7.1.0.) in C:\xampp\htdocs\malumere\wp-includes\functions.php on line 6260
[23-Sep-2026 14:24:58 UTC] PHP Notice:  Function WP_Icons_Registry::register was called <strong>incorrectly</strong>. Icon is already registered. Please see <a href="https://developer.wordpress.org/advanced-administration/debug/debug-wordpress/">Debugging in WordPress</a> for more information. (This message was added in version 7.1.0.) in C:\xampp\htdocs\malumere\wp-includes\functions.php on line 6260
[23-Sep-2026 14:24:58 UTC] PHP Notice:  Function WP_Icons_Registry::register was called <strong>incorrectly</strong>. Icon is already registered. Please see <a href="https://developer.wordpress.org/advanced-administration/debug/debug-wordpress/">Debugging in WordPress</a> for more information. (This message was added in version 7.1.0.) in C:\xampp\htdocs\malumere\wp-includes\functions.php on line 6260
[23-Sep-2026 14:24:58 UTC] PHP Notice:  Function WP_Icons_Registry::register was called <strong>incorrectly</strong>. Icon is already registered. Please see <a href="https://developer.wordpress.org/advanced-administration/debug/debug-wordpress/">Debugging in WordPress</a> for more information. (This message was added in version 7.1.0.) in C:\xampp\htdocs\malumere\wp-includes\functions.php on line 6260
[23-Sep-2026 14:24:58 UTC] PHP Notice:  Function WP_Icons_Registry::register was called <strong>incorrectly</strong>. Icon is already registered. Please see <a href="https://developer.wordpress.org/advanced-administration/debug/debug-wordpress/">Debugging in WordPress</a> for more information. (This message was added in version 7.1.0.) in C:\xampp\htdocs\malumere\wp-includes\functions.php on line 6260
[23-Sep-2026 14:24:58 UTC] PHP Notice:  Function WP_Icons_Registry::register was called <strong>incorrectly</strong>. Icon is already registered. Please see <a href="https://developer.wordpress.org/advanced-administration/debug/debug-wordpress/">Debugging in WordPress</a> for more information. (This message was added in version 7.1.0.) in C:\xampp\htdocs\malumere\wp-includes\functions.php on line 6260
[23-Sep-2026 14:24:58 UTC] PHP Notice:  Function WP_Icons_Registry::register was called <strong>incorrectly</strong>. Icon is already registered. Please see <a href="https://developer.wordpress.org/advanced-administration/debug/debug-wordpress/">Debugging in WordPress</a> for more information. (This message was added in version 7.1.0.) in C:\xampp\htdocs\malumere\wp-includes\functions.php on line 6260
[23-Sep-2026 14:24:58 UTC] PHP Notice:  Function WP_Icons_Registry::register was called <strong>incorrectly</strong>. Icon is already registered. Please see <a href="https://developer.wordpress.org/advanced-administration/debug/debug-wordpress/">Debugging in WordPress</a> for more information. (This message was added in version 7.1.0.) in C:\xampp\htdocs\malumere\wp-includes\functions.php on line 6260
[23-Sep-2026 14:24:58 UTC] PHP Notice:  Function WP_Icons_Registry::register was called <strong>incorrectly</strong>. Icon is already registered. Please see <a href="https://developer.wordpress.org/advanced-administration/debug/debug-wordpress/">Debugging in WordPress</a> for more information. (This message was added in version 7.1.0.) in C:\xampp\htdocs\malumere\wp-includes\functions.php on line 6260
[23-Sep-2026 14:24:58 UTC] PHP Notice:  Function WP_Icons_Registry::register was called <strong>incorrectly</strong>. Icon is already registered. Please see <a href="https://developer.wordpress.org/advanced-administration/debug/debug-wordpress/">Debugging in WordPress</a> for more information. (This message was added in version 7.1.0.) in C:\xampp\htdocs\malumere\wp-includes\functions.php on line 6260
[23-Sep-2026 14:24:58 UTC] PHP Notice:  Function WP_Icons_Registry::register was called <strong>incorrectly</strong>. Icon is already registered. Please see <a href="https://developer.wordpress.org/advanced-administration/debug/debug-wordpress/">Debugging in WordPress</a> for more information. (This message was added in version 7.1.0.) in C:\xampp\htdocs\malumere\wp-includes\functions.php on line 6260
[23-Sep-2026 14:24:58 UTC] PHP Notice:  Function WP_Icons_Registry::register was called <strong>incorrectly</strong>. Icon is already registered. Please see <a href="https://developer.wordpress.org/advanced-administration/debug/debug-wordpress/">Debugging in WordPress</a> for more information. (This message was added in version 7.1.0.) in C:\xampp\htdocs\malumere\wp-includes\functions.php on line 6260
[23-Sep-2026 14:24:58 UTC] PHP Notice:  Function WP_Icons_Registry::register was called <strong>incorrectly</strong>. Icon is already registered. Please see <a href="https://developer.wordpress.org/advanced-administration/debug/debug-wordpress/">Debugging in WordPress</a> for more information. (This message was added in version 7.1.0.) in C:\xampp\htdocs\malumere\wp-includes\functions.php on line 6260
[23-Sep-2026 14:24:58 UTC] PHP Notice:  Function WP_Icons_Registry::register was called <strong>incorrectly</strong>. Icon is already registered. Please see <a href="https://developer.wordpress.org/advanced-administration/debug/debug-wordpress/">Debugging in WordPress</a> for more information. (This message was added in version 7.1.0.) in C:\xampp\htdocs\malumere\wp-includes\functions.php on line 6260
[23-Sep-2026 14:24:58 UTC] PHP Notice:  Function WP_Icons_Registry::register was called <strong>incorrectly</strong>. Icon is already registered. Please see <a href="https://developer.wordpress.org/advanced-administration/debug/debug-wordpress/">Debugging in WordPress</a> for more information. (This message was added in version 7.1.0.) in C:\xampp\htdocs\malumere\wp-includes\functions.php on line 6260
[23-Sep-2026 14:24:58 UTC] PHP Notice:  Function WP_Icons_Registry::register was called <strong>incorrectly</strong>. Icon is already registered. Please see <a href="https://developer.wordpress.org/advanced-administration/debug/debug-wordpress/">Debugging in WordPress</a> for more information. (This message was added in version 7.1.0.) in C:\xampp\htdocs\malumere\wp-includes\functions.php on line 6260
[23-Sep-2026 14:24:58 UTC] PHP Notice:  Function WP_Icons_Registry::register was called <strong>incorrectly</strong>. Icon is already registered. Please see <a href="https://developer.wordpress.org/advanced-administration/debug/debug-wordpress/">Debugging in WordPress</a> for more information. (This message was added in version 7.1.0.) in C:\xampp\htdocs\malumere\wp-includes\functions.php on line 6260
[23-Sep-2026 14:24:58 UTC] PHP Notice:  Function WP_Icons_Registry::register was called <strong>incorrectly</strong>. Icon is already registered. Please see <a href="https://developer.wordpress.org/advanced-administration/debug/debug-wordpress/">Debugging in WordPress</a> for more information. (This message was added in version 7.1.0.) in C:\xampp\htdocs\malumere\wp-includes\functions.php on line 6260
[23-Sep-2026 14:24:58 UTC] PHP Notice:  Function WP_Icons_Registry::register was called <strong>incorrectly</strong>. Icon is already registered. Please see <a href="https://developer.wordpress.org/advanced-administration/debug/debug-wordpress/">Debugging in WordPress</a> for more information. (This message was added in version 7.1.0.) in C:\xampp\htdocs\malumere\wp-includes\functions.php on line 6260
[23-Sep-2026 14:24:58 UTC] PHP Notice:  Function WP_Icons_Registry::register was called <strong>incorrectly</strong>. Icon is already registered. Please see <a href="https://developer.wordpress.org/advanced-administration/debug/debug-wordpress/">Debugging in WordPress</a> for more information. (This message was added in version 7.1.0.) in C:\xampp\htdocs\malumere\wp-includes\functions.php on line 6260
[23-Sep-2026 14:24:58 UTC] PHP Notice:  Function WP_Icons_Registry::register was called <strong>incorrectly</strong>. Icon is already registered. Please see <a href="https://developer.wordpress.org/advanced-administration/debug/debug-wordpress/">Debugging in WordPress</a> for more information. (This message was added in version 7.1.0.) in C:\xampp\htdocs\malumere\wp-includes\functions.php on line 6260
[23-Sep-2026 14:24:58 UTC] PHP Notice:  Function WP_Icons_Registry::register was called <strong>incorrectly</strong>. Icon is already registered. Please see <a href="https://developer.wordpress.org/advanced-administration/debug/debug-wordpress/">Debugging in WordPress</a> for more information. (This message was added in version 7.1.0.) in C:\xampp\htdocs\malumere\wp-includes\functions.php on line 6260
[23-Sep-2026 14:24:58 UTC] PHP Notice:  Function WP_Icons_Registry::register was called <strong>incorrectly</strong>. Icon is already registered. Please see <a href="https://developer.wordpress.org/advanced-administration/debug/debug-wordpress/">Debugging in WordPress</a> for more information. (This message was added in version 7.1.0.) in C:\xampp\htdocs\malumere\wp-includes\functions.php on line 6260
[23-Sep-2026 14:24:58 UTC] PHP Notice:  Function WP_Icons_Registry::register was called <strong>incorrectly</strong>. Icon is already registered. Please see <a href="https://developer.wordpress.org/advanced-administration/debug/debug-wordpress/">Debugging in WordPress</a> for more information. (This message was added in version 7.1.0.) in C:\xampp\htdocs\malumere\wp-includes\functions.php on line 6260
[23-Sep-2026 14:24:58 UTC] PHP Notice:  Function WP_Block_Bindings_Registry::register was called <strong>incorrectly</strong>. Block bindings source "core/pattern-overrides" already registered. Please see <a href="https://developer.wordpress.org/advanced-administration/debug/debug-wordpress/">Debugging in WordPress</a> for more information. (This message was added in version 6.5.0.) in C:\xampp\htdocs\malumere\wp-includes\functions.php on line 6260
[23-Sep-2026 14:24:58 UTC] PHP Notice:  Function WP_Block_Bindings_Registry::register was called <strong>incorrectly</strong>. Block bindings source "core/post-data" already registered. Please see <a href="https://developer.wordpress.org/advanced-administration/debug/debug-wordpress/">Debugging in WordPress</a> for more information. (This message was added in version 6.5.0.) in C:\xampp\htdocs\malumere\wp-includes\functions.php on line 6260
[23-Sep-2026 14:24:58 UTC] PHP Notice:  Function WP_Block_Bindings_Registry::register was called <strong>incorrectly</strong>. Block bindings source "core/post-meta" already registered. Please see <a href="https://developer.wordpress.org/advanced-administration/debug/debug-wordpress/">Debugging in WordPress</a> for more information. (This message was added in version 6.5.0.) in C:\xampp\htdocs\malumere\wp-includes\functions.php on line 6260
[23-Sep-2026 14:24:58 UTC] PHP Notice:  Function WP_Block_Type_Registry::register was called <strong>incorrectly</strong>. Block type "core/legacy-widget" is already registered. Please see <a href="https://developer.wordpress.org/advanced-administration/debug/debug-wordpress/">Debugging in WordPress</a> for more information. (This message was added in version 5.0.0.) in C:\xampp\htdocs\malumere\wp-includes\functions.php on line 6260
[23-Sep-2026 14:24:58 UTC] PHP Notice:  Function WP_Block_Type_Registry::register was called <strong>incorrectly</strong>. Block type "core/widget-group" is already registered. Please see <a href="https://developer.wordpress.org/advanced-administration/debug/debug-wordpress/">Debugging in WordPress</a> for more information. (This message was added in version 5.0.0.) in C:\xampp\htdocs\malumere\wp-includes\functions.php on line 6260
[23-Sep-2026 14:24:58 UTC] PHP Notice:  Function WP_Block_Type_Registry::register was called <strong>incorrectly</strong>. Block type "core/accordion" is already registered. Please see <a href="https://developer.wordpress.org/advanced-administration/debug/debug-wordpress/">Debugging in WordPress</a> for more information. (This message was added in version 5.0.0.) in C:\xampp\htdocs\malumere\wp-includes\functions.php on line 6260
[23-Sep-2026 14:24:58 UTC] PHP Notice:  Function WP_Block_Type_Registry::register was called <strong>incorrectly</strong>. Block type "core/accordion-item" is already registered. Please see <a href="https://developer.wordpress.org/advanced-administration/debug/debug-wordpress/">Debugging in WordPress</a> for more information. (This message was added in version 5.0.0.) in C:\xampp\htdocs\malumere\wp-includes\functions.php on line 6260
[23-Sep-2026 14:24:58 UTC] PHP Notice:  Function WP_Block_Type_Registry::register was called <strong>incorrectly</strong>. Block type "core/archives" is already registered. Please see <a href="https://developer.wordpress.org/advanced-administration/debug/debug-wordpress/">Debugging in WordPress</a> for more information. (This message was added in version 5.0.0.) in C:\xampp\htdocs\malumere\wp-includes\functions.php on line 6260
[23-Sep-2026 14:24:58 UTC] PHP Notice:  Function WP_Block_Type_Registry::register was called <strong>incorrectly</strong>. Block type "core/avatar" is already registered. Please see <a href="https://developer.wordpress.org/advanced-administration/debug/debug-wordpress/">Debugging in WordPress</a> for more information. (This message was added in version 5.0.0.) in C:\xampp\htdocs\malumere\wp-includes\functions.php on line 6260
[23-Sep-2026 14:24:58 UTC] PHP Notice:  Function WP_Block_Type_Registry::register was called <strong>incorrectly</strong>. Block type "core/block" is already registered. Please see <a href="https://developer.wordpress.org/advanced-administration/debug/debug-wordpress/">Debugging in WordPress</a> for more information. (This message was added in version 5.0.0.) in C:\xampp\htdocs\malumere\wp-includes\functions.php on line 6260
[23-Sep-2026 14:24:58 UTC] PHP Notice:  Function WP_Block_Type_Registry::register was called <strong>incorrectly</strong>. Block type "core/breadcrumbs" is already registered. Please see <a href="https://developer.wordpress.org/advanced-administration/debug/debug-wordpress/">Debugging in WordPress</a> for more information. (This message was added in version 5.0.0.) in C:\xampp\htdocs\malumere\wp-includes\functions.php on line 6260
[23-Sep-2026 14:24:58 UTC] PHP Notice:  Function WP_Block_Type_Registry::register was called <strong>incorrectly</strong>. Block type "core/button" is already registered. Please see <a href="https://developer.wordpress.org/advanced-administration/debug/debug-wordpress/">Debugging in WordPress</a> for more information. (This message was added in version 5.0.0.) in C:\xampp\htdocs\malumere\wp-includes\functions.php on line 6260
[23-Sep-2026 14:24:58 UTC] PHP Notice:  Function WP_Block_Type_Registry::register was called <strong>incorrectly</strong>. Block type "core/calendar" is already registered. Please see <a href="https://developer.wordpress.org/advanced-administration/debug/debug-wordpress/">Debugging in WordPress</a> for more information. (This message was added in version 5.0.0.) in C:\xampp\htdocs\malumere\wp-includes\functions.php on line 6260
[23-Sep-2026 14:24:58 UTC] PHP Notice:  Function WP_Block_Type_Registry::register was called <strong>incorrectly</strong>. Block type "core/categories" is already registered. Please see <a href="https://developer.wordpress.org/advanced-administration/debug/debug-wordpress/">Debugging in WordPress</a> for more information. (This message was added in version 5.0.0.) in C:\xampp\htdocs\malumere\wp-includes\functions.php on line 6260
[23-Sep-2026 14:24:58 UTC] PHP Notice:  Function WP_Block_Type_Registry::register was called <strong>incorrectly</strong>. Block type "core/comment-author-name" is already registered. Please see <a href="https://developer.wordpress.org/advanced-administration/debug/debug-wordpress/">Debugging in WordPress</a> for more information. (This message was added in version 5.0.0.) in C:\xampp\htdocs\malumere\wp-includes\functions.php on line 6260
[23-Sep-2026 14:24:58 UTC] PHP Notice:  Function WP_Block_Type_Registry::register was called <strong>incorrectly</strong>. Block type "core/comment-content" is already registered. Please see <a href="https://developer.wordpress.org/advanced-administration/debug/debug-wordpress/">Debugging in WordPress</a> for more information. (This message was added in version 5.0.0.) in C:\xampp\htdocs\malumere\wp-includes\functions.php on line 6260
[23-Sep-2026 14:24:58 UTC] PHP Notice:  Function WP_Block_Type_Registry::register was called <strong>incorrectly</strong>. Block type "core/comment-date" is already registered. Please see <a href="https://developer.wordpress.org/advanced-administration/debug/debug-wordpress/">Debugging in WordPress</a> for more information. (This message was added in version 5.0.0.) in C:\xampp\htdocs\malumere\wp-includes\functions.php on line 6260
[23-Sep-2026 14:24:58 UTC] PHP Notice:  Function WP_Block_Type_Registry::register was called <strong>incorrectly</strong>. Block type "core/comment-edit-link" is already registered. Please see <a href="https://developer.wordpress.org/advanced-administration/debug/debug-wordpress/">Debugging in WordPress</a> for more information. (This message was added in version 5.0.0.) in C:\xampp\htdocs\malumere\wp-includes\functions.php on line 6260
[23-Sep-2026 14:24:58 UTC] PHP Notice:  Function WP_Block_Type_Registry::register was called <strong>incorrectly</strong>. Block type "core/comment-reply-link" is already registered. Please see <a href="https://developer.wordpress.org/advanced-administration/debug/debug-wordpress/">Debugging in WordPress</a> for more information. (This message was added in version 5.0.0.) in C:\xampp\htdocs\malumere\wp-includes\functions.php on line 6260
[23-Sep-2026 14:24:58 UTC] PHP Notice:  Function WP_Block_Type_Registry::register was called <strong>incorrectly</strong>. Block type "core/comment-template" is already registered. Please see <a href="https://developer.wordpress.org/advanced-administration/debug/debug-wordpress/">Debugging in WordPress</a> for more information. (This message was added in version 5.0.0.) in C:\xampp\htdocs\malumere\wp-includes\functions.php on line 6260
[23-Sep-2026 14:24:58 UTC] PHP Notice:  Function WP_Block_Type_Registry::register was called <strong>incorrectly</strong>. Block type "core/comments" is already registered. Please see <a href="https://developer.wordpress.org/advanced-administration/debug/debug-wordpress/">Debugging in WordPress</a> for more information. (This message was added in version 5.0.0.) in C:\xampp\htdocs\malumere\wp-includes\functions.php on line 6260
[23-Sep-2026 14:24:58 UTC] PHP Notice:  Function WP_Block_Type_Registry::register was called <strong>incorrectly</strong>. Block type "core/comments-pagination" is already registered. Please see <a href="https://developer.wordpress.org/advanced-administration/debug/debug-wordpress/">Debugging in WordPress</a> for more information. (This message was added in version 5.0.0.) in C:\xampp\htdocs\malumere\wp-includes\functions.php on line 6260
[23-Sep-2026 14:24:58 UTC] PHP Notice:  Function WP_Block_Type_Registry::register was called <strong>incorrectly</strong>. Block type "core/comments-pagination-next" is already registered. Please see <a href="https://developer.wordpress.org/advanced-administration/debug/debug-wordpress/">Debugging in WordPress</a> for more information. (This message was added in version 5.0.0.) in C:\xampp\htdocs\malumere\wp-includes\functions.php on line 6260
[23-Sep-2026 14:24:58 UTC] PHP Notice:  Function WP_Block_Type_Registry::register was called <strong>incorrectly</strong>. Block type "core/comments-pagination-numbers" is already registered. Please see <a href="https://developer.wordpress.org/advanced-administration/debug/debug-wordpress/">Debugging in WordPress</a> for more information. (This message was added in version 5.0.0.) in C:\xampp\htdocs\malumere\wp-includes\functions.php on line 6260
[23-Sep-2026 14:24:58 UTC] PHP Notice:  Function WP_Block_Type_Registry::register was called <strong>incorrectly</strong>. Block type "core/comments-pagination-previous" is already registered. Please see <a href="https://developer.wordpress.org/advanced-administration/debug/debug-wordpress/">Debugging in WordPress</a> for more information. (This message was added in version 5.0.0.) in C:\xampp\htdocs\malumere\wp-includes\functions.php on line 6260
[23-Sep-2026 14:24:58 UTC] PHP Notice:  Function WP_Block_Type_Registry::register was called <strong>incorrectly</strong>. Block type "core/comments-title" is already registered. Please see <a href="https://developer.wordpress.org/advanced-administration/debug/debug-wordpress/">Debugging in WordPress</a> for more information. (This message was added in version 5.0.0.) in C:\xampp\htdocs\malumere\wp-includes\functions.php on line 6260
[23-Sep-2026 14:24:58 UTC] PHP Notice:  Function WP_Block_Type_Registry::register was called <strong>incorrectly</strong>. Block type "core/cover" is already registered. Please see <a href="https://developer.wordpress.org/advanced-administration/debug/debug-wordpress/">Debugging in WordPress</a> for more information. (This message was added in version 5.0.0.) in C:\xampp\htdocs\malumere\wp-includes\functions.php on line 6260
[23-Sep-2026 14:24:58 UTC] PHP Notice:  Function WP_Block_Type_Registry::register was called <strong>incorrectly</strong>. Block type "core/details" is already registered. Please see <a href="https://developer.wordpress.org/advanced-administration/debug/debug-wordpress/">Debugging in WordPress</a> for more information. (This message was added in version 5.0.0.) in C:\xampp\htdocs\malumere\wp-includes\functions.php on line 6260
[23-Sep-2026 14:24:58 UTC] PHP Notice:  Function WP_Block_Type_Registry::register was called <strong>incorrectly</strong>. Block type "core/file" is already registered. Please see <a href="https://developer.wordpress.org/advanced-administration/debug/debug-wordpress/">Debugging in WordPress</a> for more information. (This message was added in version 5.0.0.) in C:\xampp\htdocs\malumere\wp-includes\functions.php on line 6260
[23-Sep-2026 14:24:58 UTC] PHP Notice:  Function WP_Block_Type_Registry::register was called <strong>incorrectly</strong>. Block type "core/footnotes" is already registered. Please see <a href="https://developer.wordpress.org/advanced-administration/debug/debug-wordpress/">Debugging in WordPress</a> for more information. (This message was added in version 5.0.0.) in C:\xampp\htdocs\malumere\wp-includes\functions.php on line 6260
[23-Sep-2026 14:24:58 UTC] PHP Notice:  Function WP_Block_Type_Registry::register was called <strong>incorrectly</strong>. Block type "core/gallery" is already registered. Please see <a href="https://developer.wordpress.org/advanced-administration/debug/debug-wordpress/">Debugging in WordPress</a> for more information. (This message was added in version 5.0.0.) in C:\xampp\htdocs\malumere\wp-includes\functions.php on line 6260
[23-Sep-2026 14:24:58 UTC] PHP Notice:  Function WP_Block_Type_Registry::register was called <strong>incorrectly</strong>. Block type "core/heading" is already registered. Please see <a href="https://developer.wordpress.org/advanced-administration/debug/debug-wordpress/">Debugging in WordPress</a> for more information. (This message was added in version 5.0.0.) in C:\xampp\htdocs\malumere\wp-includes\functions.php on line 6260
[23-Sep-2026 14:24:58 UTC] PHP Notice:  Function WP_Block_Type_Registry::register was called <strong>incorrectly</strong>. Block type "core/home-link" is already registered. Please see <a href="https://developer.wordpress.org/advanced-administration/debug/debug-wordpress/">Debugging in WordPress</a> for more information. (This message was added in version 5.0.0.) in C:\xampp\htdocs\malumere\wp-includes\functions.php on line 6260
[23-Sep-2026 14:24:58 UTC] PHP Notice:  Function WP_Block_Type_Registry::register was called <strong>incorrectly</strong>. Block type "core/icon" is already registered. Please see <a href="https://developer.wordpress.org/advanced-administration/debug/debug-wordpress/">Debugging in WordPress</a> for more information. (This message was added in version 5.0.0.) in C:\xampp\htdocs\malumere\wp-includes\functions.php on line 6260
[23-Sep-2026 14:24:58 UTC] PHP Notice:  Function WP_Block_Type_Registry::register was called <strong>incorrectly</strong>. Block type "core/image" is already registered. Please see <a href="https://developer.wordpress.org/advanced-administration/debug/debug-wordpress/">Debugging in WordPress</a> for more information. (This message was added in version 5.0.0.) in C:\xampp\htdocs\malumere\wp-includes\functions.php on line 6260
[23-Sep-2026 14:24:58 UTC] PHP Notice:  Function WP_Block_Type_Registry::register was called <strong>incorrectly</strong>. Block type "core/latest-comments" is already registered. Please see <a href="https://developer.wordpress.org/advanced-administration/debug/debug-wordpress/">Debugging in WordPress</a> for more information. (This message was added in version 5.0.0.) in C:\xampp\htdocs\malumere\wp-includes\functions.php on line 6260
[23-Sep-2026 14:24:58 UTC] PHP Notice:  Function WP_Block_Type_Registry::register was called <strong>incorrectly</strong>. Block type "core/latest-posts" is already registered. Please see <a href="https://developer.wordpress.org/advanced-administration/debug/debug-wordpress/">Debugging in WordPress</a> for more information. (This message was added in version 5.0.0.) in C:\xampp\htdocs\malumere\wp-includes\functions.php on line 6260
[23-Sep-2026 14:24:58 UTC] PHP Notice:  Function WP_Block_Type_Registry::register was called <strong>incorrectly</strong>. Block type "core/list" is already registered. Please see <a href="https://developer.wordpress.org/advanced-administration/debug/debug-wordpress/">Debugging in WordPress</a> for more information. (This message was added in version 5.0.0.) in C:\xampp\htdocs\malumere\wp-includes\functions.php on line 6260
[23-Sep-2026 14:24:58 UTC] PHP Notice:  Function WP_Block_Type_Registry::register was called <strong>incorrectly</strong>. Block type "core/loginout" is already registered. Please see <a href="https://developer.wordpress.org/advanced-administration/debug/debug-wordpress/">Debugging in WordPress</a> for more information. (This message was added in version 5.0.0.) in C:\xampp\htdocs\malumere\wp-includes\functions.php on line 6260
[23-Sep-2026 14:24:58 UTC] PHP Notice:  Function WP_Block_Type_Registry::register was called <strong>incorrectly</strong>. Block type "core/media-text" is already registered. Please see <a href="https://developer.wordpress.org/advanced-administration/debug/debug-wordpress/">Debugging in WordPress</a> for more information. (This message was added in version 5.0.0.) in C:\xampp\htdocs\malumere\wp-includes\functions.php on line 6260
[23-Sep-2026 14:24:58 UTC] PHP Notice:  Function WP_Block_Type_Registry::register was called <strong>incorrectly</strong>. Block type "core/navigation" is already registered. Please see <a href="https://developer.wordpress.org/advanced-administration/debug/debug-wordpress/">Debugging in WordPress</a> for more information. (This message was added in version 5.0.0.) in C:\xampp\htdocs\malumere\wp-includes\functions.php on line 6260
[23-Sep-2026 14:24:58 UTC] PHP Notice:  Function WP_Block_Type_Registry::register was called <strong>incorrectly</strong>. Block type "core/navigation-link" is already registered. Please see <a href="https://developer.wordpress.org/advanced-administration/debug/debug-wordpress/">Debugging in WordPress</a> for more information. (This message was added in version 5.0.0.) in C:\xampp\htdocs\malumere\wp-includes\functions.php on line 6260
[23-Sep-2026 14:24:58 UTC] PHP Notice:  Function WP_Block_Type_Registry::register was called <strong>incorrectly</strong>. Block type "core/navigation-overlay-close" is already registered. Please see <a href="https://developer.wordpress.org/advanced-administration/debug/debug-wordpress/">Debugging in WordPress</a> for more information. (This message was added in version 5.0.0.) in C:\xampp\htdocs\malumere\wp-includes\functions.php on line 6260
[23-Sep-2026 14:24:58 UTC] PHP Notice:  Function WP_Block_Type_Registry::register was called <strong>incorrectly</strong>. Block type "core/navigation-submenu" is already registered. Please see <a href="https://developer.wordpress.org/advanced-administration/debug/debug-wordpress/">Debugging in WordPress</a> for more information. (This message was added in version 5.0.0.) in C:\xampp\htdocs\malumere\wp-includes\functions.php on line 6260
[23-Sep-2026 14:24:58 UTC] PHP Notice:  Function WP_Block_Type_Registry::register was called <strong>incorrectly</strong>. Block type "core/page-list" is already registered. Please see <a href="https://developer.wordpress.org/advanced-administration/debug/debug-wordpress/">Debugging in WordPress</a> for more information. (This message was added in version 5.0.0.) in C:\xampp\htdocs\malumere\wp-includes\functions.php on line 6260
[23-Sep-2026 14:24:58 UTC] PHP Notice:  Function WP_Block_Type_Registry::register was called <strong>incorrectly</strong>. Block type "core/page-list-item" is already registered. Please see <a href="https://developer.wordpress.org/advanced-administration/debug/debug-wordpress/">Debugging in WordPress</a> for more information. (This message was added in version 5.0.0.) in C:\xampp\htdocs\malumere\wp-includes\functions.php on line 6260
[23-Sep-2026 14:24:58 UTC] PHP Notice:  Function WP_Block_Type_Registry::register was called <strong>incorrectly</strong>. Block type "core/paragraph" is already registered. Please see <a href="https://developer.wordpress.org/advanced-administration/debug/debug-wordpress/">Debugging in WordPress</a> for more information. (This message was added in version 5.0.0.) in C:\xampp\htdocs\malumere\wp-includes\functions.php on line 6260
[23-Sep-2026 14:24:58 UTC] PHP Notice:  Function WP_Block_Type_Registry::register was called <strong>incorrectly</strong>. Block type "core/pattern" is already registered. Please see <a href="https://developer.wordpress.org/advanced-administration/debug/debug-wordpress/">Debugging in WordPress</a> for more information. (This message was added in version 5.0.0.) in C:\xampp\htdocs\malumere\wp-includes\functions.php on line 6260
[23-Sep-2026 14:24:58 UTC] PHP Notice:  Function WP_Block_Type_Registry::register was called <strong>incorrectly</strong>. Block type "core/playlist" is already registered. Please see <a href="https://developer.wordpress.org/advanced-administration/debug/debug-wordpress/">Debugging in WordPress</a> for more information. (This message was added in version 5.0.0.) in C:\xampp\htdocs\malumere\wp-includes\functions.php on line 6260
[23-Sep-2026 14:24:58 UTC] PHP Notice:  Function WP_Block_Type_Registry::register was called <strong>incorrectly</strong>. Block type "core/playlist-track" is already registered. Please see <a href="https://developer.wordpress.org/advanced-administration/debug/debug-wordpress/">Debugging in WordPress</a> for more information. (This message was added in version 5.0.0.) in C:\xampp\htdocs\malumere\wp-includes\functions.php on line 6260
[23-Sep-2026 14:24:58 UTC] PHP Notice:  Function WP_Block_Type_Registry::register was called <strong>incorrectly</strong>. Block type "core/post-author" is already registered. Please see <a href="https://developer.wordpress.org/advanced-administration/debug/debug-wordpress/">Debugging in WordPress</a> for more information. (This message was added in version 5.0.0.) in C:\xampp\htdocs\malumere\wp-includes\functions.php on line 6260
[23-Sep-2026 14:24:58 UTC] PHP Notice:  Function WP_Block_Type_Registry::register was called <strong>incorrectly</strong>. Block type "core/post-author-biography" is already registered. Please see <a href="https://developer.wordpress.org/advanced-administration/debug/debug-wordpress/">Debugging in WordPress</a> for more information. (This message was added in version 5.0.0.) in C:\xampp\htdocs\malumere\wp-includes\functions.php on line 6260
[23-Sep-2026 14:24:58 UTC] PHP Notice:  Function WP_Block_Type_Registry::register was called <strong>incorrectly</strong>. Block type "core/post-author-name" is already registered. Please see <a href="https://developer.wordpress.org/advanced-administration/debug/debug-wordpress/">Debugging in WordPress</a> for more information. (This message was added in version 5.0.0.) in C:\xampp\htdocs\malumere\wp-includes\functions.php on line 6260
[23-Sep-2026 14:24:58 UTC] PHP Notice:  Function WP_Block_Type_Registry::register was called <strong>incorrectly</strong>. Block type "core/post-comments-count" is already registered. Please see <a href="https://developer.wordpress.org/advanced-administration/debug/debug-wordpress/">Debugging in WordPress</a> for more information. (This message was added in version 5.0.0.) in C:\xampp\htdocs\malumere\wp-includes\functions.php on line 6260
[23-Sep-2026 14:24:58 UTC] PHP Notice:  Function WP_Block_Type_Registry::register was called <strong>incorrectly</strong>. Block type "core/post-comments-form" is already registered. Please see <a href="https://developer.wordpress.org/advanced-administration/debug/debug-wordpress/">Debugging in WordPress</a> for more information. (This message was added in version 5.0.0.) in C:\xampp\htdocs\malumere\wp-includes\functions.php on line 6260
[23-Sep-2026 14:24:58 UTC] PHP Notice:  Function WP_Block_Type_Registry::register was called <strong>incorrectly</strong>. Block type "core/post-comments-link" is already registered. Please see <a href="https://developer.wordpress.org/advanced-administration/debug/debug-wordpress/">Debugging in WordPress</a> for more information. (This message was added in version 5.0.0.) in C:\xampp\htdocs\malumere\wp-includes\functions.php on line 6260
[23-Sep-2026 14:24:58 UTC] PHP Notice:  Function WP_Block_Type_Registry::register was called <strong>incorrectly</strong>. Block type "core/post-content" is already registered. Please see <a href="https://developer.wordpress.org/advanced-administration/debug/debug-wordpress/">Debugging in WordPress</a> for more information. (This message was added in version 5.0.0.) in C:\xampp\htdocs\malumere\wp-includes\functions.php on line 6260
[23-Sep-2026 14:24:58 UTC] PHP Notice:  Function WP_Block_Type_Registry::register was called <strong>incorrectly</strong>. Block type "core/post-date" is already registered. Please see <a href="https://developer.wordpress.org/advanced-administration/debug/debug-wordpress/">Debugging in WordPress</a> for more information. (This message was added in version 5.0.0.) in C:\xampp\htdocs\malumere\wp-includes\functions.php on line 6260
[23-Sep-2026 14:24:58 UTC] PHP Notice:  Function WP_Block_Type_Registry::register was called <strong>incorrectly</strong>. Block type "core/post-excerpt" is already registered. Please see <a href="https://developer.wordpress.org/advanced-administration/debug/debug-wordpress/">Debugging in WordPress</a> for more information. (This message was added in version 5.0.0.) in C:\xampp\htdocs\malumere\wp-includes\functions.php on line 6260
[23-Sep-2026 14:24:58 UTC] PHP Notice:  Function WP_Block_Type_Registry::register was called <strong>incorrectly</strong>. Block type "core/post-featured-image" is already registered. Please see <a href="https://developer.wordpress.org/advanced-administration/debug/debug-wordpress/">Debugging in WordPress</a> for more information. (This message was added in version 5.0.0.) in C:\xampp\htdocs\malumere\wp-includes\functions.php on line 6260
[23-Sep-2026 14:24:58 UTC] PHP Notice:  Function WP_Block_Type_Registry::register was called <strong>incorrectly</strong>. Block type "core/post-navigation-link" is already registered. Please see <a href="https://developer.wordpress.org/advanced-administration/debug/debug-wordpress/">Debugging in WordPress</a> for more information. (This message was added in version 5.0.0.) in C:\xampp\htdocs\malumere\wp-includes\functions.php on line 6260
[23-Sep-2026 14:24:58 UTC] PHP Notice:  Function WP_Block_Type_Registry::register was called <strong>incorrectly</strong>. Block type "core/post-template" is already registered. Please see <a href="https://developer.wordpress.org/advanced-administration/debug/debug-wordpress/">Debugging in WordPress</a> for more information. (This message was added in version 5.0.0.) in C:\xampp\htdocs\malumere\wp-includes\functions.php on line 6260
[23-Sep-2026 14:24:58 UTC] PHP Notice:  Function WP_Block_Type_Registry::register was called <strong>incorrectly</strong>. Block type "core/post-terms" is already registered. Please see <a href="https://developer.wordpress.org/advanced-administration/debug/debug-wordpress/">Debugging in WordPress</a> for more information. (This message was added in version 5.0.0.) in C:\xampp\htdocs\malumere\wp-includes\functions.php on line 6260
[23-Sep-2026 14:24:58 UTC] PHP Notice:  Function WP_Block_Type_Registry::register was called <strong>incorrectly</strong>. Block type "core/post-time-to-read" is already registered. Please see <a href="https://developer.wordpress.org/advanced-administration/debug/debug-wordpress/">Debugging in WordPress</a> for more information. (This message was added in version 5.0.0.) in C:\xampp\htdocs\malumere\wp-includes\functions.php on line 6260
[23-Sep-2026 14:24:58 UTC] PHP Notice:  Function WP_Block_Type_Registry::register was called <strong>incorrectly</strong>. Block type "core/post-title" is already registered. Please see <a href="https://developer.wordpress.org/advanced-administration/debug/debug-wordpress/">Debugging in WordPress</a> for more information. (This message was added in version 5.0.0.) in C:\xampp\htdocs\malumere\wp-includes\functions.php on line 6260
[23-Sep-2026 14:24:58 UTC] PHP Notice:  Function WP_Block_Type_Registry::register was called <strong>incorrectly</strong>. Block type "core/query" is already registered. Please see <a href="https://developer.wordpress.org/advanced-administration/debug/debug-wordpress/">Debugging in WordPress</a> for more information. (This message was added in version 5.0.0.) in C:\xampp\htdocs\malumere\wp-includes\functions.php on line 6260
[23-Sep-2026 14:24:58 UTC] PHP Notice:  Function WP_Block_Type_Registry::register was called <strong>incorrectly</strong>. Block type "core/query-no-results" is already registered. Please see <a href="https://developer.wordpress.org/advanced-administration/debug/debug-wordpress/">Debugging in WordPress</a> for more information. (This message was added in version 5.0.0.) in C:\xampp\htdocs\malumere\wp-includes\functions.php on line 6260
[23-Sep-2026 14:24:58 UTC] PHP Notice:  Function WP_Block_Type_Registry::register was called <strong>incorrectly</strong>. Block type "core/query-pagination" is already registered. Please see <a href="https://developer.wordpress.org/advanced-administration/debug/debug-wordpress/">Debugging in WordPress</a> for more information. (This message was added in version 5.0.0.) in C:\xampp\htdocs\malumere\wp-includes\functions.php on line 6260
[23-Sep-2026 14:24:58 UTC] PHP Notice:  Function WP_Block_Type_Registry::register was called <strong>incorrectly</strong>. Block type "core/query-pagination-next" is already registered. Please see <a href="https://developer.wordpress.org/advanced-administration/debug/debug-wordpress/">Debugging in WordPress</a> for more information. (This message was added in version 5.0.0.) in C:\xampp\htdocs\malumere\wp-includes\functions.php on line 6260
[23-Sep-2026 14:24:58 UTC] PHP Notice:  Function WP_Block_Type_Registry::register was called <strong>incorrectly</strong>. Block type "core/query-pagination-numbers" is already registered. Please see <a href="https://developer.wordpress.org/advanced-administration/debug/debug-wordpress/">Debugging in WordPress</a> for more information. (This message was added in version 5.0.0.) in C:\xampp\htdocs\malumere\wp-includes\functions.php on line 6260
[23-Sep-2026 14:24:58 UTC] PHP Notice:  Function WP_Block_Type_Registry::register was called <strong>incorrectly</strong>. Block type "core/query-pagination-previous" is already registered. Please see <a href="https://developer.wordpress.org/advanced-administration/debug/debug-wordpress/">Debugging in WordPress</a> for more information. (This message was added in version 5.0.0.) in C:\xampp\htdocs\malumere\wp-includes\functions.php on line 6260
[23-Sep-2026 14:24:58 UTC] PHP Notice:  Function WP_Block_Type_Registry::register was called <strong>incorrectly</strong>. Block type "core/query-title" is already registered. Please see <a href="https://developer.wordpress.org/advanced-administration/debug/debug-wordpress/">Debugging in WordPress</a> for more information. (This message was added in version 5.0.0.) in C:\xampp\htdocs\malumere\wp-includes\functions.php on line 6260
[23-Sep-2026 14:24:58 UTC] PHP Notice:  Function WP_Block_Type_Registry::register was called <strong>incorrectly</strong>. Block type "core/query-total" is already registered. Please see <a href="https://developer.wordpress.org/advanced-administration/debug/debug-wordpress/">Debugging in WordPress</a> for more information. (This message was added in version 5.0.0.) in C:\xampp\htdocs\malumere\wp-includes\functions.php on line 6260
[23-Sep-2026 14:24:58 UTC] PHP Notice:  Function WP_Block_Type_Registry::register was called <strong>incorrectly</strong>. Block type "core/read-more" is already registered. Please see <a href="https://developer.wordpress.org/advanced-administration/debug/debug-wordpress/">Debugging in WordPress</a> for more information. (This message was added in version 5.0.0.) in C:\xampp\htdocs\malumere\wp-includes\functions.php on line 6260
[23-Sep-2026 14:24:58 UTC] PHP Notice:  Function WP_Block_Type_Registry::register was called <strong>incorrectly</strong>. Block type "core/rss" is already registered. Please see <a href="https://developer.wordpress.org/advanced-administration/debug/debug-wordpress/">Debugging in WordPress</a> for more information. (This message was added in version 5.0.0.) in C:\xampp\htdocs\malumere\wp-includes\functions.php on line 6260
[23-Sep-2026 14:24:58 UTC] PHP Notice:  Function WP_Block_Type_Registry::register was called <strong>incorrectly</strong>. Block type "core/search" is already registered. Please see <a href="https://developer.wordpress.org/advanced-administration/debug/debug-wordpress/">Debugging in WordPress</a> for more information. (This message was added in version 5.0.0.) in C:\xampp\htdocs\malumere\wp-includes\functions.php on line 6260
[23-Sep-2026 14:24:58 UTC] PHP Notice:  Function WP_Block_Type_Registry::register was called <strong>incorrectly</strong>. Block type "core/shortcode" is already registered. Please see <a href="https://developer.wordpress.org/advanced-administration/debug/debug-wordpress/">Debugging in WordPress</a> for more information. (This message was added in version 5.0.0.) in C:\xampp\htdocs\malumere\wp-includes\functions.php on line 6260
[23-Sep-2026 14:24:58 UTC] PHP Notice:  Function WP_Block_Type_Registry::register was called <strong>incorrectly</strong>. Block type "core/site-logo" is already registered. Please see <a href="https://developer.wordpress.org/advanced-administration/debug/debug-wordpress/">Debugging in WordPress</a> for more information. (This message was added in version 5.0.0.) in C:\xampp\htdocs\malumere\wp-includes\functions.php on line 6260
[23-Sep-2026 14:24:58 UTC] PHP Notice:  Function WP_Block_Type_Registry::register was called <strong>incorrectly</strong>. Block type "core/site-tagline" is already registered. Please see <a href="https://developer.wordpress.org/advanced-administration/debug/debug-wordpress/">Debugging in WordPress</a> for more information. (This message was added in version 5.0.0.) in C:\xampp\htdocs\malumere\wp-includes\functions.php on line 6260
[23-Sep-2026 14:24:58 UTC] PHP Notice:  Function WP_Block_Type_Registry::register was called <strong>incorrectly</strong>. Block type "core/site-title" is already registered. Please see <a href="https://developer.wordpress.org/advanced-administration/debug/debug-wordpress/">Debugging in WordPress</a> for more information. (This message was added in version 5.0.0.) in C:\xampp\htdocs\malumere\wp-includes\functions.php on line 6260
[23-Sep-2026 14:24:58 UTC] PHP Notice:  Function WP_Block_Type_Registry::register was called <strong>incorrectly</strong>. Block type "core/social-link" is already registered. Please see <a href="https://developer.wordpress.org/advanced-administration/debug/debug-wordpress/">Debugging in WordPress</a> for more information. (This message was added in version 5.0.0.) in C:\xampp\htdocs\malumere\wp-includes\functions.php on line 6260
[23-Sep-2026 14:24:58 UTC] PHP Notice:  Function WP_Block_Type_Registry::register was called <strong>incorrectly</strong>. Block type "core/tab-list" is already registered. Please see <a href="https://developer.wordpress.org/advanced-administration/debug/debug-wordpress/">Debugging in WordPress</a> for more information. (This message was added in version 5.0.0.) in C:\xampp\htdocs\malumere\wp-includes\functions.php on line 6260
[23-Sep-2026 14:24:58 UTC] PHP Notice:  Function WP_Block_Type_Registry::register was called <strong>incorrectly</strong>. Block type "core/tab-panel" is already registered. Please see <a href="https://developer.wordpress.org/advanced-administration/debug/debug-wordpress/">Debugging in WordPress</a> for more information. (This message was added in version 5.0.0.) in C:\xampp\htdocs\malumere\wp-includes\functions.php on line 6260
[23-Sep-2026 14:24:58 UTC] PHP Notice:  Function WP_Block_Type_Registry::register was called <strong>incorrectly</strong>. Block type "core/tabs" is already registered. Please see <a href="https://developer.wordpress.org/advanced-administration/debug/debug-wordpress/">Debugging in WordPress</a> for more information. (This message was added in version 5.0.0.) in C:\xampp\htdocs\malumere\wp-includes\functions.php on line 6260
[23-Sep-2026 14:24:58 UTC] PHP Notice:  Function WP_Block_Type_Registry::register was called <strong>incorrectly</strong>. Block type "core/tag-cloud" is already registered. Please see <a href="https://developer.wordpress.org/advanced-administration/debug/debug-wordpress/">Debugging in WordPress</a> for more information. (This message was added in version 5.0.0.) in C:\xampp\htdocs\malumere\wp-includes\functions.php on line 6260
[23-Sep-2026 14:24:58 UTC] PHP Notice:  Function WP_Block_Type_Registry::register was called <strong>incorrectly</strong>. Block type "core/template-part" is already registered. Please see <a href="https://developer.wordpress.org/advanced-administration/debug/debug-wordpress/">Debugging in WordPress</a> for more information. (This message was added in version 5.0.0.) in C:\xampp\htdocs\malumere\wp-includes\functions.php on line 6260
[23-Sep-2026 14:24:58 UTC] PHP Notice:  Function WP_Block_Type_Registry::register was called <strong>incorrectly</strong>. Block type "core/term-count" is already registered. Please see <a href="https://developer.wordpress.org/advanced-administration/debug/debug-wordpress/">Debugging in WordPress</a> for more information. (This message was added in version 5.0.0.) in C:\xampp\htdocs\malumere\wp-includes\functions.php on line 6260
[23-Sep-2026 14:24:58 UTC] PHP Notice:  Function WP_Block_Type_Registry::register was called <strong>incorrectly</strong>. Block type "core/term-description" is already registered. Please see <a href="https://developer.wordpress.org/advanced-administration/debug/debug-wordpress/">Debugging in WordPress</a> for more information. (This message was added in version 5.0.0.) in C:\xampp\htdocs\malumere\wp-includes\functions.php on line 6260
[23-Sep-2026 14:24:58 UTC] PHP Notice:  Function WP_Block_Type_Registry::register was called <strong>incorrectly</strong>. Block type "core/term-name" is already registered. Please see <a href="https://developer.wordpress.org/advanced-administration/debug/debug-wordpress/">Debugging in WordPress</a> for more information. (This message was added in version 5.0.0.) in C:\xampp\htdocs\malumere\wp-includes\functions.php on line 6260
[23-Sep-2026 14:24:58 UTC] PHP Notice:  Function WP_Block_Type_Registry::register was called <strong>incorrectly</strong>. Block type "core/term-template" is already registered. Please see <a href="https://developer.wordpress.org/advanced-administration/debug/debug-wordpress/">Debugging in WordPress</a> for more information. (This message was added in version 5.0.0.) in C:\xampp\htdocs\malumere\wp-includes\functions.php on line 6260
[23-Sep-2026 14:24:58 UTC] PHP Notice:  Function WP_Block_Type_Registry::register was called <strong>incorrectly</strong>. Block type "core/video" is already registered. Please see <a href="https://developer.wordpress.org/advanced-administration/debug/debug-wordpress/">Debugging in WordPress</a> for more information. (This message was added in version 5.0.0.) in C:\xampp\htdocs\malumere\wp-includes\functions.php on line 6260
[23-Sep-2026 14:24:58 UTC] PHP Notice:  Function WP_Block_Type_Registry::register was called <strong>incorrectly</strong>. Block type "core/accordion-heading" is already registered. Please see <a href="https://developer.wordpress.org/advanced-administration/debug/debug-wordpress/">Debugging in WordPress</a> for more information. (This message was added in version 5.0.0.) in C:\xampp\htdocs\malumere\wp-includes\functions.php on line 6260
[23-Sep-2026 14:24:58 UTC] PHP Notice:  Function WP_Block_Type_Registry::register was called <strong>incorrectly</strong>. Block type "core/accordion-panel" is already registered. Please see <a href="https://developer.wordpress.org/advanced-administration/debug/debug-wordpress/">Debugging in WordPress</a> for more information. (This message was added in version 5.0.0.) in C:\xampp\htdocs\malumere\wp-includes\functions.php on line 6260
[23-Sep-2026 14:24:58 UTC] PHP Notice:  Function WP_Block_Type_Registry::register was called <strong>incorrectly</strong>. Block type "core/audio" is already registered. Please see <a href="https://developer.wordpress.org/advanced-administration/debug/debug-wordpress/">Debugging in WordPress</a> for more information. (This message was added in version 5.0.0.) in C:\xampp\htdocs\malumere\wp-includes\functions.php on line 6260
[23-Sep-2026 14:24:58 UTC] PHP Notice:  Function WP_Block_Type_Registry::register was called <strong>incorrectly</strong>. Block type "core/buttons" is already registered. Please see <a href="https://developer.wordpress.org/advanced-administration/debug/debug-wordpress/">Debugging in WordPress</a> for more information. (This message was added in version 5.0.0.) in C:\xampp\htdocs\malumere\wp-includes\functions.php on line 6260
[23-Sep-2026 14:24:58 UTC] PHP Notice:  Function WP_Block_Type_Registry::register was called <strong>incorrectly</strong>. Block type "core/code" is already registered. Please see <a href="https://developer.wordpress.org/advanced-administration/debug/debug-wordpress/">Debugging in WordPress</a> for more information. (This message was added in version 5.0.0.) in C:\xampp\htdocs\malumere\wp-includes\functions.php on line 6260
[23-Sep-2026 14:24:58 UTC] PHP Notice:  Function WP_Block_Type_Registry::register was called <strong>incorrectly</strong>. Block type "core/column" is already registered. Please see <a href="https://developer.wordpress.org/advanced-administration/debug/debug-wordpress/">Debugging in WordPress</a> for more information. (This message was added in version 5.0.0.) in C:\xampp\htdocs\malumere\wp-includes\functions.php on line 6260
[23-Sep-2026 14:24:58 UTC] PHP Notice:  Function WP_Block_Type_Registry::register was called <strong>incorrectly</strong>. Block type "core/columns" is already registered. Please see <a href="https://developer.wordpress.org/advanced-administration/debug/debug-wordpress/">Debugging in WordPress</a> for more information. (This message was added in version 5.0.0.) in C:\xampp\htdocs\malumere\wp-includes\functions.php on line 6260
[23-Sep-2026 14:24:58 UTC] PHP Notice:  Function WP_Block_Type_Registry::register was called <strong>incorrectly</strong>. Block type "core/embed" is already registered. Please see <a href="https://developer.wordpress.org/advanced-administration/debug/debug-wordpress/">Debugging in WordPress</a> for more information. (This message was added in version 5.0.0.) in C:\xampp\htdocs\malumere\wp-includes\functions.php on line 6260
[23-Sep-2026 14:24:58 UTC] PHP Notice:  Function WP_Block_Type_Registry::register was called <strong>incorrectly</strong>. Block type "core/freeform" is already registered. Please see <a href="https://developer.wordpress.org/advanced-administration/debug/debug-wordpress/">Debugging in WordPress</a> for more information. (This message was added in version 5.0.0.) in C:\xampp\htdocs\malumere\wp-includes\functions.php on line 6260
[23-Sep-2026 14:24:58 UTC] PHP Notice:  Function WP_Block_Type_Registry::register was called <strong>incorrectly</strong>. Block type "core/group" is already registered. Please see <a href="https://developer.wordpress.org/advanced-administration/debug/debug-wordpress/">Debugging in WordPress</a> for more information. (This message was added in version 5.0.0.) in C:\xampp\htdocs\malumere\wp-includes\functions.php on line 6260
[23-Sep-2026 14:24:58 UTC] PHP Notice:  Function WP_Block_Type_Registry::register was called <strong>incorrectly</strong>. Block type "core/html" is already registered. Please see <a href="https://developer.wordpress.org/advanced-administration/debug/debug-wordpress/">Debugging in WordPress</a> for more information. (This message was added in version 5.0.0.) in C:\xampp\htdocs\malumere\wp-includes\functions.php on line 6260
[23-Sep-2026 14:24:58 UTC] PHP Notice:  Function WP_Block_Type_Registry::register was called <strong>incorrectly</strong>. Block type "core/list-item" is already registered. Please see <a href="https://developer.wordpress.org/advanced-administration/debug/debug-wordpress/">Debugging in WordPress</a> for more information. (This message was added in version 5.0.0.) in C:\xampp\htdocs\malumere\wp-includes\functions.php on line 6260
[23-Sep-2026 14:24:58 UTC] PHP Notice:  Function WP_Block_Type_Registry::register was called <strong>incorrectly</strong>. Block type "core/math" is already registered. Please see <a href="https://developer.wordpress.org/advanced-administration/debug/debug-wordpress/">Debugging in WordPress</a> for more information. (This message was added in version 5.0.0.) in C:\xampp\htdocs\malumere\wp-includes\functions.php on line 6260
[23-Sep-2026 14:24:58 UTC] PHP Notice:  Function WP_Block_Type_Registry::register was called <strong>incorrectly</strong>. Block type "core/missing" is already registered. Please see <a href="https://developer.wordpress.org/advanced-administration/debug/debug-wordpress/">Debugging in WordPress</a> for more information. (This message was added in version 5.0.0.) in C:\xampp\htdocs\malumere\wp-includes\functions.php on line 6260
[23-Sep-2026 14:24:58 UTC] PHP Notice:  Function WP_Block_Type_Registry::register was called <strong>incorrectly</strong>. Block type "core/more" is already registered. Please see <a href="https://developer.wordpress.org/advanced-administration/debug/debug-wordpress/">Debugging in WordPress</a> for more information. (This message was added in version 5.0.0.) in C:\xampp\htdocs\malumere\wp-includes\functions.php on line 6260
[23-Sep-2026 14:24:58 UTC] PHP Notice:  Function WP_Block_Type_Registry::register was called <strong>incorrectly</strong>. Block type "core/nextpage" is already registered. Please see <a href="https://developer.wordpress.org/advanced-administration/debug/debug-wordpress/">Debugging in WordPress</a> for more information. (This message was added in version 5.0.0.) in C:\xampp\htdocs\malumere\wp-includes\functions.php on line 6260
[23-Sep-2026 14:24:58 UTC] PHP Notice:  Function WP_Block_Type_Registry::register was called <strong>incorrectly</strong>. Block type "core/preformatted" is already registered. Please see <a href="https://developer.wordpress.org/advanced-administration/debug/debug-wordpress/">Debugging in WordPress</a> for more information. (This message was added in version 5.0.0.) in C:\xampp\htdocs\malumere\wp-includes\functions.php on line 6260
[23-Sep-2026 14:24:58 UTC] PHP Notice:  Function WP_Block_Type_Registry::register was called <strong>incorrectly</strong>. Block type "core/pullquote" is already registered. Please see <a href="https://developer.wordpress.org/advanced-administration/debug/debug-wordpress/">Debugging in WordPress</a> for more information. (This message was added in version 5.0.0.) in C:\xampp\htdocs\malumere\wp-includes\functions.php on line 6260
[23-Sep-2026 14:24:58 UTC] PHP Notice:  Function WP_Block_Type_Registry::register was called <strong>incorrectly</strong>. Block type "core/quote" is already registered. Please see <a href="https://developer.wordpress.org/advanced-administration/debug/debug-wordpress/">Debugging in WordPress</a> for more information. (This message was added in version 5.0.0.) in C:\xampp\htdocs\malumere\wp-includes\functions.php on line 6260
[23-Sep-2026 14:24:58 UTC] PHP Notice:  Function WP_Block_Type_Registry::register was called <strong>incorrectly</strong>. Block type "core/separator" is already registered. Please see <a href="https://developer.wordpress.org/advanced-administration/debug/debug-wordpress/">Debugging in WordPress</a> for more information. (This message was added in version 5.0.0.) in C:\xampp\htdocs\malumere\wp-includes\functions.php on line 6260
[23-Sep-2026 14:24:58 UTC] PHP Notice:  Function WP_Block_Type_Registry::register was called <strong>incorrectly</strong>. Block type "core/social-links" is already registered. Please see <a href="https://developer.wordpress.org/advanced-administration/debug/debug-wordpress/">Debugging in WordPress</a> for more information. (This message was added in version 5.0.0.) in C:\xampp\htdocs\malumere\wp-includes\functions.php on line 6260
[23-Sep-2026 14:24:58 UTC] PHP Notice:  Function WP_Block_Type_Registry::register was called <strong>incorrectly</strong>. Block type "core/spacer" is already registered. Please see <a href="https://developer.wordpress.org/advanced-administration/debug/debug-wordpress/">Debugging in WordPress</a> for more information. (This message was added in version 5.0.0.) in C:\xampp\htdocs\malumere\wp-includes\functions.php on line 6260
[23-Sep-2026 14:24:58 UTC] PHP Notice:  Function WP_Block_Type_Registry::register was called <strong>incorrectly</strong>. Block type "core/tab-panels" is already registered. Please see <a href="https://developer.wordpress.org/advanced-administration/debug/debug-wordpress/">Debugging in WordPress</a> for more information. (This message was added in version 5.0.0.) in C:\xampp\htdocs\malumere\wp-includes\functions.php on line 6260
[23-Sep-2026 14:24:58 UTC] PHP Notice:  Function WP_Block_Type_Registry::register was called <strong>incorrectly</strong>. Block type "core/table" is already registered. Please see <a href="https://developer.wordpress.org/advanced-administration/debug/debug-wordpress/">Debugging in WordPress</a> for more information. (This message was added in version 5.0.0.) in C:\xampp\htdocs\malumere\wp-includes\functions.php on line 6260
[23-Sep-2026 14:24:58 UTC] PHP Notice:  Function WP_Block_Type_Registry::register was called <strong>incorrectly</strong>. Block type "core/terms-query" is already registered. Please see <a href="https://developer.wordpress.org/advanced-administration/debug/debug-wordpress/">Debugging in WordPress</a> for more information. (This message was added in version 5.0.0.) in C:\xampp\htdocs\malumere\wp-includes\functions.php on line 6260
[23-Sep-2026 14:24:58 UTC] PHP Notice:  Function WP_Block_Type_Registry::register was called <strong>incorrectly</strong>. Block type "core/text-columns" is already registered. Please see <a href="https://developer.wordpress.org/advanced-administration/debug/debug-wordpress/">Debugging in WordPress</a> for more information. (This message was added in version 5.0.0.) in C:\xampp\htdocs\malumere\wp-includes\functions.php on line 6260
[23-Sep-2026 14:24:58 UTC] PHP Notice:  Function WP_Block_Type_Registry::register was called <strong>incorrectly</strong>. Block type "core/verse" is already registered. Please see <a href="https://developer.wordpress.org/advanced-administration/debug/debug-wordpress/">Debugging in WordPress</a> for more information. (This message was added in version 5.0.0.) in C:\xampp\htdocs\malumere\wp-includes\functions.php on line 6260
[23-Sep-2026 14:25:00 UTC] PHP Warning:  Cannot modify header information - headers already sent by (output started at C:\Users\Jay\AppData\Local\Temp\opencode\smoke10_photos.php:16) in C:\xampp\htdocs\malumere\wp-content\plugins\ma-lumiere-clinic-manager\includes\class-photo-repository.php on line 270
[23-Sep-2026 14:25:00 UTC] PHP Warning:  Cannot modify header information - headers already sent by (output started at C:\Users\Jay\AppData\Local\Temp\opencode\smoke10_photos.php:16) in C:\xampp\htdocs\malumere\wp-content\plugins\ma-lumiere-clinic-manager\includes\class-photo-repository.php on line 271
[23-Sep-2026 14:25:00 UTC] PHP Warning:  Cannot modify header information - headers already sent by (output started at C:\Users\Jay\AppData\Local\Temp\opencode\smoke10_photos.php:16) in C:\xampp\htdocs\malumere\wp-content\plugins\ma-lumiere-clinic-manager\includes\class-photo-repository.php on line 272
[23-Sep-2026 14:25:00 UTC] PHP Warning:  Cannot modify header information - headers already sent by (output started at C:\Users\Jay\AppData\Local\Temp\opencode\smoke10_photos.php:16) in C:\xampp\htdocs\malumere\wp-content\plugins\ma-lumiere-clinic-manager\includes\class-photo-repository.php on line 273
[23-Sep-2026 14:25:00 UTC] PHP Warning:  Cannot modify header information - headers already sent by (output started at C:\Users\Jay\AppData\Local\Temp\opencode\smoke10_photos.php:16) in C:\xampp\htdocs\malumere\wp-content\plugins\ma-lumiere-clinic-manager\includes\class-photo-repository.php on line 274
[23-Sep-2026 14:25:02 UTC] PHP Warning:  Undefined variable $ml_state in C:\xampp\htdocs\malumere\wp-content\plugins\ma-lumiere-clinic-manager\admin\views\billing.php on line 391
[23-Sep-2026 14:25:02 UTC] PHP Warning:  Trying to access array offset on value of type null in C:\xampp\htdocs\malumere\wp-content\plugins\ma-lumiere-clinic-manager\admin\views\billing.php on line 391
[23-Sep-2026 14:25:02 UTC] PHP Warning:  Trying to access array offset on value of type null in C:\xampp\htdocs\malumere\wp-content\plugins\ma-lumiere-clinic-manager\admin\views\billing.php on line 399
[23-Sep-2026 14:25:02 UTC] PHP Warning:  Trying to access array offset on value of type null in C:\xampp\htdocs\malumere\wp-content\plugins\ma-lumiere-clinic-manager\admin\views\billing.php on line 399
[23-Sep-2026 14:25:03 UTC] PHP Notice:  Function wpdb::prepare was called <strong>incorrectly</strong>. Unsupported value type (array). Please see <a href="https://developer.wordpress.org/advanced-administration/debug/debug-wordpress/">Debugging in WordPress</a> for more information. (This message was added in version 4.8.2.) in C:\xampp\htdocs\malumere\wp-includes\functions.php on line 6260
[23-Sep-2026 14:44:55 UTC] PHP Deprecated:  Function get_page_by_title is <strong>deprecated</strong> since version 6.2.0! Use WP_Query instead. in C:\xampp\htdocs\malumere\wp-includes\functions.php on line 6260
[23-Sep-2026 14:44:55 UTC] PHP Deprecated:  Function get_page_by_title is <strong>deprecated</strong> since version 6.2.0! Use WP_Query instead. in C:\xampp\htdocs\malumere\wp-includes\functions.php on line 6260
[23-Sep-2026 15:22:38 UTC] PHP Fatal error:  Uncaught Error: Class "WP_Image_Editor" not found in C:\Users\Jay\AppData\Local\Temp\opencode\diag_editor.php:7
Stack trace:
#0 {main}
  thrown in C:\Users\Jay\AppData\Local\Temp\opencode\diag_editor.php on line 7
[23-Sep-2026 15:37:12 UTC] PHP Warning:  Cannot modify header information - headers already sent by (output started at C:\xampp\htdocs\malumere\wp-admin\menu-header.php:293) in C:\xampp\htdocs\malumere\wp-includes\pluggable.php on line 1539
[23-Sep-2026 15:37:12 UTC] PHP Warning:  Cannot modify header information - headers already sent by (output started at C:\xampp\htdocs\malumere\wp-admin\menu-header.php:293) in C:\xampp\htdocs\malumere\wp-includes\pluggable.php on line 1542
[23-Sep-2026 15:58:03 UTC] PHP Fatal error:  Uncaught Error: preg_match(): Argument #3 ($matches) cannot be passed by reference in C:\Users\Jay\AppData\Local\Temp\opencode\verify_palette_hero.php:14
Stack trace:
#0 {main}
  thrown in C:\Users\Jay\AppData\Local\Temp\opencode\verify_palette_hero.php on line 14
[23-Sep-2026 15:58:24 UTC] PHP Fatal error:  Uncaught Error: preg_match(): Argument #3 ($matches) cannot be passed by reference in C:\Users\Jay\AppData\Local\Temp\opencode\verify_palette_hero.php:14
Stack trace:
#0 {main}
  thrown in C:\Users\Jay\AppData\Local\Temp\opencode\verify_palette_hero.php on line 14
[23-Sep-2026 15:59:29 UTC] PHP Warning:  preg_match(): No ending delimiter '/' found in C:\Users\Jay\AppData\Local\Temp\opencode\verify_final.php on line 7
[23-Sep-2026 16:18:21 UTC] PHP Warning:  Undefined array key 1 in C:\Users\Jay\AppData\Local\Temp\opencode\scan_css_blue.php on line 5
[23-Sep-2026 16:18:21 UTC] PHP Deprecated:  parse_url(): Passing null to parameter #1 ($url) of type string is deprecated in C:\xampp\htdocs\malumere\wp-includes\class-wp-http.php on line 292
[23-Sep-2026 16:18:45 UTC] PHP Warning:  preg_match_all(): No ending delimiter '/' found in C:\Users\Jay\AppData\Local\Temp\opencode\scan_css_blue2.php on line 19
[23-Sep-2026 16:18:45 UTC] PHP Warning:  Trying to access array offset on value of type null in C:\Users\Jay\AppData\Local\Temp\opencode\scan_css_blue2.php on line 20
[23-Sep-2026 16:18:45 UTC] PHP Fatal error:  Uncaught TypeError: count(): Argument #1 ($value) must be of type Countable|array, null given in C:\Users\Jay\AppData\Local\Temp\opencode\scan_css_blue2.php:20
Stack trace:
#0 {main}
  thrown in C:\Users\Jay\AppData\Local\Temp\opencode\scan_css_blue2.php on line 20
[24-Sep-2026 07:37:08 UTC] PHP Warning:  wp_version_check(): An unexpected error occurred. Something may be wrong with WordPress.org or this server&#8217;s configuration. If you continue to have problems, please try the <a href="https://wordpress.org/support/forums/">support forums</a>. (WordPress could not establish a secure connection to WordPress.org. Please contact your server administrator.) in C:\xampp\htdocs\malumere\wp-includes\functions.php on line 6260
[24-Sep-2026 07:37:13 UTC] PHP Warning:  wp_update_plugins(): An unexpected error occurred. Something may be wrong with WordPress.org or this server&#8217;s configuration. If you continue to have problems, please try the <a href="https://wordpress.org/support/forums/">support forums</a>. (WordPress could not establish a secure connection to WordPress.org. Please contact your server administrator.) in C:\xampp\htdocs\malumere\wp-includes\functions.php on line 6260
[27-Sep-2026 19:25:25 UTC] Automatic updates starting...
[27-Sep-2026 19:25:27 UTC]   Automatic plugin updates starting...
[27-Sep-2026 19:25:27 UTC]   Automatic plugin updates complete.
[27-Sep-2026 19:25:29 UTC] Automatic updates complete.
[27-Sep-2026 19:28:21 UTC] PHP Notice:  Function _load_textdomain_just_in_time was called <strong>incorrectly</strong>. Translation loading for the <code>ma-lumiere-clinic</code> domain was triggered too early. This is usually an indicator for some code in the plugin or theme running too early. Translations should be loaded at the <code>init</code> action or later. Please see <a href="https://developer.wordpress.org/advanced-administration/debug/debug-wordpress/">Debugging in WordPress</a> for more information. (This message was added in version 6.7.0.) in C:\xampp\htdocs\malumere\wp-includes\functions.php on line 6260
[27-Sep-2026 19:51:03 UTC] PHP Warning:  Undefined array key "batch_id" in C:\Users\Jay\AppData\Local\Temp\opencode\ml-inv-func-test.php on line 90
[27-Sep-2026 19:51:03 UTC] PHP Warning:  Undefined array key "quantity" in C:\Users\Jay\AppData\Local\Temp\opencode\ml-inv-func-test.php on line 90
[27-Sep-2026 19:51:03 UTC] PHP Warning:  Trying to access array offset on value of type int in C:\Users\Jay\AppData\Local\Temp\opencode\ml-inv-func-test.php on line 90
[27-Sep-2026 19:51:03 UTC] PHP Warning:  Trying to access array offset on value of type int in C:\Users\Jay\AppData\Local\Temp\opencode\ml-inv-func-test.php on line 90
[27-Sep-2026 19:51:03 UTC] PHP Warning:  Trying to access array offset on value of type int in C:\Users\Jay\AppData\Local\Temp\opencode\ml-inv-func-test.php on line 90
[27-Sep-2026 19:51:03 UTC] PHP Warning:  Trying to access array offset on value of type int in C:\Users\Jay\AppData\Local\Temp\opencode\ml-inv-func-test.php on line 90
[27-Sep-2026 19:51:03 UTC] PHP Warning:  Undefined array key 1 in C:\Users\Jay\AppData\Local\Temp\opencode\ml-inv-func-test.php on line 92
[27-Sep-2026 19:51:03 UTC] PHP Warning:  Undefined array key 2 in C:\Users\Jay\AppData\Local\Temp\opencode\ml-inv-func-test.php on line 93
[27-Sep-2026 19:51:03 UTC] PHP Warning:  Undefined array key "quantity" in C:\xampp\htdocs\malumere\wp-includes\class-wp-list-util.php on line 170
[27-Sep-2026 19:51:03 UTC] PHP Notice:  Function WP_List_Util::pluck was called <strong>incorrectly</strong>. Values for the input array must be either objects or arrays. Please see <a href="https://developer.wordpress.org/advanced-administration/debug/debug-wordpress/">Debugging in WordPress</a> for more information. (This message was added in version 6.2.0.) in C:\xampp\htdocs\malumere\wp-includes\functions.php on line 6260
[27-Sep-2026 19:51:03 UTC] PHP Notice:  Function WP_List_Util::pluck was called <strong>incorrectly</strong>. Values for the input array must be either objects or arrays. Please see <a href="https://developer.wordpress.org/advanced-administration/debug/debug-wordpress/">Debugging in WordPress</a> for more information. (This message was added in version 6.2.0.) in C:\xampp\htdocs\malumere\wp-includes\functions.php on line 6260
[27-Sep-2026 19:51:03 UTC] WordPress database error Unknown column 'object_id' in 'where clause' for query DELETE FROM wp_ml_audit_logs WHERE object_id = 1 AND object_type IN ( 'medicine', 'medicine_batch' )
[27-Sep-2026 19:51:59 UTC] WordPress database error Unknown column 'b.status' in 'where clause' for query SELECT COALESCE(SUM(quantity_available), 0) FROM wp_ml_medicine_batches WHERE medicine_id = 2 AND b.status = 'active' AND (b.expiry_date IS NULL OR b.expiry_date >= CURDATE()) made by ML_Inventory_Service::receive, ML_Medicine_Batch_Repository::create, ML_Medicine_Batch_Repository::validate, ML_Medicine_Repository::get, ML_Medicine_Repository::decorate, ML_Medicine_Repository::total_available
[27-Sep-2026 19:51:59 UTC] WordPress database error Unknown column 'b.status' in 'where clause' for query SELECT COALESCE(SUM(quantity_available), 0) FROM wp_ml_medicine_batches WHERE medicine_id = 2 AND b.status = 'active' AND (b.expiry_date IS NULL OR b.expiry_date >= CURDATE()) made by ML_Inventory_Service::receive, ML_Stock_Movement_Repository::record, ML_Medicine_Repository::get, ML_Medicine_Repository::decorate, ML_Medicine_Repository::total_available
[27-Sep-2026 19:51:59 UTC] WordPress database error Unknown column 'b.status' in 'where clause' for query SELECT COALESCE(SUM(quantity_available), 0) FROM wp_ml_medicine_batches WHERE medicine_id = 2 AND b.status = 'active' AND (b.expiry_date IS NULL OR b.expiry_date >= CURDATE()) made by ML_Inventory_Service::receive, ML_Medicine_Batch_Repository::create, ML_Medicine_Batch_Repository::validate, ML_Medicine_Repository::get, ML_Medicine_Repository::decorate, ML_Medicine_Repository::total_available
[27-Sep-2026 19:51:59 UTC] WordPress database error Unknown column 'b.status' in 'where clause' for query SELECT COALESCE(SUM(quantity_available), 0) FROM wp_ml_medicine_batches WHERE medicine_id = 2 AND b.status = 'active' AND (b.expiry_date IS NULL OR b.expiry_date >= CURDATE()) made by ML_Inventory_Service::receive, ML_Stock_Movement_Repository::record, ML_Medicine_Repository::get, ML_Medicine_Repository::decorate, ML_Medicine_Repository::total_available
[27-Sep-2026 19:51:59 UTC] WordPress database error Unknown column 'b.status' in 'where clause' for query SELECT COALESCE(SUM(quantity_available), 0) FROM wp_ml_medicine_batches WHERE medicine_id = 2 AND b.status = 'active' AND (b.expiry_date IS NULL OR b.expiry_date >= CURDATE()) made by ML_Inventory_Service::receive, ML_Medicine_Batch_Repository::create, ML_Medicine_Batch_Repository::validate, ML_Medicine_Repository::get, ML_Medicine_Repository::decorate, ML_Medicine_Repository::total_available
[27-Sep-2026 19:51:59 UTC] WordPress database error Unknown column 'b.status' in 'where clause' for query SELECT COALESCE(SUM(quantity_available), 0) FROM wp_ml_medicine_batches WHERE medicine_id = 2 AND b.status = 'active' AND (b.expiry_date IS NULL OR b.expiry_date >= CURDATE()) made by ML_Inventory_Service::receive, ML_Stock_Movement_Repository::record, ML_Medicine_Repository::get, ML_Medicine_Repository::decorate, ML_Medicine_Repository::total_available
[27-Sep-2026 19:51:59 UTC] WordPress database error Unknown column 'b.status' in 'where clause' for query SELECT COALESCE(SUM(quantity_available), 0) FROM wp_ml_medicine_batches WHERE medicine_id = 2 AND b.status = 'active' AND (b.expiry_date IS NULL OR b.expiry_date >= CURDATE()) made by ML_Medicine_Repository::total_available
[27-Sep-2026 19:51:59 UTC] WordPress database error Unknown column 'b.status' in 'where clause' for query SELECT COALESCE(SUM(quantity_available), 0) FROM wp_ml_medicine_batches WHERE medicine_id = 2 AND b.status = 'active' AND (b.expiry_date IS NULL OR b.expiry_date >= CURDATE()) made by ML_Inventory_Service::adjust, ML_Stock_Movement_Repository::record, ML_Medicine_Repository::get, ML_Medicine_Repository::decorate, ML_Medicine_Repository::total_available
[27-Sep-2026 19:51:59 UTC] WordPress database error Unknown column 'b.status' in 'where clause' for query SELECT COALESCE(SUM(quantity_available), 0) FROM wp_ml_medicine_batches WHERE medicine_id = 2 AND b.status = 'active' AND (b.expiry_date IS NULL OR b.expiry_date >= CURDATE()) made by ML_Medicine_Repository::total_available
[27-Sep-2026 19:51:59 UTC] WordPress database error Unknown column 'b.status' in 'where clause' for query SELECT COALESCE(SUM(quantity_available), 0) FROM wp_ml_medicine_batches WHERE medicine_id = 2 AND b.status = 'active' AND (b.expiry_date IS NULL OR b.expiry_date >= CURDATE()) made by ML_Inventory_Service::adjust, ML_Stock_Movement_Repository::record, ML_Medicine_Repository::get, ML_Medicine_Repository::decorate, ML_Medicine_Repository::total_available
[27-Sep-2026 19:51:59 UTC] WordPress database error Unknown column 'b.status' in 'where clause' for query SELECT COALESCE(SUM(quantity_available), 0) FROM wp_ml_medicine_batches WHERE medicine_id = 2 AND b.status = 'active' AND (b.expiry_date IS NULL OR b.expiry_date >= CURDATE()) made by ML_Medicine_Repository::total_available
[27-Sep-2026 19:51:59 UTC] WordPress database error Unknown column 'b.status' in 'where clause' for query SELECT COALESCE(SUM(quantity_available), 0) FROM wp_ml_medicine_batches WHERE medicine_id = 2 AND b.status = 'active' AND (b.expiry_date IS NULL OR b.expiry_date >= CURDATE()) made by ML_Inventory_Service::adjust, ML_Stock_Movement_Repository::record, ML_Medicine_Repository::get, ML_Medicine_Repository::decorate, ML_Medicine_Repository::total_available
[27-Sep-2026 19:51:59 UTC] WordPress database error Unknown column 'b.status' in 'where clause' for query SELECT COALESCE(SUM(quantity_available), 0) FROM wp_ml_medicine_batches WHERE medicine_id = 2 AND b.status = 'active' AND (b.expiry_date IS NULL OR b.expiry_date >= CURDATE()) made by ML_Inventory_Service::stockcard, ML_Medicine_Repository::get, ML_Medicine_Repository::decorate, ML_Medicine_Repository::total_available
[27-Sep-2026 19:51:59 UTC] WordPress database error Unknown column 'object_id' in 'where clause' for query DELETE FROM wp_ml_audit_logs WHERE object_id = 2 AND object_type IN ( 'medicine', 'medicine_batch' )
[27-Sep-2026 19:52:14 UTC] WordPress database error Unknown column 'object_id' in 'where clause' for query DELETE FROM wp_ml_audit_logs WHERE object_id = 3 AND object_type IN ( 'medicine', 'medicine_batch' )
[27-Sep-2026 19:52:52 UTC] PHP Warning:  Object of class WP_Error could not be converted to int in C:\xampp\htdocs\malumere\wp-includes\load.php on line 1469
[27-Sep-2026 19:52:52 UTC] PHP Warning:  Object of class WP_Error could not be converted to int in C:\xampp\htdocs\malumere\wp-includes\load.php on line 1469
[27-Sep-2026 19:52:52 UTC] PHP Warning:  Object of class WP_Error could not be converted to int in C:\xampp\htdocs\malumere\wp-includes\load.php on line 1469
[27-Sep-2026 19:52:52 UTC] PHP Warning:  Object of class WP_Error could not be converted to int in C:\xampp\htdocs\malumere\wp-includes\load.php on line 1469
[27-Sep-2026 19:52:52 UTC] PHP Warning:  Object of class WP_Error could not be converted to int in C:\xampp\htdocs\malumere\wp-includes\load.php on line 1469
[27-Sep-2026 19:52:52 UTC] PHP Warning:  Object of class WP_Error could not be converted to int in C:\xampp\htdocs\malumere\wp-includes\load.php on line 1469
[27-Sep-2026 19:52:52 UTC] PHP Warning:  Object of class WP_Error could not be converted to int in C:\xampp\htdocs\malumere\wp-includes\load.php on line 1469
[27-Sep-2026 19:52:52 UTC] PHP Warning:  Object of class WP_Error could not be converted to int in C:\xampp\htdocs\malumere\wp-includes\load.php on line 1469
[27-Sep-2026 19:52:52 UTC] PHP Warning:  Object of class WP_Error could not be converted to int in C:\xampp\htdocs\malumere\wp-includes\load.php on line 1469
[27-Sep-2026 19:52:52 UTC] PHP Notice:  Function wpdb::prepare was called <strong>incorrectly</strong>. Unsupported value type (object). Please see <a href="https://developer.wordpress.org/advanced-administration/debug/debug-wordpress/">Debugging in WordPress</a> for more information. (This message was added in version 4.8.2.) in C:\xampp\htdocs\malumere\wp-includes\functions.php on line 6260
[27-Sep-2026 19:52:52 UTC] PHP Notice:  Function wpdb::prepare was called <strong>incorrectly</strong>. Unsupported value type (object). Please see <a href="https://developer.wordpress.org/advanced-administration/debug/debug-wordpress/">Debugging in WordPress</a> for more information. (This message was added in version 4.8.2.) in C:\xampp\htdocs\malumere\wp-includes\functions.php on line 6260
[27-Sep-2026 19:52:52 UTC] WordPress database error Unknown column 'object_id' in 'where clause' for query DELETE FROM wp_ml_audit_logs WHERE object_id = 4
[27-Sep-2026 19:52:52 UTC] PHP Fatal error:  Uncaught Error: Object of class WP_Error could not be converted to string in C:\Users\Jay\AppData\Local\Temp\opencode\ml-rx-test.php:172
Stack trace:
#0 {main}
  thrown in C:\Users\Jay\AppData\Local\Temp\opencode\ml-rx-test.php on line 172
[27-Sep-2026 19:53:05 UTC] WordPress database error Unknown column 'object_id' in 'where clause' for query DELETE FROM wp_ml_audit_logs WHERE object_id = 5
[27-Sep-2026 19:53:43 UTC] WordPress database error Unknown column 'object_id' in 'where clause' for query DELETE FROM wp_ml_audit_logs WHERE object_id = 6
[27-Sep-2026 20:35:50 UTC] Automatic updates starting...
[27-Sep-2026 20:35:52 UTC]   Automatic plugin updates starting...
[27-Sep-2026 20:35:52 UTC]   Automatic plugin updates complete.
[27-Sep-2026 20:35:52 UTC] Automatic updates complete.
[27-Sep-2026 21:58:25 UTC] PHP Fatal error:  Uncaught Error: Call to undefined method ML_Database::install() in C:\Users\Jay\AppData\Local\Temp\opencode\smoke_render.php:16
Stack trace:
#0 {main}
  thrown in C:\Users\Jay\AppData\Local\Temp\opencode\smoke_render.php on line 16
[28-Sep-2026 07:56:39 UTC] PHP Fatal error:  Uncaught TypeError: Illegal offset type in isset or empty in C:\xampp\htdocs\malumere\wp-content\plugins\ma-lumiere-clinic-manager\includes\class-sample-data.php:583
Stack trace:
#0 C:\Users\Jay\AppData\Local\Temp\opencode\test_sample.php(89): ML_Sample_Data::remove()
#1 {main}
  thrown in C:\xampp\htdocs\malumere\wp-content\plugins\ma-lumiere-clinic-manager\includes\class-sample-data.php on line 583
[28-Sep-2026 07:58:17 UTC] WordPress database error You have an error in your SQL syntax; check the manual that corresponds to your MariaDB server version for the right syntax to use near '%d,%d,%d,%d,%d,%d,%d,%d,%d,%d)' at line 1 for query SELECT id FROM wp_ml_visits WHERE patient_id IN (%d,%d,%d,%d,%d,%d,%d,%d,%d,%d)
[28-Sep-2026 07:58:17 UTC] WordPress database error You have an error in your SQL syntax; check the manual that corresponds to your MariaDB server version for the right syntax to use near '%d,%d,%d,%d,%d,%d,%d,%d,%d,%d)' at line 1 for query SELECT id FROM wp_ml_prescriptions WHERE patient_id IN (%d,%d,%d,%d,%d,%d,%d,%d,%d,%d)
[28-Sep-2026 07:58:17 UTC] WordPress database error You have an error in your SQL syntax; check the manual that corresponds to your MariaDB server version for the right syntax to use near '%d,%d,%d,%d,%d,%d,%d,%d,%d,%d)' at line 1 for query SELECT id FROM wp_ml_invoices WHERE patient_id IN (%d,%d,%d,%d,%d,%d,%d,%d,%d,%d)
[28-Sep-2026 07:58:17 UTC] WordPress database error You have an error in your SQL syntax; check the manual that corresponds to your MariaDB server version for the right syntax to use near '%d,%d,%d,%d,%d,%d,%d,%d,%d,%d)' at line 1 for query DELETE FROM wp_ml_followups WHERE patient_id IN (%d,%d,%d,%d,%d,%d,%d,%d,%d,%d) made by {closure}
[28-Sep-2026 07:58:17 UTC] WordPress database error You have an error in your SQL syntax; check the manual that corresponds to your MariaDB server version for the right syntax to use near '%d,%d,%d,%d,%d,%d,%d,%d,%d,%d)' at line 1 for query DELETE FROM wp_ml_treatment_sessions WHERE patient_id IN (%d,%d,%d,%d,%d,%d,%d,%d,%d,%d) made by {closure}
[28-Sep-2026 07:58:17 UTC] WordPress database error You have an error in your SQL syntax; check the manual that corresponds to your MariaDB server version for the right syntax to use near '%d,%d,%d,%d,%d,%d,%d,%d,%d,%d)' at line 1 for query DELETE FROM wp_ml_patient_photos WHERE patient_id IN (%d,%d,%d,%d,%d,%d,%d,%d,%d,%d) made by {closure}
[28-Sep-2026 07:58:17 UTC] WordPress database error You have an error in your SQL syntax; check the manual that corresponds to your MariaDB server version for the right syntax to use near '%d,%d,%d,%d,%d,%d,%d,%d,%d,%d)' at line 1 for query DELETE FROM wp_ml_visits WHERE patient_id IN (%d,%d,%d,%d,%d,%d,%d,%d,%d,%d) made by {closure}
[28-Sep-2026 07:58:17 UTC] WordPress database error You have an error in your SQL syntax; check the manual that corresponds to your MariaDB server version for the right syntax to use near '%d,%d,%d,%d,%d,%d,%d,%d,%d,%d)' at line 1 for query DELETE FROM wp_ml_appointments WHERE patient_id IN (%d,%d,%d,%d,%d,%d,%d,%d,%d,%d) made by {closure}
[28-Sep-2026 07:58:17 UTC] WordPress database error You have an error in your SQL syntax; check the manual that corresponds to your MariaDB server version for the right syntax to use near '%d,%d,%d,%d,%d,%d,%d,%d)' at line 1 for query DELETE FROM wp_ml_stock_movements WHERE medicine_id IN (%d,%d,%d,%d,%d,%d,%d,%d) made by {closure}
[28-Sep-2026 07:58:17 UTC] WordPress database error You have an error in your SQL syntax; check the manual that corresponds to your MariaDB server version for the right syntax to use near '%d,%d,%d,%d,%d,%d,%d,%d)' at line 1 for query DELETE FROM wp_ml_medicine_batches WHERE medicine_id IN (%d,%d,%d,%d,%d,%d,%d,%d) made by {closure}
[28-Sep-2026 07:58:17 UTC] WordPress database error You have an error in your SQL syntax; check the manual that corresponds to your MariaDB server version for the right syntax to use near '%d,%d,%d,%d,%d,%d,%d,%d)' at line 1 for query DELETE FROM wp_ml_medicines WHERE id IN (%d,%d,%d,%d,%d,%d,%d,%d) made by {closure}
[28-Sep-2026 07:58:17 UTC] WordPress database error You have an error in your SQL syntax; check the manual that corresponds to your MariaDB server version for the right syntax to use near '%d,%d,%d,%d,%d,%d,%d,%d,%d,%d)' at line 1 for query DELETE FROM wp_ml_patients WHERE id IN (%d,%d,%d,%d,%d,%d,%d,%d,%d,%d) made by {closure}
[28-Sep-2026 07:58:17 UTC] WordPress database error You have an error in your SQL syntax; check the manual that corresponds to your MariaDB server version for the right syntax to use near '%d,%d,%d,%d,%d,%d,%d,%d,%d,%d,%d,%d,%d,%d,%d,%d,%d,%d) AND entity_type IN ('p...' at line 1 for query DELETE FROM wp_ml_audit_logs WHERE entity_id IN (%d,%d,%d,%d,%d,%d,%d,%d,%d,%d,%d,%d,%d,%d,%d,%d,%d,%d) AND entity_type IN ('patient','medicine','visit','prescription','invoice','payment','followup','treatment_session','appointment','sample_data') made by {closure}
[28-Sep-2026 08:01:09 UTC] WordPress database error Unknown column 'patient_code' in 'field list' for query SELECT id, patient_code, first_name, last_name, email FROM wp_ml_patients
[28-Sep-2026 08:01:09 UTC] WordPress database error Unknown column 'doctor_id' in 'field list' for query SELECT id, patient_id, doctor_id, appointment_date, appointment_time, status, reason FROM wp_ml_appointments ORDER BY id
[28-Sep-2026 08:01:09 UTC] WordPress database error Table 'malumere.appointments' doesn't exist for query SELECT COUNT(*) FROM appointments x LEFT JOIN wp_ml_patients p ON p.id = x.patient_id WHERE p.id IS NULL
[28-Sep-2026 08:01:09 UTC] WordPress database error Table 'malumere.visits' doesn't exist for query SELECT COUNT(*) FROM visits x LEFT JOIN wp_ml_patients p ON p.id = x.patient_id WHERE p.id IS NULL
[28-Sep-2026 08:01:09 UTC] WordPress database error Table 'malumere.prescriptions' doesn't exist for query SELECT COUNT(*) FROM prescriptions x LEFT JOIN wp_ml_patients p ON p.id = x.patient_id WHERE p.id IS NULL
[28-Sep-2026 08:01:09 UTC] WordPress database error Table 'malumere.followups' doesn't exist for query SELECT COUNT(*) FROM followups x LEFT JOIN wp_ml_patients p ON p.id = x.patient_id WHERE p.id IS NULL
[28-Sep-2026 08:01:09 UTC] WordPress database error Table 'malumere.treatment_sessions' doesn't exist for query SELECT COUNT(*) FROM treatment_sessions x LEFT JOIN wp_ml_patients p ON p.id = x.patient_id WHERE p.id IS NULL
[28-Sep-2026 08:01:09 UTC] WordPress database error Table 'malumere.invoices' doesn't exist for query SELECT COUNT(*) FROM invoices x LEFT JOIN wp_ml_patients p ON p.id = x.patient_id WHERE p.id IS NULL
[28-Sep-2026 08:01:09 UTC] WordPress database error Table 'malumere.patient_photos' doesn't exist for query SELECT COUNT(*) FROM patient_photos x LEFT JOIN wp_ml_patients p ON p.id = x.patient_id WHERE p.id IS NULL
[28-Sep-2026 08:02:48 UTC] WordPress database error Unknown column 'notes' in 'where clause' for query SELECT COUNT(*) FROM wp_ml_visits WHERE notes LIKE '%demo installer%'
[28-Sep-2026 08:03:36 UTC] WordPress database error Unknown column 'notes' in 'where clause' for query SELECT COUNT(*) FROM wp_ml_visits WHERE notes LIKE '%demo installer%'
[28-Sep-2026 08:04:59 UTC] WordPress database error Unknown column 'notes' in 'where clause' for query SELECT COUNT(*) FROM wp_ml_visits WHERE notes LIKE '%demo installer%' OR notes LIKE '%Sample%'
[28-Sep-2026 08:12:15 UTC] PHP Fatal error:  Uncaught Error: Undefined constant "ML_PLUGIN_DIR" in C:\Users\Jay\AppData\Local\Temp\opencode\test_render.php:26
Stack trace:
#0 C:\Users\Jay\AppData\Local\Temp\opencode\test_render.php(39): render(Array)
#1 {main}
  thrown in C:\Users\Jay\AppData\Local\Temp\opencode\test_render.php on line 26
[28-Sep-2026 08:35:12 UTC] Automatic updates starting...
[28-Sep-2026 08:35:14 UTC]   Automatic plugin updates starting...
[28-Sep-2026 08:35:14 UTC]   Automatic plugin updates complete.
[28-Sep-2026 08:35:15 UTC] Automatic updates complete.
[28-Sep-2026 09:15:47 UTC] PHP Parse error:  syntax error, unexpected token "if", expecting "function" or "const" in C:\xampp\htdocs\malumere\wp-content\plugins\ma-lumiere-clinic-manager\includes\class-sample-data.php on line 646
[28-Sep-2026 09:15:50 UTC] PHP Parse error:  syntax error, unexpected token "if", expecting "function" or "const" in C:\xampp\htdocs\malumere\wp-content\plugins\ma-lumiere-clinic-manager\includes\class-sample-data.php on line 646
[28-Sep-2026 09:16:44 UTC] WordPress database error Unknown column 'patient_code' in 'field list' for query SELECT id, patient_code, email FROM wp_ml_patients WHERE email NOT LIKE '%@sample-clinic.invalid' LIMIT 1
[28-Sep-2026 09:16:45 UTC] PHP Fatal error:  Uncaught Error: Call to undefined function wp_tempnam() in C:\xampp\htdocs\malumere\wp-content\plugins\ma-lumiere-clinic-manager\includes\class-sample-data.php:1471
Stack trace:
#0 C:\xampp\htdocs\malumere\wp-content\plugins\ma-lumiere-clinic-manager\includes\class-sample-data.php(715): ML_Sample_Data::seed_photo(383, 282, 0)
#1 C:\Users\Jay\AppData\Local\Temp\opencode\t_expand.php(62): ML_Sample_Data::install()
#2 {main}
  thrown in C:\xampp\htdocs\malumere\wp-content\plugins\ma-lumiere-clinic-manager\includes\class-sample-data.php on line 1471
[28-Sep-2026 09:16:50 UTC] WordPress database error Unknown column 'patient_code' in 'field list' for query SELECT id, patient_code, email FROM wp_ml_patients WHERE email NOT LIKE '%@sample-clinic.invalid' LIMIT 1
[28-Sep-2026 09:17:35 UTC] WordPress database error Unknown column 'patient_code' in 'field list' for query SELECT id, patient_code, email FROM wp_ml_patients
[28-Sep-2026 09:17:46 UTC] WordPress database error Unknown column 'patient_code' in 'field list' for query SELECT id, patient_code, email, first_name, last_name FROM wp_ml_patients
[28-Sep-2026 09:17:46 UTC] WordPress database error Unknown column 'patient_code' in 'field list' for query SELECT id, patient_code, email FROM wp_ml_patients
[28-Sep-2026 09:19:37 UTC] WordPress database error Unknown column 'patient_code' in 'field list' for query SELECT id, patient_code, email FROM wp_ml_patients WHERE email NOT LIKE '%@sample-clinic.invalid' LIMIT 1
[28-Sep-2026 09:19:39 UTC] PHP Warning:  Undefined array key "ids" in C:\Users\Jay\AppData\Local\Temp\opencode\t_expand.php on line 70
[28-Sep-2026 09:19:39 UTC] PHP Warning:  Trying to access array offset on value of type null in C:\Users\Jay\AppData\Local\Temp\opencode\t_expand.php on line 104
[28-Sep-2026 09:19:39 UTC] PHP Fatal error:  Uncaught TypeError: implode(): Argument #1 ($array) must be of type array, string given in C:\Users\Jay\AppData\Local\Temp\opencode\t_expand.php:104
Stack trace:
#0 C:\Users\Jay\AppData\Local\Temp\opencode\t_expand.php(104): implode(',', NULL)
#1 {main}
  thrown in C:\Users\Jay\AppData\Local\Temp\opencode\t_expand.php on line 104
[28-Sep-2026 09:19:54 UTC] WordPress database error Unknown column 'patient_code' in 'field list' for query SELECT id, patient_code, email FROM wp_ml_patients WHERE email NOT LIKE '%@sample-clinic.invalid' LIMIT 1
[28-Sep-2026 09:20:03 UTC] WordPress database error Unknown column 'patient_code' in 'field list' for query SELECT id, patient_code, email FROM wp_ml_patients WHERE email NOT LIKE '%@sample-clinic.invalid' LIMIT 1
[28-Sep-2026 09:20:06 UTC] PHP Warning:  Undefined array key "audit_logs" in C:\Users\Jay\AppData\Local\Temp\opencode\t_expand.php on line 286
[28-Sep-2026 09:20:23 UTC] WordPress database error Unknown column 'patient_code' in 'field list' for query SELECT id, patient_code, email FROM wp_ml_patients WHERE email NOT LIKE '%@sample-clinic.invalid' LIMIT 1
[28-Sep-2026 09:21:13 UTC] WordPress database error Unknown column 'patient_code' in 'field list' for query SELECT id, patient_code, email FROM wp_ml_patients WHERE email NOT LIKE '%@sample-clinic.invalid' LIMIT 1
[28-Sep-2026 09:21:34 UTC] WordPress database error Unknown column 'patient_code' in 'field list' for query SELECT id, patient_code, email FROM wp_ml_patients WHERE email NOT LIKE '%@sample-clinic.invalid' LIMIT 1
[28-Sep-2026 09:23:24 UTC] PHP Warning:  Undefined variable $search in C:\xampp\htdocs\malumere\wp-content\plugins\ma-lumiere-clinic-manager\admin\views\patients.php on line 31
[28-Sep-2026 09:23:24 UTC] PHP Warning:  Undefined variable $status in C:\xampp\htdocs\malumere\wp-content\plugins\ma-lumiere-clinic-manager\admin\views\patients.php on line 39
[28-Sep-2026 09:23:24 UTC] PHP Warning:  Undefined variable $status in C:\xampp\htdocs\malumere\wp-content\plugins\ma-lumiere-clinic-manager\admin\views\patients.php on line 39
[28-Sep-2026 09:23:24 UTC] PHP Warning:  Undefined variable $search in C:\xampp\htdocs\malumere\wp-content\plugins\ma-lumiere-clinic-manager\admin\views\patients.php on line 47
[28-Sep-2026 09:23:24 UTC] PHP Warning:  Undefined variable $search in C:\xampp\htdocs\malumere\wp-content\plugins\ma-lumiere-clinic-manager\admin\views\patients.php on line 55
[28-Sep-2026 09:23:24 UTC] PHP Fatal error:  Uncaught Error: Call to undefined method TypeError::get_message() in C:\Users\Jay\AppData\Local\Temp\opencode\t_views.php:66
Stack trace:
#0 {main}
  thrown in C:\Users\Jay\AppData\Local\Temp\opencode\t_views.php on line 66
[28-Sep-2026 09:24:18 UTC] WordPress database error Unknown column 'appointment_time' in 'field list' for query SELECT id, appointment_date, appointment_time, status FROM wp_ml_appointments WHERE id IN (224,225,226,227,228,229,230,231,232,233) ORDER BY appointment_date
[28-Sep-2026 09:45:52 UTC] PHP Warning:  Undefined array key "medicines" in C:\xampp\htdocs\malumere\wp-content\plugins\ma-lumiere-clinic-manager\admin\views\inventory.php on line 51
[28-Sep-2026 09:45:52 UTC] PHP Warning:  Undefined array key "units_on_hand" in C:\xampp\htdocs\malumere\wp-content\plugins\ma-lumiere-clinic-manager\admin\views\inventory.php on line 55
[28-Sep-2026 09:45:52 UTC] PHP Warning:  Undefined array key "stock_value" in C:\xampp\htdocs\malumere\wp-content\plugins\ma-lumiere-clinic-manager\admin\views\inventory.php on line 59
[28-Sep-2026 09:45:52 UTC] PHP Warning:  Undefined array key "dispensed" in C:\xampp\htdocs\malumere\wp-content\plugins\ma-lumiere-clinic-manager\admin\views\inventory.php on line 63
[28-Sep-2026 09:45:52 UTC] PHP Warning:  Undefined array key "quantity_available" in C:\xampp\htdocs\malumere\wp-content\plugins\ma-lumiere-clinic-manager\admin\views\inventory.php on line 621
[28-Sep-2026 09:45:52 UTC] PHP Warning:  Undefined array key "quantity_available" in C:\xampp\htdocs\malumere\wp-content\plugins\ma-lumiere-clinic-manager\admin\views\inventory.php on line 621
[28-Sep-2026 09:45:52 UTC] PHP Warning:  Undefined array key "quantity_available" in C:\xampp\htdocs\malumere\wp-content\plugins\ma-lumiere-clinic-manager\admin\views\inventory.php on line 621
[28-Sep-2026 09:45:52 UTC] PHP Warning:  Undefined array key "quantity_available" in C:\xampp\htdocs\malumere\wp-content\plugins\ma-lumiere-clinic-manager\admin\views\inventory.php on line 621
[28-Sep-2026 09:45:52 UTC] PHP Warning:  Undefined array key "quantity_available" in C:\xampp\htdocs\malumere\wp-content\plugins\ma-lumiere-clinic-manager\admin\views\inventory.php on line 621
[28-Sep-2026 20:55:44 UTC] PHP Warning:  mysqli_real_connect(): (HY000/1045): Access denied for user 'a17590e4_root'@'localhost' (using password: YES) in C:\xampp\htdocs\malumere\wp-includes\class-wpdb.php on line 1990
[28-Sep-2026 21:01:53 UTC] Automatic updates starting...
[28-Sep-2026 21:01:54 UTC]   Automatic plugin updates starting...
[28-Sep-2026 21:01:54 UTC]   Automatic plugin updates complete.
[28-Sep-2026 21:01:55 UTC] Automatic updates complete.
[29-Sep-2026 19:36:39 UTC] PHP Warning:  mysqli_real_connect(): (HY000/1045): Access denied for user 'a17590e4_root'@'localhost' (using password: YES) in C:\xampp\htdocs\malumere\wp-includes\class-wpdb.php on line 1990
[29-Sep-2026 19:36:39 UTC] PHP Warning:  mysqli_real_connect(): (HY000/1045): Access denied for user 'a17590e4_root'@'localhost' (using password: YES) in C:\xampp\htdocs\malumere\wp-includes\class-wpdb.php on line 1990
[29-Sep-2026 19:36:42 UTC] PHP Warning:  mysqli_real_connect(): (HY000/1045): Access denied for user 'a17590e4_root'@'localhost' (using password: YES) in C:\xampp\htdocs\malumere\wp-includes\class-wpdb.php on line 1990
[29-Sep-2026 19:37:02 UTC] Automatic updates starting...
[29-Sep-2026 19:37:03 UTC]   Automatic plugin updates starting...
[29-Sep-2026 19:37:03 UTC]   Automatic plugin updates complete.
[29-Sep-2026 19:37:03 UTC] Automatic updates complete.
